product_url,rank_category,discount_pct,title,price_usd,best_seller_rank,units_sold_recently,has_discount,is_best_seller
https://us.shein.com/Customized-Personalized-Heart-Shaped-Lace-Name-Necklace-Perfect-For-Mother-s-Day-Valentine-s-Day-Birthday-Anniversary-Graduation-Christmas-Family-And-High-End-Gift-For-Friends-And-Classmates-p-32334912.html?src_identifier=fc%3DJewelry%20%26%20Accessories%60sc%3DJewelry%20%26%20Accessories%60tc%3D0%60oc%3D0%60ps%3Dtab11navbar11%60jc%3DitemPicking_017291431&src_module=topcat&src_tab_page_id=page_select_class1718918252315&mallCode=1&pageListType=2,Customized Fashion Word Necklaces,0,"Customized Personalized Heart-Shaped Lace Name Necklace - Perfect For Mother's Day, Valentine's Day, Birthday, Anniversary, Graduation, Christmas, Family And High-End Gift For Friends And Classmates",6.4,3,,False,True
https://us.shein.com/24pcs-Set-Simple-Heart-Butterfly-Flower-Rhinestone-Faux-Pearl-Stud-Earring-Set-For-Women-As-A-Gift-For-Dating-Vacation-p-28046124.html?src_identifier=fc%3DJewelry%20%26%20Accessories%60sc%3DJewelry%20%26%20Accessories%60tc%3D0%60oc%3D0%60ps%3Dtab11navbar11%60jc%3DitemPicking_017291431&src_module=topcat&src_tab_page_id=page_select_class1718918252315&mallCode=1&pageListType=2,Not ranked,0,"24pcs/Set Simple Heart, Butterfly, Flower, Rhinestone & Faux Pearl Stud Earring Set For Women As A Gift For Dating/Vacation",2.1,,7200.0,False,False
https://us.shein.com/A-Multi-Functional-Electronic-Watch-With-1-44-Touch-Screen-Designed-For-Female-Students-With-Its-Pink-Silicone-Strap-Equipped-With-Various-Sports-Modes-Camera-Control-Social-Software-Message-Reminders-Suitable-For-Gifting-Sports-And-School-Scenarios-p-32324547.html?src_identifier=fc%3DJewelry%20%26%20Accessories%60sc%3DJewelry%20%26%20Accessories%60tc%3D0%60oc%3D0%60ps%3Dtab11navbar11%60jc%3DitemPicking_017291431&src_module=topcat&src_tab_page_id=page_select_class1718918252315&mallCode=1&pageListType=2,Women Digital Watches,10,"A Multi-Functional Electronic Watch With 1.44"""" Touch Screen, Designed For Female Students With Its Pink Silicone Strap, Equipped With Various Sports Modes, Camera Control, Social Software Message Reminders, Suitable For Gifting, Sports, And School Scenarios.",8.2,7,,True,True
https://us.shein.com/91pcs-Set-Fashionable-Elegant-Vintage-Multi-Element-Metal-Jewelry-Set-Including-Necklace-Earrings-Ring-And-Bracelet-With-Heart-Butterfly-Star-Geometric-Faux-Pearl-Bead-Flower-And-Leaf-Design-Perfect-For-Holidays-Parties-Dates-And-Daily-Wear-Without-Box-p-34391405.html?src_identifier=fc%3DJewelry%20%26%20Accessories%60sc%3DJewelry%20%26%20Accessories%60tc%3D0%60oc%3D0%60ps%3Dtab11navbar11%60jc%3DitemPicking_017291431&src_module=topcat&src_tab_page_id=page_select_class1718918252315&mallCode=1&pageListType=2,Women Jewelry Sets,0,"91pcs/Set Fashionable Elegant Vintage Multi-Element Metal Jewelry Set Including Necklace, Earrings, Ring And Bracelet With Heart, Butterfly, Star, Geometric, Faux Pearl, Bead, Flower And Leaf Design Perfect For Holidays, Parties, Dates And Daily Wear (Without Box)",1.5,9,,False,True
https://us.shein.com/Multi-pack-Random-Mix-color-Popular-Bohemian-Rainbow-Acrylic-Beads-Chain-Body-Jewelry-Belly-Chain-For-Women-Gift-p-23727638.html?src_identifier=fc%3DJewelry%20%26%20Accessories%60sc%3DJewelry%20%26%20Accessories%60tc%3D0%60oc%3D0%60ps%3Dtab11navbar11%60jc%3DitemPicking_017291431&src_module=topcat&src_tab_page_id=page_select_class1718918252315&mallCode=1&pageListType=2,Not ranked,0,"Multi-pack Random Mix-color Popular Bohemian Rainbow Acrylic Beads Chain Body Jewelry Belly Chain For Women, Gift",1.1,,7400.0,False,False
https://us.shein.com/4pcs-Flower-Hair-Claw-Clips-4PCS-For-Thick-Hair-Strong-Hold-Nonslip-Hawaiian-Cute-Large-Hair-Clips-Banana-Clip-For-Thin-Hair-Hair-Accessories-For-Women-Girls-Holiday-Gifts-p-35836559.html?src_identifier=fc%3DJewelry%20%26%20Accessories%60sc%3DJewelry%20%26%20Accessories%60tc%3D0%60oc%3D0%60ps%3Dtab11navbar11%60jc%3DitemPicking_017291431&src_module=topcat&src_tab_page_id=page_select_class1718918252315&mallCode=1&pageListType=2,Women Hair Accessories,9,"4pcs Flower Hair Claw Clips-4PCS For Thick Hair,Strong Hold Nonslip,Hawaiian,Cute Large Hair Clips,Banana Clip For Thin Hair,Hair Accessories For Women Girls Holiday Gifts",3.0,10,,True,True
https://us.shein.com/Rhinestone-Decor-Heart-Key-Charm-Bracelet-p-14471399.html?src_identifier=fc%3DJewelry%20%26%20Accessories%60sc%3DJewelry%20%26%20Accessories%60tc%3D0%60oc%3D0%60ps%3Dtab11navbar11%60jc%3DitemPicking_017291431&src_module=topcat&src_tab_page_id=page_select_class1718918252315&mallCode=1&pageListType=2,Women Chain Bracelets,0,Rhinestone Decor Heart & Key Charm Bracelet,2.7,3,,False,True
https://us.shein.com/1PC-Bubble-Letter-Necklace-Balloon-Initial-Necklaces-for-Women-Delicate-Alphabet-Pendant-Inflated-Name-Personalised-Jewellery-Gift-p-26002997.html?src_identifier=fc%3DJewelry%20%26%20Accessories%60sc%3DJewelry%20%26%20Accessories%60tc%3D0%60oc%3D0%60ps%3Dtab11navbar11%60jc%3DitemPicking_017291431&src_module=topcat&src_tab_page_id=page_select_class1718918252315&mallCode=1&pageListType=2,Women Pendant Necklaces,0,1PC Bubble Letter Necklace Balloon Initial Necklaces for Women Delicate Alphabet Pendant Inflated Name Personalised Jewellery Gift,2.8,1,,False,True
https://us.shein.com/1pair-Large-Frame-Woman-Multicolor-Star-Y2K-UV-Protection-Ladies-Sunglasses-Sporty-Sun-Shades-Fashion-Glasses-Fashion-Eyewear-With-Bohemian-Style-Suitable-For-Parties-And-Trips-Summer-Beach-Accessories-p-25318566.html?src_identifier=fc%3DJewelry%20%26%20Accessories%60sc%3DJewelry%20%26%20Accessories%60tc%3D0%60oc%3D0%60ps%3Dtab11navbar11%60jc%3DitemPicking_017291431&src_module=topcat&src_tab_page_id=page_select_class1718918252315&mallCode=1&pageListType=2,Boho Women Fashion Glasses,8,"1pair Large Frame Woman Multicolor Star Y2K UV Protection Ladies Sunglasses, Sporty Sun Shades Fashion Glasses,Fashion Eyewear With Bohemian Style,Suitable For Parties And Trips Summer,Beach Accessories",3.4,9,,True,True
https://us.shein.com/1pair-Exaggerated-European-American-Style-Metal-Flower-Stud-Earrings-For-Women-s-Daily-Wear-p-23840232.html?src_identifier=fc%3DJewelry%20%26%20Accessories%60sc%3DJewelry%20%26%20Accessories%60tc%3D0%60oc%3D0%60ps%3Dtab11navbar11%60jc%3DitemPicking_017291431&src_module=topcat&src_tab_page_id=page_select_class1718918252315&mallCode=1&pageListType=2,Women Stud Earrings,0,1pair Exaggerated European & American Style Metal Flower Stud Earrings For Women's Daily Wear,1.4,1,,False,True
https://us.shein.com/1-4pcs-Large-Square-Lightweight-Plastic-Hair-Claw-Clip-Black-White-Brown-Fashionable-Elegant-High-Quality-Suitable-For-Daily-Outdoor-Activities-Hair-Styling-Face-Washing-Make-Up-Clothing-Accessories-Headwear-Etc-p-26773228.html?src_identifier=fc%3DJewelry%20%26%20Accessories%60sc%3DJewelry%20%26%20Accessories%60tc%3D0%60oc%3D0%60ps%3Dtab11navbar11%60jc%3DitemPicking_017291431&src_module=topcat&src_tab_page_id=page_select_class1718918252315&mallCode=1&pageListType=2,Casual Hair Claws,8,"1-4pcs Large Square Lightweight Plastic Hair Claw Clip, Black/White/Brown, Fashionable, Elegant, High-Quality, Suitable For Daily Outdoor Activities, Hair Styling, Face Washing, Make-Up, Clothing Accessories, Headwear, Etc.",1.2,1,,True,True
https://us.shein.com/3pairs-Set-Fashionable-High-End-Earrings-Set-For-Women-UV-Resistant-Metallic-Earrings-C-Shaped-Hoop-Tear-Drop-Stud-Modified-Hoop-For-Daily-Casual-Wear-p-35860571.html?src_identifier=fc%3DJewelry%20%26%20Accessories%60sc%3DJewelry%20%26%20Accessories%60tc%3D0%60oc%3D0%60ps%3Dtab11navbar11%60jc%3DitemPicking_017291431&src_module=topcat&src_tab_page_id=page_select_class1718918252315&mallCode=1&pageListType=2,Not ranked,0,"3pairs/Set, Fashionable High-End Earrings Set For Women, UV-Resistant Metallic Earrings - C-Shaped Hoop, Tear Drop Stud, Modified Hoop For Daily Casual Wear",1.9,,500.0,False,False
https://us.shein.com/European-And-American-Cross-Border-Jewelry-Fashionable-Design-Pearl-And-Tassel-Earrings-Ear-Cuffs-Ear-Drops-Sweet-And-Cool-Elegant-Metal-Beaded-Earrings-For-Women-p-33627846.html?src_identifier=fc%3DJewelry%20%26%20Accessories%60sc%3DJewelry%20%26%20Accessories%60tc%3D0%60oc%3D0%60ps%3Dtab11navbar11%60jc%3DitemPicking_017291431&src_module=topcat&src_tab_page_id=page_select_class1718918252315&mallCode=1&pageListType=2,Not ranked,0,"European And American Cross-Border Jewelry, Fashionable Design, Pearl And Tassel Earrings, Ear Cuffs, Ear Drops, Sweet And Cool Elegant, Metal Beaded Earrings For Women.",1.1,,600.0,False,False
https://us.shein.com/4200pcs-Clay-Beads-1pc-Bead-Spinner-Kit-Electric-Bead-Rotator-For-Jewelry-Making-Includes-42-Colors-Of-Clay-Beads-And-Jewelry-Charms-Packed-In-A-Gift-Box-For-Making-Waist-Bracelet-Or-Necklace-p-35521960.html?src_identifier=fc%3DJewelry%20%26%20Accessories%60sc%3DJewelry%20%26%20Accessories%60tc%3D0%60oc%3D0%60ps%3Dtab11navbar11%60jc%3DitemPicking_017291431&src_module=topcat&src_tab_page_id=page_select_class1718918252315&mallCode=1&pageListType=2,DIY Kits,0,"4200pcs Clay Beads & 1pc Bead Spinner Kit, Electric Bead Rotator For Jewelry Making, Includes 42 Colors Of Clay Beads And Jewelry Charms, Packed In A Gift Box For Making Waist, Bracelet Or Necklace",2.9,4,,False,True
https://us.shein.com/1pc-925-Sterling-Silver-Needle-Cubic-Zirconia-Stud-Earring-New-Trend-Fashion-Jewelry-For-Women-p-33920757.html?src_identifier=fc%3DJewelry%20%26%20Accessories%60sc%3DJewelry%20%26%20Accessories%60tc%3D0%60oc%3D0%60ps%3Dtab11navbar11%60jc%3DitemPicking_017291431&src_module=topcat&src_tab_page_id=page_select_class1718918252315&mallCode=1&pageListType=2,Wedding Fashion Jewelry,11,"1pc 925 Sterling Silver Needle Cubic Zirconia Stud Earring, New Trend Fashion Jewelry For Women",1.7,7,,True,True
https://us.shein.com/Customized-Name-Men-Women-Necklace-Fashionable-Personalized-Simple-Cursive-Alphabet-Font-Stainless-Steel-Five-Pointed-Star-Choker-Necklace-Birthday-Jewelry-Family-Holiday-Gift-For-Mother-On-Mother-Day-p-32746989.html?src_identifier=fc%3DJewelry%20%26%20Accessories%60sc%3DJewelry%20%26%20Accessories%60tc%3D0%60oc%3D0%60ps%3Dtab11navbar11%60jc%3DitemPicking_017291431&src_module=topcat&src_tab_page_id=page_select_class1718918252315&mallCode=1&pageListType=2,Customized Fashion Word Necklaces,0,"Customized Name Men Women Necklace, Fashionable Personalized Simple Cursive Alphabet Font Stainless Steel Five-Pointed Star Choker Necklace, Birthday Jewelry Family Holiday Gift For Mother On Mother Day",3.9,1,,False,True
https://us.shein.com/1-Roll-Of-About-40-Meters-0-06cm-No-73-Nylon-Jade-Wire-Braided-Rope-And-Bead-Rope-Suitable-For-Diy-Bracelets-And-Necklaces-Braided-Jewelry-Jewelry-Production-p-28609749.html?src_identifier=fc%3DJewelry%20%26%20Accessories%60sc%3DJewelry%20%26%20Accessories%60tc%3D0%60oc%3D0%60ps%3Dtab11navbar11%60jc%3DitemPicking_017291431&src_module=topcat&src_tab_page_id=page_select_class1718918252315&mallCode=1&pageListType=2,Not ranked,18,1 Roll Of About 40 Meters 0.06cm No. 73 Nylon Jade Wire Braided Rope And Bead Rope Suitable For Diy Bracelets And Necklaces Braided Jewelry Jewelry Production,1.32,,200.0,True,False
https://us.shein.com/48-12-Pieces-Faux-Pearl-Multi-Layered-Wide-Twist-Earrings-Set-Party-Date-Gift-Suitable-For-Daily-Wear-p-27595779.html?src_identifier=fc%3DJewelry%20%26%20Accessories%60sc%3DJewelry%20%26%20Accessories%60tc%3D0%60oc%3D0%60ps%3Dtab11navbar11%60jc%3DitemPicking_017291431&src_module=topcat&src_tab_page_id=page_select_class1718918252315&mallCode=1&pageListType=2,Not ranked,1,48-12 Pieces Faux Pearl Multi-Layered Wide Twist Earrings Set Party Date Gift Suitable For Daily Wear,1.49,,10000.0,True,False
https://us.shein.com/1085PCS-Dark-Hair-Accessories-For-Woman-Set-Seamless-Ponytail-Holders-Variety-Hair-Scrunchies-HairBands-Scrunchy-Hair-Tie-p-36778931.html?src_identifier=fc%3DJewelry%20%26%20Accessories%60sc%3DJewelry%20%26%20Accessories%60tc%3D0%60oc%3D0%60ps%3Dtab11navbar11%60jc%3DitemPicking_017291431&src_module=topcat&src_tab_page_id=page_select_class1718918252315&mallCode=1&pageListType=2,Not ranked,50,1085PCS Dark Hair Accessories For Woman Set Seamless Ponytail Holders Variety Hair Scrunchies HairBands Scrunchy Hair Tie,3.15,,,True,False
https://us.shein.com/1pc-Women-s-Fashionable-Bowknot-Pendant-Necklace-p-31682621.html?src_identifier=fc%3DJewelry%20%26%20Accessories%60sc%3DJewelry%20%26%20Accessories%60tc%3D0%60oc%3D0%60ps%3Dtab11navbar11%60jc%3DitemPicking_017291431&src_module=topcat&src_tab_page_id=page_select_class1718918252315&mallCode=1&pageListType=2,Not ranked,79,1pc Women's Fashionable Bowknot Pendant Necklace,0.25,,1400.0,True,False
https://us.shein.com/1pc-Satin-Bonnet-Silk-Bonnet-Adjustable-Bonne-For-Sleeping-Hair-Bonnet-With-Tie-Band-Bonnets-For-Women-Men-Silk-Bonnet-Satin-Bonnet-Bow-p-31063171.html?src_identifier=fc%3DJewelry%20%26%20Accessories%60sc%3DJewelry%20%26%20Accessories%60tc%3D0%60oc%3D0%60ps%3Dtab11navbar11%60jc%3DitemPicking_017291431&src_module=topcat&src_tab_page_id=page_select_class1718918252315&mallCode=1&pageListType=2,Not ranked,10,1pc Satin Bonnet Silk Bonnet Adjustable Bonne For Sleeping Hair Bonnet With Tie Band Bonnets For Women Men Silk Bonnet Satin Bonnet Bow,2.17,,10000.0,True,False
https://us.shein.com/2pcs-Transparent-Plain-Glasses-Female-With-Big-Frame-Blue-Light-Blocking-Glasses-Light-Weight-p-35545517.html?src_identifier=fc%3DJewelry%20%26%20Accessories%60sc%3DJewelry%20%26%20Accessories%60tc%3D0%60oc%3D0%60ps%3Dtab11navbar11%60jc%3DitemPicking_017291431&src_module=topcat&src_tab_page_id=page_select_class1718918252315&mallCode=1&pageListType=2,Not ranked,5,"2pcs Transparent Plain Glasses Female With Big Frame, Blue Light Blocking Glasses, Light Weight",1.9,,800.0,True,False
https://us.shein.com/5pcs-Women-s-Milk-Coffee-Colored-High-End-Light-Weight-Plastic-Hair-Claw-Fashionable-Versatile-Square-Shaped-One-Type-Large-Size-Hair-Clip-For-Daily-Wear-Outdoor-Activities-Bathing-And-Matching-Clothes-Casual-p-22740144.html?src_identifier=fc%3DJewelry%20%26%20Accessories%60sc%3DJewelry%20%26%20Accessories%60tc%3D0%60oc%3D0%60ps%3Dtab11navbar11%60jc%3DitemPicking_017291431&src_module=topcat&src_tab_page_id=page_select_class1718918252315&mallCode=1&pageListType=2,Not ranked,80,"5pcs Women's Milk Coffee Colored High-End Light-Weight Plastic Hair Claw,Fashionable & Versatile Square Shaped One-Type Large Size Hair Clip For Daily Wear, Outdoor Activities, Bathing And Matching Clothes Casual",0.86,,900.0,True,False
https://us.shein.com/3pcs-set-Vintage-English-Alphabet-Symbol-Star-Sign-Design-Constellation-Card-Pendant-Necklaces-p-14171706.html?src_identifier=fc%3DJewelry%20%26%20Accessories%60sc%3DJewelry%20%26%20Accessories%60tc%3D0%60oc%3D0%60ps%3Dtab11navbar11%60jc%3DitemPicking_017291431&src_module=topcat&src_tab_page_id=page_select_class1718918252315&mallCode=1&pageListType=2,Not ranked,22,3pcs/set Vintage English Alphabet & Symbol & Star Sign Design Constellation Card Pendant Necklaces,1.25,,1100.0,True,False
https://us.shein.com/1-Pc-Summer-Handheld-Fan-3-Speed-Silent-USB-Rechargeable-Portable-Mini-Electric-Fan-For-Indoor-And-Outdoor-Use-p-35642065.html?src_identifier=fc%3DJewelry%20%26%20Accessories%60sc%3DJewelry%20%26%20Accessories%60tc%3D0%60oc%3D0%60ps%3Dtab11navbar11%60jc%3DitemPicking_017291431&src_module=topcat&src_tab_page_id=page_select_class1718918252315&mallCode=1&pageListType=2,Not ranked,6,1 Pc Summer Handheld Fan 3-Speed Silent USB Rechargeable Portable Mini Electric Fan For Indoor And Outdoor Use,3.3,,100.0,True,False
https://us.shein.com/2pcs-Combination-Multilayered-Vacation-Style-Foot-Chain-Simple-Fashion-Retro-Design-Decorative-Foot-Chain-Suitable-For-Women-s-Casual-Daily-Wear-p-35137807.html?src_identifier=fc%3DJewelry%20%26%20Accessories%60sc%3DJewelry%20%26%20Accessories%60tc%3D0%60oc%3D0%60ps%3Dtab11navbar11%60jc%3DitemPicking_017291431&src_module=topcat&src_tab_page_id=page_select_class1718918252315&mallCode=1&pageListType=2,Not ranked,20,"2pcs Combination Multilayered Vacation Style Foot Chain, Simple Fashion Retro Design Decorative Foot Chain Suitable For Women's Casual Daily Wear",0.96,,3000.0,True,False
https://us.shein.com/5-Meters-2-5mm-Flat-Faux-Suede-Braided-Cord-Velvet-Leather-Thread-String-Rope-For-DIY-Necklace-Jewelry-Making-Supplies-p-18993477.html?src_identifier=fc%3DJewelry%20%26%20Accessories%60sc%3DJewelry%20%26%20Accessories%60tc%3D0%60oc%3D0%60ps%3Dtab11navbar11%60jc%3DitemPicking_017291431&src_module=topcat&src_tab_page_id=page_select_class1718918252315&mallCode=1&pageListType=2,Not ranked,42,5 Meters 2.5mm Flat Faux Suede Braided Cord Velvet Leather Thread String Rope For DIY Necklace Jewelry Making Supplies,0.87,,10.0,True,False
https://us.shein.com/Fake-Nose-Ring-Hoop-Fake-Septum-Fake-Nose-Ring-Minimalist-And-Stylish-Style-Copper-Inlaid-Cubic-Zirconia-U-Shaped-Nose-Clip-No-Piercing-Nose-Ring-Nose-Clip-Nose-Stud-For-Women-Nose-Ring-Jewelry-For-Women-Men-p-35180904.html?src_identifier=fc%3DJewelry%20%26%20Accessories%60sc%3DJewelry%20%26%20Accessories%60tc%3D0%60oc%3D0%60ps%3Dtab11navbar11%60jc%3DitemPicking_017291431&src_module=topcat&src_tab_page_id=page_select_class1718918252315&mallCode=1&pageListType=2,Not ranked,0,"Fake Nose Ring Hoop Fake Septum Fake Nose Ring Minimalist And Stylish Style Copper Inlaid Cubic Zirconia U-Shaped Nose Clip, No Piercing Nose Ring Nose Clip Nose Stud For Women Nose Ring Jewelry For Women Men",1.6,,1000.0,False,False
https://us.shein.com/1pc-Zodiac-Sign-Symbol-Pendant-Necklace-Birthday-Gift-p-30893738.html?src_identifier=fc%3DJewelry%20%26%20Accessories%60sc%3DJewelry%20%26%20Accessories%60tc%3D0%60oc%3D0%60ps%3Dtab11navbar11%60jc%3DitemPicking_017291431&src_module=topcat&src_tab_page_id=page_select_class1718918252315&mallCode=1&pageListType=2,Men Pendant Necklaces,26,"1pc Zodiac Sign Symbol Pendant Necklace, Birthday Gift",0.96,8,,True,True
https://us.shein.com/1pair-American-Independence-Day-Flag-Five-Pointed-Star-Printed-Acrylic-Five-Pointed-Star-Earrings-p-27922446.html?src_identifier=fc%3DJewelry%20%26%20Accessories%60sc%3DJewelry%20%26%20Accessories%60tc%3D0%60oc%3D0%60ps%3Dtab11navbar11%60jc%3DitemPicking_017291431&src_module=topcat&src_tab_page_id=page_select_class1718918252315&mallCode=1&pageListType=2,Not ranked,7,1pair American Independence Day Flag & Five-Pointed Star Printed Acrylic Five-Pointed Star Earrings,1.3,,5100.0,True,False
https://us.shein.com/3pcs-Jewelry-Making-Pliers-Set-Needle-Nose-Chain-Nose-Round-Nose-Wire-Cutter-Perfect-for-Jewelry-Repair-Wire-Wrapping-Crafts-p-20471384.html?src_identifier=fc%3DJewelry%20%26%20Accessories%60sc%3DJewelry%20%26%20Accessories%60tc%3D0%60oc%3D0%60ps%3Dtab11navbar11%60jc%3DitemPicking_017291431&src_module=topcat&src_tab_page_id=page_select_class1718918252315&mallCode=1&pageListType=2,Tool Kits,35,"3pcs Jewelry Making Pliers Set - Needle Nose, Chain Nose, Round Nose & Wire Cutter - Perfect for Jewelry Repair, Wire Wrapping & Crafts",3.93,1,,True,True
https://us.shein.com/Glasses-Display-Stand-Sunglasses-Storage-Box-Transparent-Eyeglasses-Rack-Organizer-Sun-Glasses-Showcase-Prop-Pink-p-35793852.html?src_identifier=fc%3DJewelry%20%26%20Accessories%60sc%3DJewelry%20%26%20Accessories%60tc%3D0%60oc%3D0%60ps%3Dtab11navbar11%60jc%3DitemPicking_017291431&src_module=topcat&src_tab_page_id=page_select_class1718918252315&mallCode=1&pageListType=2,Not ranked,7,"Glasses Display Stand Sunglasses Storage Box Transparent Eyeglasses Rack Organizer Sun Glasses Showcase Prop, Pink",6.5,,10.0,True,False
https://us.shein.com/1pc-Luxury-Full-Rhinestone-Heart-Anklet-With-Thick-Chain-p-35047601.html?src_identifier=fc%3DJewelry%20%26%20Accessories%60sc%3DJewelry%20%26%20Accessories%60tc%3D0%60oc%3D0%60ps%3Dtab11navbar11%60jc%3DitemPicking_017291431&src_module=topcat&src_tab_page_id=page_select_class1718918252315&mallCode=1&pageListType=2,Not ranked,0,1pc Luxury Full Rhinestone Heart Anklet With Thick Chain,2.8,,1200.0,False,False
https://us.shein.com/1pc-Silver-Creative-Design-Infinity-Symbol-Necklae-Collarbone-Chain-For-Women-p-27146884.html?src_identifier=fc%3DJewelry%20%26%20Accessories%60sc%3DJewelry%20%26%20Accessories%60tc%3D0%60oc%3D0%60ps%3Dtab11navbar11%60jc%3DitemPicking_017291431&src_module=topcat&src_tab_page_id=page_select_class1718918252315&mallCode=1&pageListType=2,Not ranked,0,"1pc Silver Creative Design Infinity Symbol Necklae, Collarbone Chain For Women",1.2,,900.0,False,False
https://us.shein.com/1pc-Money-Magnet-Bracelet-Career-And-Wealth-Attraction-Bracelet-With-Green-Dongling-Stone-Yellow-Tiger-Eye-Stone-And-8mm-Round-Crystal-Beads-p-35116834.html?src_identifier=fc%3DJewelry%20%26%20Accessories%60sc%3DJewelry%20%26%20Accessories%60tc%3D0%60oc%3D0%60ps%3Dtab11navbar11%60jc%3DitemPicking_017291431&src_module=topcat&src_tab_page_id=page_select_class1718918252315&mallCode=1&pageListType=2,Not ranked,6,"1pc Money Magnet Bracelet - Career And Wealth Attraction Bracelet, With Green Dongling Stone, Yellow Tiger Eye Stone, And 8mm Round Crystal Beads",1.5,,300.0,True,False
https://us.shein.com/Glossy-Minimalist-Water-Drop-Design-Hoop-Earrings-Copper-Jewelry-Vintage-Elegant-Style-For-Women-Daily-Wear-p-34205171.html?src_identifier=fc%3DJewelry%20%26%20Accessories%60sc%3DJewelry%20%26%20Accessories%60tc%3D0%60oc%3D0%60ps%3Dtab11navbar11%60jc%3DitemPicking_017291431&src_module=topcat&src_tab_page_id=page_select_class1718918252315&mallCode=1&pageListType=2,Not ranked,42,Glossy Minimalist Water Drop Design Hoop Earrings Copper Jewelry Vintage Elegant Style For Women Daily Wear,0.87,,200.0,True,False
https://us.shein.com/1pc-Copper-Material-Jump-Ring-Opener-Ring-Tools-For-Jewelry-Making-DIY-Craft-Circle-Bead-Pliers-Opening-Tools-p-27195703.html?src_identifier=fc%3DJewelry%20%26%20Accessories%60sc%3DJewelry%20%26%20Accessories%60tc%3D0%60oc%3D0%60ps%3Dtab11navbar11%60jc%3DitemPicking_017291431&src_module=topcat&src_tab_page_id=page_select_class1718918252315&mallCode=1&pageListType=2,Not ranked,46,1pc Copper Material Jump Ring Opener Ring Tools For Jewelry Making DIY Craft Circle Bead Pliers Opening Tools,0.76,,30.0,True,False
https://us.shein.com/Stainless-Steel-Bangle-Bracelet-With-Swan-Pendant-Full-Diamond-Heart-Shaped-Many-Stars-Rhinestone-Decor-Best-Gift-For-Couples-Suitable-For-Daily-Wear-And-Dating-p-31235620.html?src_identifier=fc%3DJewelry%20%26%20Accessories%60sc%3DJewelry%20%26%20Accessories%60tc%3D0%60oc%3D0%60ps%3Dtab11navbar11%60jc%3DitemPicking_017291431&src_module=topcat&src_tab_page_id=page_select_class1718918252315&mallCode=1&pageListType=2,Not ranked,49,"Stainless Steel Bangle Bracelet With Swan Pendant & Full Diamond Heart Shaped & Many Stars Rhinestone Decor, Best Gift For Couples, Suitable For Daily Wear And Dating",1.12,,2500.0,True,False
https://us.shein.com/1pc-Luxury-Shiny-Silver-Alloy-Ring-With-Cubic-Zirconia-Decoration-Suitable-For-Women-s-Daily-Wear-Or-Engagement-Ring-p-35687269.html?src_identifier=fc%3DJewelry%20%26%20Accessories%60sc%3DJewelry%20%26%20Accessories%60tc%3D0%60oc%3D0%60ps%3Dtab11navbar11%60jc%3DitemPicking_017291431&src_module=topcat&src_tab_page_id=page_select_class1718918252315&mallCode=1&pageListType=2,Not ranked,0,"1pc Luxury Shiny Silver Alloy Ring With Cubic Zirconia Decoration, Suitable For Women's Daily Wear Or Engagement Ring",1.6,,100.0,False,False
,Not ranked,38,1pc Bohemian Stainless Steel Chain Colorful Starfish Pendant Women's Necklace Gift For Friends,0.87,,3100.0,True,False
,Jewelry Findings & Components,62,1box Earring Back Plug,0.69,2,,True,True
,Not ranked,20,1 Pair Gorgeous Cubic Zirconia Stud Earrings For Women For Wedding Engagement Anniversary Party Jewelry Valentine's Day Gift,1.44,,5000.0,True,False
,Women Waist Accessories,6,"3pcs/Set Women's Fashionable Clothing Buckle Ring With Silk Scarf Holder For Tightening Shirt Hem Or T-Shirt Knot, Perfect To Show Waistline",1.6,5,,True,True
,Not ranked,3,4pcs Leaf Charm Beaded Bracelet,2.33,,10000.0,True,False
,Not ranked,0,"1 Pair Of Fashionable And Cute Cartoon Mouse Earrings, Fashionable Animal Rhinestone Decorative Earrings, Small And Exquisite Earrings, Suitable For Festivals And Parties To Wear",1.4,,500.0,False,False
,Women Hoop Earrings,0,1pair Fashionable Ladies' Twist Mobius Loop Design Simple Earrings,2.5,5,,False,True
,Not ranked,26,50pcs/pack Silver Lobster Clasp Hook Connectors For DIY Jewelry Making Necklace Bracelet Chain Accessories,0.96,,70.0,True,False
,Not ranked,30,"4pcs/set Fashionable Bohemian Style Glass Beaded Bracelet Set, Suitable For Women's Daily Wear",1.9,,1900.0,True,False
,Not ranked,51,Elegant Promise Ring Women Bowknot Cubic Silver Plated Zirconia Ring Wedding Engagement Gift Jewelry,0.93,,2100.0,True,False
,Women Bracelets,0,20pcs Bohemian Style Glass Beaded Stackable White Bracelets For Women,2.2,4,,False,True
,Not ranked,22,1pc Multi-layer Foldable Hanging Eyeglasses Storage Box,5.46,,700.0,True,False
,Bag Accessories,14,"1PC Portable Mini Transparent Zipper Storage Bag, Compact Multifunctional Organizer, Headphone And Charger Case With Keychain, Transparent Travel Accessories, Exquisite And Compact, Suitable For Storing Small Items, Data Cable Storage Bag, Bracelet Bag, Makeup Bag,Flower Alphabet A To Z Pattern Sunflower Daisy(Zipper Style And Color Are Random,Random Style And Size Of Circular Rings)",2.5,5,,True,True
,Women Ring Sets,20,10pcs/set Fashionable Geometric Resin Round Shaped Large Rings For Women's Party Accessories,1.52,8,,True,True
,Not ranked,58,"1box Clay Beads Kit For Friendship Couple Bracelet Making Kit Flat Round Polymer Clay Shell Faux Pearl Beads Ocean Style For Jewelry Making, For Birthday Valentines Gift For Girls Suitable For Beginners",3.03,,100.0,True,False
,Not ranked,0,1pair Bohemian Zinc Alloy Bead Decor Water Drop Earrings For Women For Daily Decoration,1.6,,10000.0,False,False
,Men Beaded Bracelets,49,Evil Eye Bracelet Hamsa Hand Pendant Bracelet Elastic Beaded Bracelet,0.66,4,,True,True
,Not ranked,22,"1pc Stainless Steel Cross English Scripture Twisted Mesh Bracelet For Men, Adjustable Length",2.34,,,True,False
,Not ranked,8,"200pcs Headband For Girls, Black Solid Color Elastic Hairband For Daily Use, Simple And Durable, Thick Ponytail Headband, Simple And Elegant Style, High Elasticity And Seamless Hair Accessories",1.1,,1100.0,True,False
,Not ranked,10,"1PC Portable Mini Transparent Zipper Storage Bag, Bag Accessiores Compact Multifunctional Organizer, Headphone And Charger Case With Keychain, Transparent Travel Accessories, Available In Black And White Colors, Exquisite And Compact, Suitable For Storing Small Items, Data Cable Storage Bag, Bracelet Bag, Makeup Bag",1.9,,50.0,True,False
,Not ranked,0,Disc Layered Necklace,1.4,,2000.0,False,False
,Women Dangle Earrings,0,Color Block Geometric Drop Earrings,1.5,10,,False,True
,Not ranked,35,"4pcs Watering Can Comb Set Styling Comb Set,3 Pcs Slick Back Hair Brush Set With 1 Pc Edge Brush 1 Pc Hair Brush 1 Pc Rat Tail Comb, Teasing Brush For Smoothing Baby Hair",3.47,,600.0,True,False
,Not ranked,20,5pcs Bohemian Vacation Travel Commemorative Bracelet,1.68,,800.0,True,False
,Not ranked,0,1pc Geometric Rhinestone Earrings Copper Jewelry,1.5,,3200.0,False,False
,Not ranked,0,"Personalized Stainless Steel Name Necklace Custom Tag Pendant Necklaces For Women And Men, Jewelry Gift",4.9,,300.0,False,False
,Not ranked,5,"3pcs/Set Fashionable Soft Ceramic Rice Beads Faux Pearl & Heart Charm Anklet Set(Random Color), Suitable For Women's Daily Wear",1.52,,6800.0,True,False
,Not ranked,40,"1pc Fashionable Cartoon Italian Pendant Charm Stainless Steel Detachable Module Bracelet For Men, Women, Girls, Anime Jewelry",1.62,,100.0,True,False
,Gender Neutral Accessories,14,"1pc Best-Selling Mini Pocket Fan Portable Battery Quiet Small Fresh Handheld Small Fan(The Battery Type Does Not Include The No.7 Battery, So The No.7 Battery Should Be Self-Equipped.)",2.66,6,,True,True
,Accessories Storage,51,"1pc multifunctional wooden hanger for underwear, belts, ties and vest storage, drying, hanging and organizing wardrobes, student dormitories and homes",2.17,7,,True,True
,Women Foot Jewelry,0,SHEIN SXY 2pcs Rhinestone Decor Anklet,2.4,6,,False,True
,Women Glasses & Eyewear Accessories,9,1pc Unisex Tortoise Shell Color Square Frame Double Bridge Pilot Style Fashion Sunglasses For Vacation Boho Shades Beach Accessories,3.2,2,,True,True
,Not ranked,0,1pair Popular & Simple U-Shaped Rhinestone Earrings,1.3,,400.0,False,False
,Customized Fashion Word Necklaces,0,"Personalized Name Necklace With Figaro Chain, Unique Customized Name Necklace Gift For Grandmother, Mother's Day Gift, Christmas Gift",6.2,8,,False,True
,Not ranked,0,Boho Shell Decor Necklace For Men Women For Holiday,1.3,,1300.0,False,False
,Not ranked,0,"5pcs/Set Lucky Four Leaf Clover Design Bracelet, Necklace, Earrings, Bangle And Ring",4.5,,10000.0,False,False
,Not ranked,11,"White Miniature Jewelry Box, Jewelry Travel Case, Portable Jewelry Organizer For Earrings, Necklaces, Wedding Accessories, Travel Storage",2.76,,9600.0,True,False
,Not ranked,11,"1pc Crystal Tower Drinking Water Bottle, Energy, Amethyst, Transparent Quartz, Water Cup, Healing Crystal, Festival Gift, Go Out To Carry Storage Drinking Water",13.96,,100.0,True,False
,Women Ring Sets,20,"28pcs/set Fashionable Ring Set With Heart Shaped Design, Geometric Style And Bohemian Element Accent",2.0,1,,True,True
,Not ranked,0,"1pair Bohemian Style Wooden Leaf, Pink And Green Beaded Stud Earrings, Fashion Women's Jewelry Gift",1.5,,400.0,False,False
,Jewelry Making Thread & Cord,47,"1pc Transparent Elastic Thread Beading Cord 0.4-1.0mm, 100m Long, For Diy Bracelet, Necklace And Jewelry Making",0.69,5,,True,True
,Pink Hair Styling Tools,57,1pc Cleaning Brush for Hair Combs - Plastic Handle for Easy Removal of Dirt and Dust - Embedded Beauty Tool for Cleaning and Maintenance,0.65,2,,True,True
,Not ranked,0,Stainless Steel Bead Ball Pendan Sea Theme Beach Gifts For Women Men Girls Boys Necklace,1.6,,5400.0,False,False
,Not ranked,20,Star & Bead Decor Bracelet,1.68,,2500.0,True,False
,Women Watch Sets,0,"2pcs/Set Women's Rose Gold Stainless Steel Rhinestone Decorated Butterfly & Round Shaped Dial Quartz Watch And Alloy Bracelet, Suitable For Daily Wear Holiday",3.5,1,,False,True
,Not ranked,0,1pair Disney Minnie And Mickey Mouse Stud Earrings,2.0,,10.0,False,False
,Not ranked,0,7Pcs/Set Gold Bangle Bracelets Set For Girls - Multi Layer Stackable Textured Bracelets Boho Jewelrys For Women.,2.1,,200.0,False,False
,Not ranked,30,"1pc Devil's Eye Natural Stone Beaded Bracelet, Bring Good Luck, Money, Health - Unisex, Made Of Tiger Eye Stone, - Perfect New Year Gift",1.46,,200.0,True,False
,Kids Fashion Glasses,9,Girls Rhinestone Decor Square Frame Fashion Glasses,2.9,10,,True,True
,Hair Accessory Sets,62,1set Towel & Terry Cloth & Linen Twisted Headband Spa Face Wash Makeup Hair Band Set,1.15,7,,True,True
,Not ranked,0,1pc Bohemian Turtle & Starfish Decor Beaded Layered Anklet For Women For Summer Beach Travel,2.1,,7400.0,False,False
,Not ranked,0,Rhinestone Decor Hoop Earrings,1.6,,10000.0,False,False
,Not ranked,8,"1pc Ladies' Blue Mirrored Reflective Punk Metal Aviator Frame Sunglasses, Perfect For Daily Travel & Streetwear Fashion",3.4,,10.0,True,False
,Not ranked,34,Safety Pin Design Stud Earrings,1.05,,600.0,True,False
,Not ranked,0,5pcs/Set Fashionable Simple & Elegant Pearl & Heart Beaded Bracelet For Women,2.1,,1100.0,False,False
,Not ranked,0,1pc Glamorous Copper Rhinestone Heart Charm Bangle For Women For Daily Life,2.9,,8800.0,False,False
,Not ranked,55,1pair Tassel & Pearl Decor Stud Earrings Elegant,0.85,,400.0,True,False
,Not ranked,23,1 Pack Approximately 100Pcs Multi Color Pink Purple White Assorted Shaped Nail Charms Acrylic Multi Shapes White Heart Flower Bowknot Bear Design Resin Charms For Nail Art Manicure,1.46,,50.0,True,False
,Not ranked,0,"2pcs/Set Upper And Lower Fake Teeth, 4th Generation Perfect Smiling Veneers, Punk Men's Halloween Vampire Costume",1.5,,100.0,False,False
,Not ranked,10,"Pink Trendy Travel Jewelry Box, Personalized Gifts Birthday Gifts For Women Christmas Gifts For Teens Girls Initial Travel Jewelry Case Without Mirror A-Z",2.79,,1000.0,True,False
,Not ranked,0,2pcs Fashionable Minimalist Geometric Waterdrop Shaped Earrings,1.7,,2400.0,False,False
,Not ranked,0,"19pcs/Set Fashionable Exquisite Retro Vacation Theme Jewelry Set With Rice Pearls, Butterfly Heart Pendant, Rhinestone, Tassel, Link Chain, Snake Bone Chain, Airplane Chain, Metal Anklet. Perfect For Seaside Vacation, Beach Parties, Festivals, And Dating. Also Great As Gifts For Daily Wear.",1.3,,600.0,False,False
,Not ranked,20,"4pcs/set Luxury Square Shape Rhinestone Inlaid Necklace, Earrings, Ring Set, Suitable For Party & Formal Dress Accessory",1.68,,3700.0,True,False
,Not ranked,22,1pc European And American Fashionable Simple Style Chain With ABS Pearl Pendant Women Necklace For Festival Gift And Daily Wear,1.25,,800.0,True,False
,Not ranked,7,"3pcs Women's Pink Purple Green Gradient Color Flower Shaped Lightweight Plastic Hair Clips, Fashionable And Versatile, With An Elegant And Minimalist Design, Suitable For Daily Wear, Parties, Work, Vacation, And Hair Styling Such As Tieing Up, Braiding, And Putting On Makeup, To Match Clothing And Other Accessories.",2.7,,300.0,True,False
,Not ranked,0,Medium-Sized Exaggerated Drop-Shaped Earrings With New Design Concept For Women To Wear Daily And Dress Up.,1.5,,6200.0,False,False
,Not ranked,19,"10 Pieces, Kraft Paper Cake Box (6''X3.5''X3.5'') Portable Birthday Gift Box Empty Box Party Versatile Blank Box Gift Box",5.96,,100.0,True,False
,Not ranked,0,6pcs Elastic rope beaded women's bracelet,3.1,,7700.0,False,False
,Not ranked,0,1pair New Fashion Creative Pineapple Stud Earrings For Women's Summer Beach Accessories,1.5,,3900.0,False,False
,Not ranked,20,"1200PCS 48 CompartmentsGlass Beads for Jewelry Making, 24 Colors 8mm Crystal Beads Bracelets Making Kit, 2 Box Round Beads Suitable for Beginners",13.44,,900.0,True,False
,Not ranked,0,5pcs Gold Bracelets For Women Stretch Beaded Bracelets Stackable Plated Bead Ball Bracelet For Women Trendy Gift,2.3,,200.0,False,False
,Not ranked,0,"1pc Fashionable Vintage Multi-Layered Turquoise Conch Starfish Faux Pearl Turtle Beaded Anklet For Men And Women, Summer Beach Holiday Accessories",1.4,,200.0,False,False
,Not ranked,20,Round Drop Earrings,0.96,,4600.0,True,False
,Not ranked,11,3pairs Fashionable Stainless Steel Women's Large Personality Style Jewelry,3.3,,10000.0,True,False
,Not ranked,45,Slogan Graphic Drop Earrings,0.77,,10000.0,True,False
,Not ranked,0,Minimalist Round Design Stud Earrings,1.0,,100.0,False,False
,Not ranked,41,1pc Handmade Green Aventurine Tree Ornament Exquisite Dongling Jade Jewelry Amorphous Natural Stone Wealth Tree For Home Decoration For Random Size,3.39,,,True,False
,Not ranked,0,"European And American Stylish Geometric Waterdrop Crossover Vintage Ring And Bracelet Set For Women, Simple And Trendy Jewelry",3.0,,1200.0,False,False
,Not ranked,8,"1-11pcs Fashionable Classic Matte Hair Claw Clip - Trendy Flower And Butterfly Styles - Durable Hair Clip Suitable For Chic Ponytails And Updos - Perfect Hair Accessory For Women And Girls, Ideal For Music Festivals, Parties, Gift Sets, Holiday Gifts And Decorations. These Decorative Hair Clips Are A Subtle Highlight For Any Hairstyle!",1.1,,300.0,True,False
,Beads,33,20pcs/set 13 MM Sunflower Acrylic Beads Matter Mix Color Spacer Acrylic Beads For Making Bracelet Earrings,0.87,1,,True,True
,Not ranked,0,Acrylic Rectangle Drop Earrings,1.5,,1100.0,False,False
,Not ranked,20,"3pcs/set Simple Gold-tone Circular Pendant Tassel Beaded Anklet For Women, Suitable For Daily Wear And Vacation",1.6,,10000.0,True,False
,Not ranked,42,Faux Pearl Butterfly Decor Stud Earrings,0.87,,1400.0,True,False
,Not ranked,0,15 Pcs Random Preppy Heishi Bracelets Set Friendship Bracelets Bulk Adjustable Stretch Beaded Bracelets Colorful Clay Bracelets Bohemian Aesthetic Jewelry For Women Girls Christmas Birthday Party,5.3,,900.0,False,False
,Not ranked,10,"1pc Summer Mini Handheld Quiet Small Fan With Lanyard, Portable Battery Small Fresh Fan (This Product Does Not Have Batteries, You Need To Come With 2 No. 7 Batteries)",2.8,,30.0,True,False
,Not ranked,0,2pcs/set Fashionable Flower Decor Jewelry Set For Women For Gift,2.5,,5100.0,False,False
,Fine Pendant Necklaces,0,"1pc S925 Sterling Silver Love Heart Pendant With Diamond Inlay, Fashionable All-match Ladies' High-end Wedding Jewelry Necklace",8.1,1,,False,True
,Not ranked,0,Stone Drop Earrings Vintage Hook White Stone Oval Decor Drop Earrings,1.5,,3000.0,False,False
,Not ranked,80,1pair Exquisite Rhinestone Decor Luxury Stud Earrings,0.24,,600.0,True,False
,Women Scarves & Scarf Accessories,6,"1pc 85 Square Scarf Moonlit Silk Chain Geometric Print Bandana Headwrap Bandana,Hair Band,Head Band Ideal For Dressing Up Your Look",2.9,4,,True,True
,Not ranked,0,"5pcs Exquisite Gold-Plated Women's Fashion Bracelets, Minimalist And Cute Jewelry Design That Can Be Stacked",2.1,,700.0,False,False
,Men Beaded Bracelets,0,"1pc Lucky Bracelet For Both Men And Women, Vintage Synthetic Red Agate Bracelet For Family And Friends, Niche Red Beaded Bracelet As Gift For Boyfriend, Girlfriend And Best Friend",2.0,5,,False,True
,Not ranked,61,Glow In The Dark Beaded Mittens Anklet,0.66,,2500.0,True,False
,Not ranked,0,Shell Decor Bracelet,1.2,,1600.0,False,False
,Not ranked,0,1 Card 12pcs Non-Piercing Gold Magnetic Lip Studs & Earrings With Small Size Ear Bone Studs In Solid Color,1.9,,1100.0,False,False
,Not ranked,0,4pcs/set Heart Charm Beaded Bracelet,2.4,,6700.0,False,False
,Not ranked,0,"2pcs/Set Silicone Dental Veneers, Upper & Lower Teeth Braces, Beauty Teeth Whitening, Comfortable Fit Mouthguard",1.5,,200.0,False,False
,Women Jewelry Sets,0,"4pcs/set Minimalist & Fashionable Five Petals Flower Copper Necklace, Earrings, Bracelet Set For Date And Birthday Gift",2.9,5,,False,True
,Not ranked,72,6pcs/Set Women's Spiral Hair Ties Elastic Hair Bands Rubber Hair Ties For Ponytail Sweet Cute Cartoon Colorful Hair Accessories For Girls Daily Decorations Casual,0.53,,1300.0,True,False
,Not ranked,42,1pc Constellation Graphic Braided Bracelet,0.76,,400.0,True,False
,Hair Accessory Sets,36,"Dark Hair Accessories Set,Hair Scrunchies For Women, Soft Elastic Hair Ties, Ponytail Holder,Rubber",4.02,5,,True,True
,Not ranked,5,"2pcs/Set Black And White Portable Mini Clear Zipper Key Pouch Keychain, Compact Multi-Function Storage Bag, Earphone And Charger Case With Keychain, Transparent Travel Accessory",1.9,,30.0,True,False
,Not ranked,0,"3pcs/Set Chic European And American Style Braided Steel Wire Bangle, Personality Roman Numerals Stainless Steel Women Bracelet Set",6.5,,7300.0,False,False
,Not ranked,20,1pc Fashion Trend Simple Elegant Lady Style Golden 26 Letters Large Letter Pendant Necklace,1.44,,2300.0,True,False
,Not ranked,0,5pairs French Sweet & High-End & Personalized & Fashionable & Vintage & Luxurious & Faux Pearl & Cracked Ice Pattern & Windmill & Flower & Flame Design Exquisite Earrings Set,3.5,,2600.0,False,False
,Not ranked,0,Random Color Beaded Ball Drop Earrings,1.4,,4100.0,False,False
,Not ranked,0,French Vintage Style Purple Faux Pearl Bracelet For Women's Party Jewelry,1.7,,2400.0,False,False
,Not ranked,0,1 Pc Dainty Faux Pearl Bead Chain Necklace Choker Necklace For Women Daily Wear,1.5,,1100.0,False,False
,Not ranked,7,"1pc High-Pressure Spray Bottle For Hairdressing And Makeup, Moisturizing, Refillable, Fine Mist Sprayer For Gardening And Watering Plants",2.5,,10000.0,True,False
,Not ranked,6,"2pcs/Package Orange Acetate Mermaid Color Iridescent Marbling Half Moon Hair Claw Clip Elegant Hair Accessories For Women's Party, Dance, And Tea Party Hairstyling Street",3.0,,600.0,True,False
,Not ranked,0,"10/20/30 Strands 6mm Colored Clay Beads, Mixed Color Flat Round Heishi Beads, Craft Kit For Girls, For Diy Jewelry Making Of Bracelets, Necklaces And Earrings",5.3,,300.0,False,False
,Women Beaded Bracelets,0,"2-4Pcs Golden/Silvery Beaded Bracelets For Women, Golden Plated Faux Pearl Bracelets Gold Stackable Stretch Bead Ball Bracelet Set Stackable Stretch Bead Ball Bracelet Set Bohemian Faux Pearl Golden Bracelet Stack Jewelry Gifts For Women Teen Girls",2.2,2,,False,True
,Hand Fans,20,"1pc Women's Mini Cute Handheld Fan, Usb Port With Data Cable, Two Tone Flower Decor And Stand, Large Wind Power, Lightweight For Outdoors / Indoors, Dating Gift",4.24,2,,True,True
,Not ranked,7,"1pc Women's Solid Color Wide Brim Baseball Cap, Sunscreen Comfort Horse Hat With Pony Tail Hole, Outdoor Wear Fashion Comfort Women's Summer Breathable Sun Hat, Outdoor Pony Tail Hat, Adjustable Sports Hat, Empty Top Design, Fashion Bucket Hat For Hiking Fashion Sun Hat, Adjustable Breastless Beach Hat, Breathable UV Protection Backless Horse Tail Hat, Outdoor Fashion Pointed Hat",2.5,,100.0,True,False
,Glasses Storage,57,"1Pc Portable Squeeze Eyeglasses Case - PU Leather Soft Sunglasses Bag Pouch, Pocket Mobile Phone Sunglasses Eyewear Organizer Holder",0.87,4,,True,True
,Not ranked,0,2pcs luxury exaggerated women's Cubic Zirconia pair ring set ring fashion women's ring personalized jewelry,2.9,,10000.0,False,False
,Not ranked,0,"1set Golden Geometric Irregular Hollow Out Square Bangle And Ring Combination, Simple And Versatile Women's Party Gift",2.1,,10000.0,False,False
,Accessories Storage,4,1pc Multifunctional Hanger Pants Hanger Scarf Storage Hanger,2.3,2,,True,True
,Not ranked,0,1pair Bohemian Style Beaded Flower Pattern Earrings,2.0,,4600.0,False,False
,Not ranked,0,Layered 1mm Satellite Chain Anklet Women Summer Foot Chain Bracelet Fashion Ankle Straps Jewelry,1.4,,10.0,False,False
,Women Mitten Bracelets,20,Butterfly Decor Mittens Bracelet,0.96,1,,True,True
,Not ranked,50,1pc Mini Faux Pearl Decor Cute Hair Claw Elegant,0.75,,90.0,True,False
,Not ranked,21,"1pc (random Color) Miniature Stainless Steel Toy Shopping Cart For Storage, Decoration, Diy Crafts, Dollhouse Accessory",2.69,,800.0,True,False
,Not ranked,46,Glow In The Dark Butterfly Decor Chain Bracelet,0.86,,100.0,True,False
,Not ranked,0,"9pcs Colorful Polymer Clay Smiling Face Bracelets Set, Bohemian Style Macaron Color Hand Strings For Parties & Music Festivals",4.1,,600.0,False,False
,Women Ring Sets,0,"(Set Of 3) Women Non-Fading Rings, Stylish Personalized Tarnish-Resistant Ring Set",2.7,2,,False,True
,Not ranked,8,Elegant Vintage Pillbox Hat Hair Clip Fascinator Hats For Women Cocktail Hat Tea Party Headwear Pillbox Fascinator,2.4,,100.0,True,False
,Not ranked,0,"5pcs Simple CCB Bead Elastic Anklet Set, Versatile Foot Jewelry Set",1.7,,700.0,False,False
,Not ranked,35,"1pc Natural Shell & Coconut Tree Pendant Clay Beaded Anklet, Beach Vacation Style, Suitable For Women's Daily Wear",0.97,,700.0,True,False
,Not ranked,0,"1pc European And American Style Fully Beaded Heart Chain Bracelet, Hip Hop Street Style, Gold For Women, Silver For Men And Couples",2.3,,10000.0,False,False
,Not ranked,10,1pair High-end & Unique Design Clover Shaped Stud Earrings For Women,1.26,,10000.0,True,False
,Not ranked,0,"1pc Stainless Steel 26 Letters Necklace For Women, Pendant Chain With Initial Letter Pendant, Jewelry Gift",1.3,,2900.0,False,False
,Not ranked,0,1Set 8Pcs Cubic Zirconia Surgical Steel Fake Ear Ring Studs Faux Non Pierced Ear Ring Ear Cuff For Women Men No Piercing Body Jewelry CZ Dia 4mm 5mm,2.6,,300.0,False,False
,Not ranked,42,Outer Space Planets Beads Bracelets Men Boy Loss Natural Stone Bangles Gifts For Brothers Anniversary Jewelry Earth Mars Venus Pluto Jupiter Saturn Moon Sun Uranus,1.16,,700.0,True,False
,Women's Reading Glasses,7,"1pc Fashionable Rimless Readers With Cheeky Blush Lenses And Rhinestone Trimming, Anti-Blue Light Glasses For Computer",3.8,2,,True,True
,Not ranked,0,"One Vintage & Glamorous Turquoise Ring, Unisex Fashion Jewelry, Perfect For Anniversary And Birthday Gifts, Parties And Events",1.6,,70.0,False,False
,Hat Storage,5,"Hat Rack Hat Holder Cap Rack Cap Holder Hat Organizer Hanger Hooks, Storage Holders Racks For Baseball Caps, Bathroom Storage Rack, Adhesive Hat Racks For Wall, No Drilling, Wall Mounted Hanging Hook For Hat Towel Clothes",2.0,2,,True,True
,Not ranked,0,"4pcs Fashionable Personalized Exquisite Gold-Color Leaf Jewelry Layered Rice Bead Bracelet Set, Ideal As Valentine's Day, Date, Or Travel Souvenir Gift For Women",2.7,,300.0,False,False
,Not ranked,0,"3pcs Simple Cross Pendant Beaded Necklace & Bracelet Jewelry Set For Women, Holiday Dating Gift Daily Accessory",1.4,,1700.0,False,False
,Not ranked,20,Cubic Zirconia Decor Bracelet,1.2,,1900.0,True,False
,Hand Fans,19,"1pc Unisex Portable Foldable 3-In-1 Multifunctional Solid Color Fan With USB Charge, 2000mAh Rechargeable Battery And Phone Holder Function. This Mini Handheld Fan Is Perfect For Daily Use, Outdoor Activities, Sports, Beach, Traveling, Pool Parties, Office, Study And Home Life In Summer.",5.91,10,,True,True
,Not ranked,0,5pcs/Set Fashion Random Color Resin Seed Beads SWIFTIE Letter Bracelet Set For Women Summer Daily Wear,3.5,,1800.0,False,False
,Not ranked,0,"5pcs Simple & Fashionable Personalized Exquisite Shiny Multi-Element Chain Combination Stacking Anklet Set For Women & Couples, Suitable For Holiday Gifts, Parties And Daily Wear",1.8,,1500.0,False,False
,Wedding Accessories Sets,7,European And American Fashion Claw Chain Dazzling Full Rhinestone Glass Drop Necklace Earrings Bracelet Bride Wedding Jewelry Dress Dinner Necklace Party,2.6,2,,True,True
,Not ranked,0,1pair Fashionable Bow Decor Hoop Earrings For Women For Daily Decoration,1.6,,10000.0,False,False
,Not ranked,0,Petal Decor Drop Earrings,1.7,,2300.0,False,False
,Not ranked,20,2pcs/set Fashionable Disc & Bead Decor Chain Necklace For Women For Daily Decoration Copper Jewelry,1.36,,5300.0,True,False
,Women Hoop Earrings,0,1pair European And American Style Metallic Personalized Circle Design Earrings,1.2,2,,False,True
,Not ranked,0,"1pair Multicolor Bohemian Style Summer Simple & Elegant Half Round Texture Earrings For Women, Perfect For A Dance Party, New Year, Thanksgiving Or Other Festive Occasions",1.8,,5300.0,False,False
,Not ranked,0,1 Pair Gorgeous Yellow Cubic Zirconia Drop Earrings For Women For Valentine's Day Gift,2.7,,1000.0,False,False
,Not ranked,0,1 Pair Romantic Rose Flower Cubic Decor Stud earrings for Women Wedding Dresses Dating Gift,2.2,,10000.0,False,False
,Not ranked,0,2pcs/set Fashionable Personality Iridescent Clear Color C Design Earrings,1.6,,4400.0,False,False
,Men Accessories,20,Men Solid Drawstring Decor Bucket Hat For Daily Life And Outdoor Casual,3.04,6,,True,True
,Not ranked,0,Rhinestone Geometric Drop Earrings,2.8,,2700.0,False,False
,Not ranked,0,"Upgraded Automatic Bead Spinner, Speed Adjustable DIY Beading Machine For Jewelry Making (With USB Plug And Cable), Includes Beading Needle, Crystal Lines, And Random Threader",2.8,,100.0,False,False
,Not ranked,0,Starfish Charm Beaded Bracelet,4.3,,3600.0,False,False
,Not ranked,20,1Pair Women Geometric Frame Boho Fashion Glasses For Summer Vacation Elegant Shades Beach Accessories,4.0,,2000.0,True,False
,Not ranked,73,"Wedding1pc Letters Adjustable Knuckle Ring A-Z Gift For Man & Boys Covering 26 Initials, Each Letter Carries Special Meaning For You Or Your Loved One. It's Perfect Gift To Make Unforgettable Moment And It's Adjustable 1pc Letters Adjustable Knuckle Ring.",0.32,,300.0,True,False
,Not ranked,20,1pc Fashion trend Elegant noble Luxury resort style Cubic Zirconia 26 letter stainless steel anklet,1.28,,10000.0,True,False
,Women Foot Jewelry,20,"1pc Handmade Beaded Chain With Gold Cross Charm Stainless Steel Anklet For Women, Suitable For Daily Wear And Beach",1.92,8,,True,True
,Not ranked,0,"Stainless Steel Hoop Earrings With Smooth Ccb Ball-Tipped For Women, Unique Design, High-End Fashion And Versatile",1.5,,4300.0,False,False
,Not ranked,0,1pc Cubic Zirconia Decor Ear Cuff Copper Jewelry,2.3,,2900.0,False,False
,Not ranked,0,5pcs/set Bohemian Hand Letter Starfish Beaded Decorative Bracelet Set For Women For Summer Vacation Travel Beach Party Accessories,3.0,,10000.0,False,False
,Not ranked,0,1pc Heart Pendant Necklace Copper Jewelry,1.6,,7700.0,False,False
,Glasses Storage,68,"Glasses Box And Pouch With Colorful Soft Fabric, Cute Drawstring Package, Easy To Carry And Store Eyeglasses And Sunglasses",0.48,5,,True,True
,Not ranked,0,"2pcs Apple Watch Band Apple Watch Strap Apple Watch Case Luxury Jewelry Crystal Rhinestone Pc Hard Apple Watch Case With Rose Gold Edge To Prevent Collision, Matched With Colorful And Comfortable Pink Sports Silicone Apple Watch Band, Compatible With Apple Smartwatch Series Ultra2, 1, Se, S9, 8, 7, 6, 5, 4, 3, 2, 1, Fashionable And Trendy For Girls Watch Smartwatch 38mm40mm41mm42mm44mm45mm49mm Wristband Apple Watch Case",4.2,,1100.0,False,False
,Beads,60,"106pcs 8mm (0.315in) Light Blue Glass Beads With Straight Hole, Diy Jewelry Making Accessories",0.99,6,,True,True
,Not ranked,54,"1pc Foldable Sunglasses Storage Box, Gift For Valentine's Day",3.12,,500.0,True,False
,Not ranked,20,1set Fashionable Simple Round Pendant Necklace & Earrings Set,2.08,,2400.0,True,False
,Not ranked,0,"1pair Geometric, Stylish, Elegant, Irregular Bowknot Earrings Suitable For Cross-Border Sales",1.3,,3400.0,False,False
,Women Jewelry Sets,20,4pcs/Set Faux Pearl Decor Jewelry Set,1.92,10,,True,True
,Not ranked,9,10pcs Popsicle & Fruit Decor Hair Clip Cute,2.1,,4700.0,True,False
,Not ranked,55,1pc Women's Cat Eye Shape Clear Glasses With Rhinestone Studded Frame,2.07,,2900.0,True,False
,Accessories DIY & Tools,8,"5pcs Stitch DIY Accessories Decorations,Reusable Straw Dust Cap For 10mm Straw",2.2,1,,True,True
,Not ranked,0,5pcs/set Fashionable Hand Decor Bracelet For Women For Daily Decoration,2.8,,1500.0,False,False
,Not ranked,0,5pcs/Set Exaggerated Wide Metal Open Ring Set For Women Party Music Festival Accessories,3.3,,3500.0,False,False
,Not ranked,0,"5pcs/Set Handmade Beaded Braided Bracelets, Including Starfish, Sea Shells, Blue Ocean Themed Beads, Clay Beads, Glass Beads, Letter & Bohemian Style, Suitable For Daily Wear, Beach Vacation, And As A Gift For Friends",2.7,,1700.0,False,False
,Women Stud Earrings,12,Flower Design Stud Earrings,1.23,10,,True,True
,Accessories Storage,64,"1pc 3 Slots Travel Glasses Case Sunglasses Storage Case Foldable Multiple Glasses Case Leather Portable Eyeglasses Case , For Women Men, Simple Foldable Glassed Storage Box, Travel Portable Organizer, Glasses Holder",2.44,9,,True,True
,Not ranked,0,1pc Retro Style Necklace With Stainless Steel Chain & Copper & Zirconia Decor Virgin Mary Pendant,1.7,,10000.0,False,False
,Not ranked,0,8pcs/set Minimalist Beaded Bracelet,1.9,,700.0,False,False
,Not ranked,4,"3pcs Fashionable Beaded Geometric Letter & USA Star Pendant Set, Irregular Shape With Rice Shaped Beads, Good Friends Bracelet For Women's Party, Independence Day",1.73,,1800.0,True,False
,Not ranked,32,Hollow Out Geo Drop Earrings,1.15,,500.0,True,False
,Not ranked,0,Cubic Zirconia Heart Design Stud Earrings,1.5,,1100.0,False,False
,Hand Fans,7,"1pc Portable USB Rechargeable Leafless Neck Hanging Fan With 5-Speed Settings & Digital Display, Powerful Technology & Long Battery Life, Silent Operation And Sleek Solid Color Design. Suitable For Outdoor Sports, Beach, Home, Office, Library, Kitchen, And Everyday Use.",9.9,4,,True,True
,Not ranked,0,Bohemian Style 9pcs Colorful Beaded Bracelet Set- Women's Summer Fashion- Stackable And Versatile Accessories,3.1,,200.0,False,False
,Not ranked,0,Rhinestone Flower Design Stud Earrings,2.0,,8000.0,False,False
,Not ranked,4,3pcs Faux Pearl Decor Hair Claw For Thick Hair White Hair Clips For Wedding Nonslip Jaw Clips Hair Styling Gift Hair Accessories For Women And Girls Elegant Bow,2.2,,800.0,True,False
,Not ranked,0,"7pcs/Set Pink Beach Vacation Style Elastic String Bracelets For Women, Featuring Shells, Starfish, And Rice Beads, Suitable For Daily Wear And Vacation Outfits",2.8,,400.0,False,False
,Not ranked,0,Rhinestone Bike Decor Drop Earrings,2.3,,700.0,False,False
,Hand Fans,8,"1pc Usb Rechargeable Three-Leaf Fan With Stand,Can Be Used As A Phone/Tablet Holder, Cute Design Suitable For Both Boys And Girls. Ideal Gift For Women, Perfect For Outdoor Activities, Beach, Office, School, Home [Summer Cooling Fan]",4.6,1,,True,True
,Not ranked,42,"2pcs Minimalist Polished Metallic Hoop Earrings, Irregular Geometric Design Golden Cold Style Goddess Earrings For Women",0.93,,400.0,True,False
,Not ranked,20,"292pcs/set Lovely Ocean Themed Artificial Turquoise Diy Accessories For Summer Beach Anklet, Bracelet, Earrings, Necklace, Phone Chain, Pendant, Beaded Jewelry, Party Gift, Jewelry Making Supplies",3.36,,1000.0,True,False
,Not ranked,0,"1pc Multi-Purpose Transparent Plastic Storage Box With 10/15/24/28 Fixed Compartments, 36 Adjustable Compartments And 28/56 Detachable Compartments, For Organizing Earrings, Rings, Jewelry, And Nail Art Accessories",1.6,,60.0,False,False
,Watch Accessories,1,"1pc Nylon Waterproof Watch Strap Storage Bag With A Capacity Of 10-15 Pieces, Compatible With Garmin, Apple, Samsung Watch Bands, Etc., An Ideal Choice For Travel And Gift Giving On Holidays.",3.06,1,,True,True
,Women Chain Bracelets,0,1pc Women's Stainless Steel Classic Heart Engraved Toggle Clasp Titanium Steel Chain Bracelet,1.7,6,,False,True
,Not ranked,0,"30pcs Plastic Faux Pearl Shell & Scallop Shaped Beads For Necklace, Bracelet Decoration, Wedding Diy Jewelry Accessories",1.3,,200.0,False,False
,Beads,0,100M Plastic Crystal DIY Beading Stretch Cords Elastic Line Jewelry Making Supply Wire String Jewelry Thread String,1.7,7,,False,True
,Not ranked,2,8pcs Bohemian Style Butterfly Joint Rings Set With Rhinestone Ornamentation,1.77,,600.0,True,False
,Not ranked,26,1pair Sweet Pink and Green Beads Handmade Hoop Earrings for Women Dating Engagement Jewelry Gift,1.41,,1600.0,True,False
,Not ranked,0,30pcs Lightning Design Random Color Pendant,1.8,,600.0,False,False
,Not ranked,10,Hat Clip For Traveling Hanging On Bag Handbag Backpack Luggage For Kids Adults Outdoor Travel Beach Accessories Bag Hook Beach Accessories,1.8,,600.0,True,False
,Not ranked,18,Faux Pearl Decor Earrings,1.07,,700.0,True,False
,Not ranked,0,2pcs Bead Tassel Drop Earrings,4.1,,3000.0,False,False
,Not ranked,20,200pcs 6mm Five-pointed Star Shape Plastic Spacer Beads Loose Ball Beads For Diy Bracelet Necklace Jewelry Crafts Making,1.12,,1100.0,True,False
,Not ranked,20,3pcs/set Simple Women's Stainless Steel 18k Gold Plated Letter Gifts Stud Earrings & Necklace Set,1.12,,4600.0,True,False
,Not ranked,20,Sun Charm Necklace,1.6,,4000.0,True,False
,Women Dangle Earrings,0,"1pair Stylish Long Fringe Earrings With Glitter For Women To Show Slim Figure And High-End Style, Avoiding Lost",1.5,6,,False,True
,Not ranked,0,17PCS Creative Pink Rice Bead Bracelet & Faux Pearl Scallop Shell Bracelet Set,2.7,,1600.0,False,False
,Not ranked,20,"4pcs Bohemian Handmade Glass Beaded Bracelet Set With Flower Bead & Butterfly Pendant For Women, Elastic",1.92,,3900.0,True,False
,Not ranked,29,Square Gemstone Decor Hoop Earrings,1.5,,500.0,True,False
,Eco Friendly Hair Claws,9,"4pcs Women's Square Black Brown Green Pink Lightweight Plastic Hair Claw Hair Clip, Fashionable And Versatile, Elegant And Elegant Hair Accessory Clip, Suitable For Daily Use When Going Out To Wash Your Face, Bathe, Tie Your Hair, Make Up, Match Clothes, Use Jewelry And Headgear Clip Casual",2.0,6,,True,True
,Not ranked,0,1pair Simple French Style Elegant Sweet Light Luxury Faux Pearl Front & Back Earrings,1.8,,1800.0,False,False
,Black Hair Styling Tools,30,"4pcs/Set No Heat Sponge Sleep Hair Curler For Big Wavy Hair, Slouchy Women Hair Styling Tool",1.95,6,,True,True
,Not ranked,76,Rhinestone Decor Butterfly Design Bag Charm Keychain Cute Keyring Bag Suitcase Accessory Bag Accessories Shoulder Bag Crossbody Bag Handle Bag Handbag Party Holiday Gift Birthday Valentine's Day Stylish Fashion Trendy For Teen Girls Women College Students Teacher Gift Accessories Decor BLACK FRIDAY Present Car Accessories Women Moth Key Chain Charms School Supplies Teacher Gifts Back To School Teacher Accessories,0.49,,3700.0,True,False
,Not ranked,7,5pcs/Set Fashionable Simple Design Hair Claws For Daily Use Casual,2.7,,6000.0,True,False
,Jewelry Boxes,0,"1pc Clear Plastic Jewelry Storage Box With Grids And Lid. Large Capacity, Convenient And Portable For Storing Earrings, Rings, And Other Ornaments. Detachable Box With Options Of 10, 15, Or 24 Grids, Gift For Valentine's Day",1.5,6,,False,True
,Not ranked,20,6pcs Star Decor Bangle,1.92,,10000.0,True,False
,Not ranked,6,1pair Women Heart Design Rimless Creative Fashion Glasses For Summer Cute,1.6,,600.0,True,False
,Not ranked,0,50pcs/pack 10mm Mixed Color Soft Ceramic Clay Beads,1.4,,600.0,False,False
,Hand Fans,7,Portable Handheld Digital Display Hanging Neck Fan USB Charging,6.6,9,,True,True
,Not ranked,7,"Cute 24pcs Glasses Wholesale And Retail, Unisex Rectangle & Oval Shape Small Frame Eyeglasses. Multiple Colors Such As Candy, Transparent, And Colorful Y2k Dopamine Styling, Suitable For Beach Party, Single Party, Travel, Vacation In Spring, Summer, Fall, And Winter Seasons.",21.0,,1500.0,True,False
,Fittings DIY & Tools,6,"Random 10/30/50/100Pcs Shoe Charms For Clogs Sandals, PVC Shoe Decorations Accessories For Christmas, Birthday, Party, Gift Shoes Pins For Teens Men Women And Adults",1.5,2,,True,True
,Not ranked,0,1pair Light Luxury Elegant Green Opal Women's Earrings Dating Banquet Party Gift,1.5,,9700.0,False,False
,Not ranked,29,"1pc Women's Fashionable Elephant Charm Bracelet / Bangle / Hand Chain, Perfect For Daily Outfit And Accessories",1.56,,1800.0,True,False
,Not ranked,56,1pc Delicate Moonstone Opal Ring Faux Oval Cut Gemstone Hand Jewelry Engagement Ring Jewelry For Women,0.66,,1500.0,True,False
,Not ranked,2,4pcs/set Starfish Charm Beaded Bracelet,2.65,,5700.0,True,False
,Not ranked,0,Bohemian 7Pcs/Lot Crystal Beads Bracelet Set For Women Men Multilayer Wris Transparent Colorful Glass 4/6/8mm Elastic Jewelry,2.9,,1000.0,False,False
,Not ranked,0,3pcs/Set Faux Pearl & Tassel Decor Bracelet,2.4,,5000.0,False,False
,Not ranked,0,3pcs Fashionable Noble Elegant Lady Style Golden Single Row Plastic Rhinestone Anklet + Gold Anklet Set Ankle Bracket Summer Jewelry Suitable For Giving Gifts To Show The Elegant Charm Of Women's Foot Jewelry,1.9,,400.0,False,False
,Not ranked,20,"1box/set 26 Types Of Letter Beads + Red Heart Shaped Bead For DIY Friendship Bracelet, Jewelry Making, Necklace And Keychain",4.4,,100.0,True,False
,Not ranked,20,"1pc Adjustable Copper Flower Shaped Cubic Zirconia Inlaid Drawstring Bracelet, Perfect For Women Daily Wear, Date, Party, Etc.",1.52,,4100.0,True,False
,Not ranked,4,Criss Cross Detail Layered Ring,1.73,,9400.0,True,False
,Not ranked,22,Cubic Zirconia Decor Ring,1.72,,4800.0,True,False
,Not ranked,20,"1set European And American Style Engagement Rings For Women, Popular Proposal Jewelry Set",1.36,,10000.0,True,False
,Women Beaded Necklaces,20,1pc Fashionable Seashell Necklace Suitable For Women's Daily Wear,1.36,10,,True,True
,Not ranked,10,"1PC,Large Square Fashion Ladies Sporty Y2k Glasses Men's Jelly Color Summer Sun Glasses , Beach Vacation",1.9,,300.0,True,False
,Not ranked,0,"2-In-1 Set Apple Watch Case Apple Watch Band Women's Fashion Sporty Soft & Comfortable Waterproof & Sweatproof Integrated Metal Buckle Silicone Watch Band And Shiny Double Rhinestone Inlaid Pc Hollow-Out Watch Case Compatible With Apple Watch 38/42/40/44/41/45/49mm And Watch Band Watch Case Suitable For Series Ultra2/Ultra/9/8/7/6/Se/5/4/3, Convenient To Wear And Protect The Watch Apple Watch Case Apple Watch Band",3.1,,2300.0,False,False
,Not ranked,0,1pc Cross Bracelets for Women Men - 8mm Natural Crystal Healing Bracelets Semi-Precious Gemstones Beads Stretch Bracelets Gift for Christians with Prayers Card,1.9,,2100.0,False,False
,Not ranked,8,"2pcs American Independence Day Flag Patterned Bowknot Earrings For Women, Gorgeous Jewelry Daily Accessory",1.29,,5700.0,True,False
,Not ranked,0,"Stainless Steel Waterproof And Fade-Resistant Fashionable Adjustable Smile Shaped Ring With Small Colored Flowers, Suitable For Women's Daily Wear",2.1,,5900.0,False,False
,Watchbands,0,"1pc Apple Watch Band, Acrylic Resin Material, Stunning Rainbow Design, Lightweight And Fashionable, Dazzle Colorful Glacier Watch Band, Compatible With Apple Watch Strap 44mm 45mm 49mm 42mm 40mm 38mm 41mm, Fashionable Replacement Watch Band Suitable For Ultra 9 8 SE 7 6 5 4 3 2 1, Simple And Luxurious Ins Style, Refreshing And Transparent In Summer,Free Watch Strap Removal Tool",3.6,4,,False,True
,Not ranked,8,"1pc Women's Plastic Decorative Square Sunglasses, Fashionable For Daily Wear Street Sunglasses Beach Sun Glasses",2.2,,400.0,True,False
,Not ranked,0,"22pcs Iced Out Rings Set With Cross, Butterfly, Love Heart Design, For Women Y2k Punk Multiple Elements Style Daily Wear Accessories",2.6,,4600.0,False,False
,Not ranked,0,24pcs Cross-Border European And Korean Style Simple And Classic Pearl Earrings Set For Women,1.3,,900.0,False,False
,Not ranked,0,5pcs/set Random Color Block Beaded Bracelet,2.2,,900.0,False,False
,Not ranked,0,1pair European And American Exaggerated Asymmetric Irregular Music Note Earrings,1.9,,5100.0,False,False
,Men Beaded Necklaces,0,1pc Fashionable Faux Pearl Flower Bead Necklace For Men's Daily Wear (Flower Color Random),2.0,3,,False,True
,Not ranked,0,6pcs/set Minimalist Beaded Bracelet,2.8,,7800.0,False,False
,Not ranked,0,A Pair Of Gorgeous 14K Gold-Plated Ball Stud Earrings Are The Perfect Gift For Women,1.1,,1800.0,False,False
,Not ranked,49,Flower Print Sweet Cute Y2K Hair Claw For Everyday Styling Suitable For Campus Dating Vacation Daily Travel,0.87,,1200.0,True,False
,Not ranked,0,Silicone Watchband Compatible With Apple Watch,1.8,,1900.0,False,False
,Square Women Eyeglasses,20,"1pc Women's Transparent Square Pc Glasses With Blue Light Blocking Function, Suitable For Office & Reading Clear Glasses Accessories",1.68,2,,True,True
,Not ranked,0,Color Block Layered Necklace,4.4,,1200.0,False,False
,Women Necklace Sets,7,3pcs New Arrival Stylish Gold Layered Chain Disc Bar Pendant Necklace for Women Party Daily Jewelry,1.49,3,,True,True
,Not ranked,2,"European And American Style Crystal Earrings Bohemian Style Hangings, Versatile, Fashionable, Suitable For Parties, Couples And Friends",1.96,,4900.0,True,False
,Not ranked,31,Butterfly Charm Bangle,1.17,,800.0,True,False
,Not ranked,0,Tassel Decor Drop Earrings,2.3,,2900.0,False,False
,Women Bracelet Sets,20,"3pcs Clay Bead Bracelets, Bracelet Stacks, Summer Boho Beach Jewelry, Surfer Bracelet, Vacation Bracelet",1.44,10,,True,True
,Not ranked,20,"24pcs Simple Faux Pearl Heart & Butterfly Ring Set For Women, Perfect For Vacation, Dating, Daily Wear And Gift",1.68,,600.0,True,False
,Not ranked,0,A Stylish And Simple Inlaid Colored Glass Rhombus Pendant Necklace Suitable For Ladies And Girls,4.2,,2400.0,False,False
,Not ranked,0,"1pc Fashionable Cubic Zirconia Spinning Flower & Gold Plated Pendant Necklace, Suitable For Women's Daily Wear",1.8,,4200.0,False,False
,Not ranked,0,1set Fashionable Four-leaf Clover Flower Pendant Necklace And Bracelet Set,2.6,,1600.0,False,False
,Not ranked,0,"1pc Exaggerated & Fashionable Irregular Faux Pearl Decoration Charm Beaded Necklace For Ladies' Business, Nightclub, Party And Festival Attire, New Gift For A Friend",2.0,,1600.0,False,False
,Not ranked,0,"1pc Shell Zodiac Sign Necklace, Stainless Steel Square Pendant With White Shell, Perfect For Women",2.3,,10000.0,False,False
,Women Keychains,60,Aunt Niece Gifts Aunt Gifts From Niece Niece Gifts From Aunt Auntie Best Aunt Ever Gifts Key Chain Birthday Gifts For Aunt Niece Christmas Gifts For Aunt From Niece Keyring Gift For Women,0.56,10,,True,True
,Not ranked,0,2pcs Bohemian Fish Tail Charm Bead Anklet tassels,1.4,,300.0,False,False
,Not ranked,0,1pair Fashionable Geometric Metallic Stud Earrings For Versatile Matching,1.7,,4200.0,False,False
,Not ranked,51,"2pcs Women's U-Shaped Hairpin Set For Bun Hairstyles, Hair Accessories For Different Occasions Casual",1.02,,1000.0,True,False
,Beads,20,700pcs 7 Colors Round Letter Beads Acrylic Alphabet Number Beads for Jewelry Making DIY Necklace Bracelet (7x4mm),2.64,8,,True,True
,Bracelet Making Kits,10,"1200pcs Glass Beads Jewelry Making Kit, 48 Colors 8mm Crystal Beads Set For Bracelet Necklace Earring Crafting, Round Beads Ideal For Beginners, DIY Arts And Crafts",2.61,10,,True,True
,Women Bracelets,0,2Pcs WWJD Bracelet For Women Men Cross Beaded Bracelets Set Christian Gifts Wristbands Bracelet WWJD Rubber Bracelets - What Would Jesus Do Bracelet Jewelry Gift,2.1,8,,False,True
,Not ranked,4,Vintage US Flag Red Blue White Star Sequins Triple Layered Teardrop Pendant Earrings Women PU Leather Double-Sided Ear Jewelry For President Day Independent Day Day Patriot Gift,1.63,,7200.0,True,False
,Not ranked,32,2pcs Green Leaf Shaped Simple Stud Earrings,1.16,,800.0,True,False
,Not ranked,0,"20pcs Soft Clay Colorful Flower Shaped Beads For Diy Jewelry Making, Random Color",2.0,,900.0,False,False
,Not ranked,6,"1pc Summer Beach Chic Crystal-Look Multi-Layer Tassel Chain Anklet With Attached Toe Ring, Metal Bohemian Bridal Foot Chain, Sexy Footwear Accessories For Women At Vacation And Party",1.6,,100.0,True,False
,Not ranked,0,"1pair Bohemian Style Vacation Wind Tassel Dangle Earrings In Pink, With Vintage Elements, Suitable For Four Seasons, Daily Life, Work, Stage Performance, Street Fashion, Etc.",1.3,,6400.0,False,False
,Not ranked,0,"1pc Shiny Green Jade Buddha Pendant Necklace, Luxury Jewelry Exquisite Gift",1.8,,6100.0,False,False
,Not ranked,9,"1pc Fashionable And Elegant Mesh Veil Pink Color Phoenix-Tail Hair Clip With Flower & Bowknot Design Lady's Hair Accessory Suitable For Parties, Gown Dressing, Outgoing, Traveling, And As A Mother's Day Gift",2.1,,200.0,True,False
,Not ranked,0,Rhinestone Musical Note Charm Necklace,1.3,,800.0,False,False
,Women Chain Necklaces,20,"1pc Zodiac Sign Letter Pendant Necklace, Perfect Gift For Graduates, Friends, Lovers",1.44,7,,True,True
,Pink Women Hair Accessories,6,Pearl Detail Bow Decor Hair Clip Elegant,1.7,5,,True,True
,Not ranked,0,"1pair Fashionable Beach Starfish & Palm Tree Dangle Earrings, Orange Color, Sweet Geometric Cut-Out Star & Teardrop Design, Great Gift For Ladies",1.7,,600.0,False,False
,Not ranked,0,Round Decor Layered Bracelet,2.6,,2000.0,False,False
,Men Fashion Jewelry,0,1pc Sanrio Hello Kitty Bracelet Crystal Beads Kawaii Small Fresh Fashion Bangle Trendy Girl Y2K Jewelry DIY Hand Accessories Gifts,3.2,4,,False,True
,Not ranked,31,A Baby Turtle Temperature Couple Ring Will Change Color According To Warmth,0.96,,600.0,True,False
,Not ranked,0,1pack Turtle DIY Bead,1.8,,400.0,False,False
,Not ranked,0,"1pc Gold Stainless Steel Chain Letter Heart Pendant Necklace, Fashionable Heart & Letter Shaped Pendant Necklace, Ideal Birthday Gift And Mother's Day Jewelry For Girlfriend, Mom",1.4,,2300.0,False,False
,Not ranked,74,"1 Set Of 10 Pieces/2 Pieces Orange Summer Holiday Style Personality Sweet Creative Three-Dimensional Resin Lollipop Heart-Shaped Girl Earrings Gift For Bestie, 18K Gold Earrings",0.34,,2000.0,True,False
,Not ranked,8,1pair Women Tortoiseshell Aviator Frame Boho Fashion Glasses For Daily Life Shades Beach Accessories,3.7,,2300.0,True,False
,Not ranked,5,Set Of Elegant Hairpins With Pearl Flower Design For Clipping Hair Edge,3.5,,500.0,True,False
,Not ranked,10,"500pcs/Bottle Cute & Fashionable Elastic Hair Ties, 0.6inch/1.5cm Mini Size, Suitable For Small Amount Of Hair Or Braiding, One-Time Use For Girls",1.8,,600.0,True,False
,Not ranked,0,30pcs 10mm Bead DIY Jewelry Accessory,1.7,,400.0,False,False
,Not ranked,0,16pcs/set Fashion Multicolored PU Polyurethane Water Drop Earring For Women For Daily Decoration,3.2,,4600.0,False,False
,Not ranked,0,Katy Perry's Picks Daisy Drop Earrings 1pair,1.2,,4300.0,False,False
,Not ranked,50,Women Geometric Bar Chain Circle Pendant Necklace,0.55,,400.0,True,False
,Boho Hair Claws,72,"1-3pcs Women's Large Watermelon-Shaped Black/Khaki/Brown Solid Color Lightweight Plastic Hair Clip, Fashionable And Versatile, Elegant And Graceful Hair Accessory Suitable For Daily Wear, Outgoing, Hair Styling, Face Washing, Bathing, Makeup And Matching With Clothes Casual",0.42,10,,True,True
,Not ranked,0,Heart Shaped Stud Earrings,1.5,,400.0,False,False
,Not ranked,1,"1pc Fashionable Cubic Zirconia & Colorful Cross Pendant Necklace Plated Gold, Suitable For Women's Daily Wear",1.88,,3400.0,True,False
,Not ranked,7,1pc Fashionable Simplicity Geo Decor Hair Tie Street,1.4,,1100.0,True,False
,Not ranked,8,"1pc Solid Color Hair Claw For Women, Summer, Large Size, Unique Hair Accessory Street",2.2,,400.0,True,False
,Women Single Ring,20,Butterfly Decor Cuff Ring,1.44,6,,True,True
,Women Chokers,0,1pc Random Color Rhinestone Decor Necklace Copper Jewelry,2.2,6,,False,True
,Not ranked,31,"1pc Bohemian Ocean Beach Style Music Festival Beaded Bracelet Handwoven Bracelet Wristband, Suitable For Both Girls And Boys, Perfect Gift For Festivals And Birthdays",0.97,,400.0,True,False
,Not ranked,37,"2pcs Women Champagne & Grey Cloud Shaped Large Lightweight Plastic Hair Clips, Fashionable & Versatile, High Class, Elegant, Simple & Minimalist Style Hair Grips, Suitable For Daily, Office, Party, Leisure, Travel, Face Washing, Showering, Makeup, Match With Clothes And Accessories, Headwear And Ornament Claw Clip Tiaras",1.32,,1200.0,True,False
,Casual Women Glasses Accessories,44,1pc Solid Color Leather Eyeglasses Case For Daily Use,2.25,6,,True,True
,Watchbands,6,"2 Packs Leopard Engraved Band Compatible With Apple Watch Band 49mm 45mm 44mm 42mm 41mm 40mm 38mm, Waterproof Cheetah Sport Silicone Wristbands Replacement Strap For Series 9 8 7 6 5 4 3 2 1 SE For Women",3.0,6,,True,True
,Not ranked,0,8pcs/set Popular Candy Colored Rice Bead Bracelet,2.9,,1000.0,False,False
,Men Necklace Sets,0,2PCS Necklace Paired With Vintage Cross Pendant Necklace Made Of Rhinestone Material Fashionable Vintage Set Birthday Gift For Men,1.7,5,,False,True
,Not ranked,6,1pair Geometric Frame Fashion Glasses Travel Accessories Shades Beach Accessories,3.1,,3900.0,True,False
,Bridal Bags,7,"Evening Bag/Bridesmaid Clutch/Shoulder Bag/Crossbody Bag/Bridal Diamond Encrusted Women's Bag, Uncommon Design Royal",6.4,2,,True,True
,Women Long Necklaces,0,One Hollow Out Clover Pendant Long Chain Vintage Elegant Women Necklace With European And American Style,1.9,4,,False,True
,Not ranked,31,"1pair Fashionable Asymmetrical Curved Line Stud Earrings, Suitable For Women's Daily Wear, Unique Geometric Creative Jewelry",0.97,,200.0,True,False
,Not ranked,8,"Women's Oversized Cat Eye Sunglasses With Full Frame, Fashionable Rhinestone Decoration And Gradient Green Lens, Luxury Black Sunglasses With Multicolor Design, Jelly-Colored Handmade Decorative Glasses Shades Beach Accessories",3.4,,1100.0,True,False
,Not ranked,17,"1pc Men's White Solid Color 3 Clips Adjustable Elastic Suspenders, Suitable For Daily & Suits & Trousers & Festival Gifts",2.08,,100.0,True,False
,Not ranked,71,"50 Pcs Earring Cards - Earring holder Cards with 50 Pcs Bags, Earring Display Cards for Earrings Necklace Display and Jewelry Packaging(Brown)",1.14,,100.0,True,False
,Not ranked,27,1pc Wind Chimes Epoxy Resin Mold Hanging Ornaments Casting Silicone Mould Home Decor,3.14,,100.0,True,False
,Not ranked,30,"12-50pcs Large Fabric Ribbon Bow With Gold Satin Ribbon Tail Bow Knot For Gift Wrapping Party Decoration Mixed Color Lovely Bow Tie For Cakes, Popcorn, Candy And Gift Packaging",1.19,,200.0,True,False
,Not ranked,0,Rhinestone Butterfly Decor Stud Earrings,2.1,,2200.0,False,False
,Not ranked,0,20pcs Bow Acrylic Beads DIY Jewelry Accessory,1.8,,40.0,False,False
,Not ranked,0,4pcs/Set Stainless Steel Christian Faith Cross Wristbands With Faith Alphabet Amazing Grace Word Design For Pray Pendant Bracelets,1.4,,1000.0,False,False
,Not ranked,50,"Party 1pc Rhinestone Cut Edge & Metal Frame Sunglasses, Fashionable Decoration For Daily & Festival Wear, Ideal For Women, New European & American Style, A Half-Frame & Stylish Accessory To Appear Slim, Anti-Uv, Suitable For Cross-Border E-Commerce, Unisex Oversized Single Piece Seemingly Frameless Sunglasses For Street Snap & Catwalk Show, Applicable For St. Patrick's Day & Carnival Shades Beach Accessories",1.75,,3500.0,True,False
,Not ranked,0,Fashionable and Popular Men Rhinestone Crown Decor Beaded Bracelet for Jewelry Gift and for a Stylish Look,1.9,,300.0,False,False
,Not ranked,7,"1 Pack Of Spring Style Women's Bandana 70cm Simulated Silk Printed Small Square Scarf Headscarf Multi-Functional Headband Strap Wrap Neck Protection Lightweight Silk Scarf Suitable For Daily Use Bandana,Hair Band,Head Band Ideal For Dressing Up Your Look",2.6,,2700.0,True,False
,Not ranked,0,"1pair Of Western-Style Long Ladies Earrings Designed In Natural Geometric Wood Pieces, Perfect For Western Vacation Travel, Festivals, And As A Gift. Available In Brown, Khaki, And Teal Colors.",1.6,,1200.0,False,False
,Not ranked,50,"1pc Men's Sports Waist Belt, Body Shaping Vest For Sauna Sweat And Fitness, Cross-Border Compression Sweat Body Shaping Clothes",4.6,,,True,False
,Not ranked,0,Star Shaped Mixed & Solid Color Acrylic Beads 29g About 200pcs/bag,1.5,,100.0,False,False
,Not ranked,38,"50-200pcs/lot 8mm Cracked Acrylic Spacer Beads For Diy Beaded Bracelet, Earring, Jewelry Making",0.87,,800.0,True,False
,Not ranked,0,"3pairs Classic & Fashionable Silver C Design Minimalist Earrings Suitable For Women's Everyday Wear, A Great Gift For Mothers And Besties",2.6,,10000.0,False,False
,Hand Fans,8,"1pc Mini & Lovely Summer Handheld Fan With Usb Interface And Data Cable, Suitable For Outdoor, Indoor And Office, Powerful And Convenient For Travel, A Cool Gift For Date",3.3,5,,True,True
,Not ranked,0,Minimalist Cuff Bangle,1.8,,2000.0,False,False
,Not ranked,22,6pcs/set Fashion Polymer Clay Round Decor Bracelet For Women For Daily Decoration,1.79,,2400.0,True,False
,Not ranked,2,3pcs Trendy Versatile Anklet Set With Rhinestone Lock Detail,2.16,,2800.0,True,False
,Not ranked,8,1Pair Women Tinted Lens Fashion Glasses For Daily Life Vintage Shades Beach Accessories,3.6,,2600.0,True,False
,Not ranked,12,Lettering Keychain Engraved Keyring Stainless Steel Keychain Bag Accessory Car Pendant For Women Men Gift 1pc Bag Accessories Bag Charms Gifts Birthday Minimalist For Teen Girls Women College Students Teacher White-Collar Workers Rookies & White-Collar Workers Gift Accessories Decor Present Valentines Key Chain Charms School Supplies Teacher Gifts Back To School Teacher Accessories,2.3,,700.0,True,False
,Not ranked,49,200Pcs Earring Backs for Studs Golden Butterfly Shape Ear Backings Replacement Hypoallergenic Secure Screw Ear Safety Back for Pierced Locking Stud Earrings Small Yellow Earring Stopper for Post,0.76,,300.0,True,False
,Watchbands,0,"1Set Three-In-One Simple And Trendy Solid Color Butterfly Buckle Silicone Watch Band With Diamond Inlaid PC Watch Case Compatible With Apple Watch 38mm 40mm 41mm 45mm 44mm 42mm 49mm From Ultra Series Ultra 9 8 7 6 5 4 3 2 1 SE, Comfortable And Breathable Replacement Smart Watch Strap With Scratch-Proof, Splash-Proof, And Shock-Proof Watch Protector, For Women And Men",2.7,1,,False,True
,Not ranked,0,"2-In-1 Watch Band And Case Set, Rose Red Soft And Comfortable Silicone Sports Watch Band, Ultra-Thin Toughened Glass Screen Protection Watch Case Compatible With Apple Watch Strap 38/40/41/42/44/45/49mm, Compatible With Apple Watch Series Ultra/SE/9/8/7/6/5/4/3/2/1",3.0,,1600.0,False,False
,Not ranked,0,"100pcs 8mm Glass Jade Style Beads, Two Tone Color, Diy Jewelry Making Material For Bracelet, Necklace",3.0,,200.0,False,False
,Men Chain Necklaces,0,1 Pcs Vintage Personality Stainless Steel Twist Cruciate Necklace Suitable For Everyday Wear,2.6,5,,False,True
,Casual Women Sunglasses,7,"1pc Pink Women's Streamlined Sunglasses, Summer Personality Coating Gradient Reflective Oversized Sunglasses, Suitable For Outdoor Cycling, With Anti-Loss Rope, Glasses Case, And Cleaning Cloth. Perfect For Music Festivals, Outdoor Leisure And Travel, European And American Style Fashion Glasses.",5.2,2,,True,True
,Not ranked,0,10pcs Bohemian Style Spring Colored Glass Bead Bracelet With Colorful Elements,1.6,,1600.0,False,False
,Not ranked,1,Rhinestone Decor Heart Charm Necklace,1.19,,1700.0,True,False
,Women Jewelry Sets,0,"One Twisted Wire Metal Bracelet + One Ring, Trendy Ins Resort Style, Suitable For Women To Wear, Gift For Friends",1.9,3,,False,True
,Not ranked,6,"Mermaid Princess Butterfly Hair Claws, Random 16 Colors, Suitable For Women And Girls Street",1.6,,900.0,True,False
,Not ranked,61,"10pcs Heart shaped Gift Bag, Clear Plastic Self Locking Resealable Bag Small Dustproof Jewelry Pouch",0.63,,100.0,True,False
,Women Glasses Accessories,10,"Large Six-Grid Foldable Eyeglass Organizer Sunglasses Storage Box, Vintage Floral PU Leather Glasses Case, Portable Travel Eyeglass & Sunglasses Storage Holder With Multiple Grids (6-Grid, 5-Grid, 4-Grid, 3-Grid) Available In Various Colors. Great As A Holiday Gift!",6.01,3,,True,True
,Not ranked,10,"1pc Simple And Fashionable Irregular Faux Pearl Beaded Necklace/Bracelet And 1pair Faux Pearl Earrings, Suitable For Women's Banquets And Holiday Wear Decorative Jewelry Set Gift",1.62,,500.0,True,False
,Not ranked,0,1pc Multicolor Rhinestone Water Drop Shaped Love Heart Style Neck Chain For Women,3.7,,500.0,False,False
,Not ranked,0,"1pc Hollow Out Lucky Four Leaf Clover Pendant Necklace For Women, Festival Gift, Daily Wear Accessories",3.0,,5400.0,False,False
,Not ranked,0,RINTOLER Chinese Character Shaped Stud Earrings,1.0,,40.0,False,False
,Not ranked,0,4pcs Rhinestone Decor Bracelet,1.9,,8200.0,False,False
,Women Beaded Bracelets,0,1pc Fashion Layered Beaded Bracelet For Women For Daily Decoration,3.1,10,,False,True
,Not ranked,49,"1pc Silicone Sports Watch Band Compatible With Apple Watch 38mm 40mm 41mm 42mm 44mm 45mm 49mm, Compatible With Apple Watch Series 9 Ultra 8 SE 7 6 5 4 3, Unisex",0.86,,1800.0,True,False
,Not ranked,0,"1pair Square Shape Geometric Design Silver Earrings For Women, Suitable For Daily Wear",1.6,,900.0,False,False
,Not ranked,49,"3pcs Transparent Elastic Cord For Diy Jewelry Making, 0.4/0.5/0.6/0.7/0.8/1mm Round Crystal String And Rubber String Beading Supplies For Making Bracelets",0.77,,100.0,True,False
,Not ranked,11,Blue Furry Ball Handmade Pendant Keychain For Bag Key Christians Tree Ornaments Key Chain Charms Crochet Key Lanyard,2.4,,300.0,True,False
,Not ranked,0,"20pcs/Set Bohemian Style Handmade Beaded Bracelet/Anklet In Random Colors For Women, Suitable For Daily Wear, Holidays And Small Gifts",2.0,,1400.0,False,False
,Not ranked,0,400pcs DIY Letter Graphic Bead,3.0,,50.0,False,False
,Not ranked,0,Men Cube Decor Beaded Bracelet Glass Fashion Punk Popular Jewelry Gift Personality,1.1,,30.0,False,False
,Not ranked,22,1000-5000Pcs 6mm Mixed Color Polymer Clay Disc Beads For Jewelry Making DIY Bracelet Necklace Earrings Handicrafts Girls Holiday Gift Small Business Supplies,1.33,,500.0,True,False
,Not ranked,0,"3pcs Stainless Steel Golden Yellow Love Series Of 3 Different Styles Of Necklaces And Pendants, The Length Can Be Adjusted, Stacked Or Worn Separately, Suitable For Daily Decoration Or Gift Giving",3.8,,10000.0,False,False
,Not ranked,0,"Fashionable Rhinestone Clover Necklace, Earrings And Bracelet Jewelry Set",2.5,,1900.0,False,False
,Not ranked,0,Chain Design Ring,1.8,,300.0,False,False
,Not ranked,0,"1pc Fashionable Bohemian Style Waterproof Friendship Bracelet, Unisex Beach Holiday Accessory, Suitable As A Gift For Family And Friends",1.3,,400.0,False,False
,Not ranked,22,216 Pcs DIY Sun Catchers Making Kits Craft For Adults Crystal Suncatchers Supplies Stained Glass Window Hanging Prism Indoor Outdoor Garden Xmas Decor With Rainbow Maker Pendants Chains,8.07,,50.0,True,False
,Not ranked,0,10pcs Random Beaded Elastic Rope Bracelet,5.8,,900.0,False,False
,Not ranked,0,"100/200/1000pcs 4x7mm Acrylic Transparent English Letter Flat Beads Suitable For Summer Friendship Bracelet Making, DIY Necklace, Earrings, Jewelry Accessories",1.3,,500.0,False,False
,Not ranked,8,2pcs Women Flower Decor Hair Clip Boho,1.2,,200.0,True,False
,Not ranked,0,"4pcs Black Crystal Handmade Fashion Bracelet Set For Women, Vacation Party Jewelry Festival Gift",2.3,,5800.0,False,False
,Not ranked,8,"1pc Men's 12-Layer Vacuum Plated Coating Polarized Sunglasses, Oversized, Lightweight, Multicolor Tie-Dye Style For Cycling, Outdoor Activities. It Is Windproof And Uv Resistant. With Silicone Anti-Slip Foot Pad And Rubber Soft Nose Support. Shades Accessories",5.7,,200.0,True,False
,Women Single Ring,0,1pc Fashionable Wave Design Women Ring For Daily Wear,1.7,1,,False,True
,Not ranked,0,"1 Box (Approximately 6000pcs) Soft Ceramic Sheet Beaded Set, 6mm Polymer Clay Beads, Alphabet Beads For DIY Bracelet & Accessory Making, Spacer Beads, Cross-Border Package, High-End DIY Bracelet Production",2.9,,300.0,False,False
,Not ranked,7,We'll Be Friends Until We're Old And Senile Keychain Long Distance Friendship Birthday Christmas Graduation Gifts For Women Best Friends Sisters,1.3,,900.0,True,False
,Not ranked,34,Men Snap Button PU Polyurethane Gloves,3.76,,40.0,True,False
,Hat Storage,6,"1pc Magnetic Hat Clip On Bag - Pu Leather Hat Holder For HandbagBackpack, Luggage -Travel Bag Accessory",3.3,5,,True,True
,Not ranked,0,"2 In 1 Crystal Clear Band With Bumper Case Compatible With Apple Watch Band 38/40/41/42/44/45mm,Jelly Sports Protective Replacement Wristband Strap For 8/7/6/5/4/3/2/1/SE Women Man",2.2,,1100.0,False,False
,Not ranked,0,1pair Fashion Chain Design Earrings For Women For Daily Decoration,1.4,,4800.0,False,False
,Not ranked,0,"1set Fashionable Jewelry Set Including Necklace, Earrings, Bracelet, Stretch Ring For Women's Daily Wear",3.3,,2900.0,False,False
,Not ranked,0,100pcs/set Shell Design DIY Bead,2.2,,900.0,False,False
,Fittings DIY & Tools,7,"Lots Of Random Style Shoe Charms For Sandals, 10-100Pcs PVC Shoe DIY Decorations Accessories For Christmas, Birthday, Party, Gift Premium Quality Popular Charms Accessories Shoes Pins For Teens Men Women And Adults",1.4,3,,True,True
,Not ranked,36,1pc Colorful Leopard Pattern Double-Sided Printed Silicone Sports Apple Watch Band 38/40/41/42/44/45/49mm Compatible With Apple Watch Strap Ultra/Se/9/8/7/6/5/4/3/2/1,2.64,,1700.0,True,False
,Not ranked,20,1pc Fashion Stainless Steel Number 444 Pendant Necklace For Women For Daily Decoration,1.2,,4900.0,True,False
,Not ranked,0,1pc Stainless Steel Braided Design Cuff Bangle,1.8,,2500.0,False,False
,Not ranked,36,"One Cobra Tactical Belt, Quick Release Alloy Buckle Men's Outdoor Sports Waist Belt",5.12,,,True,False
,Women Bracelet Sets,5,4 Pieces/Set Bohemian Style Tassel Tree Of Life Pendant Multi-Layered Wood Bead Beaded Bracelet,2.0,5,,True,True
,Women Ring Sets,20,8pcs/set European And American Fashionable & Simple Ring,1.36,9,,True,True
,Not ranked,30,50Pcs Officially Licensed Stickers Ice Cream Style Stickers DIY Stickers Kawaii Mom Dad Grand Mother Father Teacher Sister Brother Friend Students Funny Valentine's Day Gifts Badtz-Maru Mimmy,2.45,,100.0,True,False
,Watchbands,68,"1pc Unisex Stylish Casual Cut Solid Color Silicone Butterfly Buckle Apple Watch Band Compatible With Apple Watch Series SE/6/5/4/3/2/1, Soft & Comfortable Water Resistant Apple Watch Strap Replacement Bracelet Accessories, Compatible With 38mm/40mm/41mm/45mm/44mm/42mm/49mm(Hot Pink)",0.54,3,,True,True
,Belts Storage,21,1pc Belt Storage Rack U Shape Multi-Purpose Belt Hanger Stainless Steel Solid Steel Metal Dipped Sorting Rack Tie Scarf Hanger,2.46,3,,True,True
,Not ranked,0,Stainless Steel Simple Style Small Cross Pendant Necklace Suitable For Women's Daily Wear,2.0,,4900.0,False,False
,Not ranked,0,"1pc Floral Silicone Sport Apple Watch Band With 3pcs Letter 'A' Pendant Apple Watch Band Decor Charms, Compatible With Apple Watch Strap Ultra/Se/9/8/7/6/5/4/3/2/1 (38/40/41/42/44/45/49mm)",4.9,,2200.0,False,False
,Not ranked,0,Minimalist Open Hoop Earrings,2.0,,1200.0,False,False
,Not ranked,0,"3pcs/Set Women Simple White Rice Bead/Faux Pearl Beaded Anklet With Golden Starfish & Seashell Charms, Suitable For Daily Wear And Vacation",2.1,,4400.0,False,False
,Not ranked,37,Men Solid Tie For Wedding And Business Use Decoration Casual,1.46,,400.0,True,False
,Couple Quartz Watches,13,2pcs Stainless Steel Quartz Watches For Women Men Leisure Fashion Golden Ladies Clock Wristwatch Silver Couple Gift,4.2,1,,True,True
,Not ranked,20,3pcs/set Delicate Cherry Necklace & Cute Earrings & Unique Peanut Necklace Earring Sets,1.12,,4500.0,True,False
,Not ranked,4,"100PCS 8mm/0.315in Glass Beads Multicolor Glass Loose Spacer Beads For Jewelry Making DIY Bracelet Necklace Accessories,Free stretch rope",2.6,,300.0,True,False
,Men Watches,0,"Eytlptoc 2024 New Smart Watch, Touch Screen, Fashionable Sports Style For Men And Women, Call Functions, Multiple Watch Faces, Calendar And Alarm Clock, Heart Rate And Blood Oxygen Monitor, Sports And Sleep Tracking, Camera, For Android/IOS Phones.",11.8,1,,False,True
,Not ranked,0,Fashionable and Popular Men PU Polyurethane Bracelet for Jewelry Gift and for a Stylish Look,1.2,,30.0,False,False
,Hand Fans,15,"1pc Unisex Mini Handheld Foldable Multi-Functional Fan, Solid Color, USB Rechargeable, Quiet, Suitable For Outdoor Travel, Beach, Sports, Office, College, Beach, Pool, Party, Daily Use, Convenient Fan For Summer",7.64,6,,True,True
,Not ranked,0,"1pair Exaggerated Spray Painted Design Earrings With European & American Style, Versatile For Daily Wear By Women",1.8,,2400.0,False,False
,Not ranked,6,"4pcs Flower Shape Hair Claw Lightweight Plastic Hair Clips And Clips Black And White Coffee Retro Fashion Multifunctional Chic Hair Accessories Suitable For Daily Wear, Outdoor, Face Washing, Bathing, Makeup, Clothing Matching, Jewelry Decoration, Headband Clip, Elegant And Fashionable Women's Hair Claw Decoration Headgear",1.5,,1300.0,True,False
,Not ranked,46,1pc Men Black Plain Stretch Suspenders,1.5,,100.0,True,False
,Not ranked,0,100/200/300/400/500/1000Pcs 4x7mm White Round Acrylic Black Letter Beads A-Z Mixed Loose Beads For DIY Bracelets Necklaces Keychains Small Business Jewelry Making Craft Supplies,1.3,,400.0,False,False
,Not ranked,10,1PC Vintage Candy Color Square Fashion Glasses For Women New Yellow Gradient Sun Glasses Men Cool Light Eyewear Ladies Elegant Shades,2.6,,1800.0,True,False
,Not ranked,0,"50/100pcs 9x12mm Gold, Silver, Colored Hollow Acrylic Letter Beads, DIY Letter Bracelet Necklace Handmade Jewelry Accessory Pendant (Random Mix A-Z)",1.2,,200.0,False,False
,Not ranked,23,"1 Pair Magnetic Couple Bracelets For Woman Men, Romantic Heart Matching Lovers Beads Yoga Bracelet, Valentine Gift Jewelry",2.08,,200.0,True,False
,Not ranked,0,"1pc Beaded Watch Band White/Silver/Black/Blue/Gold/Space Gray/Rose Gold Compatible With Apple Watch Band/Apple Watch Case Series 8/7/6/5/4/3/2/1/SE Compatible In 41mm/40mm/38mm/42mm/44mm/45mm/49mm. Apple Watch Ultra Series, Elegant Glittery Handpicked Beaded Elastic Fine DIY Beaded Bracelet Compatible With Iphone Watch, Beautiful And Delicate, Carefully Selected 8mm Diameter Round Faux Pearls & Shiny Artificial Rhinestones Embedded In Metal, Latest Strong Elastic Rope Technology, Nickel-Free And Non-Allergenic, Never Fades, All These Make The Wristband Durable And Perfectly Fit The Wrist. Easy To Put On Without A Tool. The Beaded Bracelet With Sparkling Diamante Compatible With Apple Watch Smartwatch Is Elegantly Designed To Make Your Apple Watch More Girly And Feminine. Fashionable, Comfortable, And Elastic Beaded Bracelet Apple Watch Band Fits Everyone; Suggested For 5.5 Inch - 7.3 Inch Wrist Size Of Women",5.9,,400.0,False,False
,Not ranked,0,Stone Decor Beaded Necklace,1.9,,600.0,False,False
,Not ranked,3,Round Drop Earrings,1.65,,10000.0,True,False
,Not ranked,0,Water Drop Earrings,1.3,,4700.0,False,False
,Not ranked,0,4pcs/Set Stupa Crystal Tassel Pendant Multilayer Beaded Bracelet,1.9,,7500.0,False,False
,Not ranked,39,"1pc Natural Amethyst Bracelet, Energy Bracelet For Women & Men",1.46,,10.0,True,False
,Not ranked,0,"16pcs/Set Bracelet Pack, Colorful Beaded Bohemian Style Bracelets, Swiftie Bracelets",4.6,,1600.0,False,False
,Not ranked,0,2pcs Shell Decor Anklet,2.0,,10000.0,False,False
,Women Single Ring,0,"1pc Geometric Irregular Four Leaf Clover Ring, Suitable For Women's Daily Wear",1.9,4,,False,True
,Not ranked,0,1pc Light Luxury Elegant Creative Faux Pearl & Rhinestone Inlaid Bracelet For Women's Fashion Party Accessories,1.6,,3000.0,False,False
,Not ranked,0,1pc Fashion Cubic Zirconia Circle Pendant Necklace For Women For Gift Copper Jewelry,1.7,,3300.0,False,False
,Fine Rings,0,"925 Sterling Silver Sparkling Heart & Wishbone Design Ring For Women, Unique & Elegant Gift For Anniversary, Valentine's Day & Christmas Wedding Engagement Bridal Jewelry",7.5,5,,False,True
,Not ranked,0,Heart Design Earrings,1.5,,7700.0,False,False
,Women Hoop Earrings,1,6pcs/Set Fashionable Metallic-Like Ccb Smooth Gold-Plated C-Shaped Hoop Earrings Set For Women's Daily Casual Wear,1.98,3,,True,True
,Not ranked,0,SHEIN Belle Flower & Faux Pearl Design Stud Earrings,1.9,,5100.0,False,False
,Not ranked,71,"1pc Unisex Black Suspender With Elastic Woven Tape & Strong Clips, Suitable For Daily Wear",0.88,,200.0,True,False
,Hat Storage,50,1 Pc Large Capacity Baseball Cap Holder With Adjustable Strap - Perfect For Travel!,5.87,1,,True,True
,Cigarette Cases,6,"1Pc Two Pre-Rolled Herb Cones And Lighter Storage Box, Colorful Portable Integrated Flip-Top Cigarette And Tubes Stash Case, Household Gadgets, Smoking Trees Accessories",1.78,1,,True,True
,Not ranked,0,"4pcs/set Bohemian Style Wooden Necklace, Bracelet, Earrings Women's Jewelry Set",3.5,,5200.0,False,False
,Women Dangle Earrings,0,"1pair Elegant Western Style Ribbon Bow, Faux Pearl, Rhinestone & Tassel Party Earrings For Women",1.4,3,,False,True
,Women's Reading Glasses,6,1 Pcs Reading Glasses Chic Fashion Glasses For Women Men Blue Light Blocking Glasses Casual Lightweight Eyeglasses,3.4,1,,True,True
,Women Bracelet Sets,20,6pcs Twist Detail Bracelet,2.16,3,,True,True
,Jewelry & Watches,0,Initial Necklace Square Letter Pendant Necklace Capital Monogram Necklace Alhpabets from A-Z Figaro Chain Necklace,2.7,7,,False,True
,Not ranked,0,4pairs/set Water Drop Earrings,1.7,,9100.0,False,False
,Not ranked,20,Women's Hollow Out Heart & Rhinestone Pendant Necklace,1.04,,10000.0,True,False
,Not ranked,55,"1pc Men's Pre-Tied Zipper Tie, Black Diagonal Striped Necktie For Business Formal Dress, Gentlemen Style, Retro Navy Striped Tie 48x6cm Casual",1.07,,400.0,True,False
,Not ranked,20,"2pcs Versatile Ccb Geometric Waterdrop Shaped Earrings, Suitable For Festival, Birthday, Party, Wedding, Holiday, Shopping, Work",1.04,,1100.0,True,False
,Not ranked,20,Spiral Drop Earrings,0.88,,10000.0,True,False
,Women hats,8,Sun Visor Hats For Women Wide Brim Straw Roll-Up Ponytail Summer Beach Hat UV UPF Packable Foldable Travel Boho Bow,5.9,1,,True,True
,Women Necklaces,0,1pc Stainless Steel Rotating Five Petals Flower Shaped Pendant Necklace For Women,2.7,7,,False,True
,Not ranked,5,"2pcs Women's Oversized Black & White Satin Bow Hair Clip, Elegant & Versatile Retro Fashion Hair Accessory For Daily Wear & Outfit Decoration Cute",1.9,,10000.0,True,False
,Not ranked,8,5pcs Women's Square Plastic Fashion Glasses With Decorative Design Street Shades Beach Accessories,5.5,,4200.0,True,False
,Not ranked,0,1pair Y2K Bowknot Cubic Zirconia Stud Earrings For Women Korean Fashion Personality Earring Girl Party Jewelry Gifts,1.4,,9700.0,False,False
,Auxiliary Tools,63,1pc Plastic Bead Design Boards Pink Creative Plastic Design Board For Women For DIY Jewelry Making,1.14,6,,True,True
,Women Bangles,20,"A Golden Fashionable Water-drop-shaped Zinc Alloy Bracelet With Street Chic Personality, European And American Style, High-end Atmosphere, Exaggerated Simplified Geometric Abstract Designs, Vintage, Chic, Luxurious, Elegant, Suitable For Daily Commute, Friend Gathering, Romantic Holidays, Street Snap, Lady Fashion Show, Business Meetings, And All Kinds Of Occasions.",2.56,7,,True,True
,Not ranked,50,"Gift Boxed Set Of Men's Formal Wedding Tie, Blue Classic Necktie, Pocket Square And Boutonniere",4.15,,,True,False
,Not ranked,82,"1pc Women's Daisy & Heart Shape Colored Plastic Hair Claw Clip, For Daily Wear All Year Round Boho",0.29,,3000.0,True,False
,Not ranked,20,1pc Glamorous Zinc Alloy Rhinestone Detail Flower Decor Bracelet For Women For Daily Decoration,1.76,,10000.0,True,False
,Men Fashion Glasses,20,6pcs/Set Men's Metal & Plastic Geometric Fashion Glasses Combination Casual Shades Accessories,8.4,7,,True,True
,Black Women Hair Accessories,15,"100pcs Simple Elastic Seamless Hair Ties For Women, Perfect For Daily Use Casual",1.71,1,,True,True
,Women Pendant Necklaces,20,Cubic Zirconia Cross Charm Necklace,1.68,10,,True,True
,Not ranked,1,1pc Personalized fashion women's year of birth pendant necklace suitable for commemoration,1.98,,10000.0,True,False
,Women Hats,20,"1pc Women's Handmade Crochet Sunflower Pattern Decorated Colorful Patchwork Fishing Hat, Cute & Sweet Style For Traveling And Outdoors",6.24,4,,True,True
,Boho Hair Clips,8,2pcs Women White Yellow Flower Decor Alligator Hair Clip Boho,1.2,10,,True,True
,Women Chain Necklaces,0,"1pc Luxury Water Drop Rhinestone Claw Chain Soldered Rhinestone Necklace For Women, Perfect For Wedding, Engagement, Evening Party",2.8,3,,False,True
,Not ranked,27,1 Strand Gemstone Stripe Stone Spacer Loose Round Beads For Jewelry Making 4-10 MM DIY Bracelets Accessories Wholesale 15'',1.32,,300.0,True,False
,Women Layered Necklaces,0,"1pc Double-Layered Gold-Tone Butterfly Necklace With Rhinestones, Alloy Material, Perfect Gift For Girlfriend",1.2,1,,False,True
,Women Bracelet Sets,0,2pcs Fashionable Classic Black & White Clover Design Bracelet Set,2.7,6,,False,True
,Women Stud Earrings,8,"24pcs/set Fashionable Minimalist Sparkling Cubic Zirconia Stud Earrings For Party, Date And Daily Wear",1.29,5,,True,True
,Not ranked,20,1pc Y2K Zinc Alloy Silver Color Glass Rhinestone Decor Heart Pendant Necklace For Women For Dating Gift,1.2,,8000.0,True,False
,Women Chain Bracelets,20,Flower Charm Bracelet,2.08,4,,True,True
,Not ranked,20,"Boho Trendy New Arrival High-End Square Frame Double Beam Sunglasses Unisex, Retro Oceanic Piece Stylish Shades For Beach & Club Parties Shades Beach Accessories",2.64,,2900.0,True,False
,Women Stud Earrings,0,"European & American Style Glowing Hollow Out Punk Style Comma & Teardrop Shaped Zinc Alloy Earrings, Shallow Gold, For Women, Trendy, Vintage, Influencer Style, Unique, Everyday Wear",1.3,2,,False,True
,Not ranked,44,"1pc Ladies' Valentine's Day Fashionable Light Luxury Personality Simple Five-Pointed Star Flower Copper Chain Bracelet, Suitable For Wedding Graduation Dates Gift",1.01,,1900.0,True,False
,Women Fashion Jewelry,20,1pair Copper Material Simple U-shaped Hoop Earrings For Women,1.92,10,,True,True
,Not ranked,43,1 PC Of Belt Men's Leather Pin Buckle Youth Casual Business Belt In Young People Korean Jeans Trouser Belt Vintage,3.57,,50.0,True,False
,Not ranked,20,1pc Cubic Zirconia Cross Charm Necklace Copper Jewelry,1.2,,10000.0,True,False
,Women Bracelet Sets,20,1set Bohemian Tassel & Hollow Out Tree Decor Beaded Bracelet For Women For Gift,2.32,8,,True,True
,Not ranked,20,Metallic Women's Titanium Steel Butterfly & Heart Pendant Link Chain Bracelet,1.04,,10000.0,True,False
,Women Beaded Bracelets,0,Kawaii Cat Bracelet Small Fresh Crystal Pendant Bracelet For Student Girlfriend Birthday Gift Accessories,3.0,1,,False,True
,Square Women Glasses Sets,7,5pcs Trendy Retro European And American Style Women's Oversized Personality Y2k Beach Cute Sunglasses For Summer,7.1,4,,True,True
,Women Pendant Necklaces,0,Double Layer Heart Necklace,1.2,7,,False,True
,Women Foot Jewelry,1,2pcs Metal Double Layered Uniquely Designed Ins Style Simple Commuter Daily Wear Anklet For Women,1.78,2,,True,True
,Men Chain Necklaces,0,1 pc Male fashion exaggeration popular with celebrity hip hop necklace,2.4,9,,False,True
,Jewelry & Watches,0,"7pcs Bohemian Style Beaded Bracelets With Shell, Beads & Starfish Pendants For Women (Bead Colors Are Randomly Matched)",2.1,3,,False,True
,Not ranked,10,6/8/10mm Natural Faceted Rubys Chalcedony Jades Stone Loose Spacer Round Beads For Jewelry Making DIY Necklaces Bracelets,1.89,,60.0,True,False
,Not ranked,20,1 Pair Fashion Cubic Zirconia Stud Earrings For Women For Wedding Engagement Anniversary Party Jewelry Valentine's Day Gift,1.84,,10000.0,True,False
,Not ranked,0,1pc Glamorous Cubic Zirconia Heart Decor Bracelet For Women For Gift,6.0,,3400.0,False,False
,Not ranked,20,2pcs Women Bow Ribbon Decor Black And Beige Hair Clip Cute,2.4,,10000.0,True,False
,Women Pendant Necklaces,1,1pc Gold Plated Copper Chunky Alphabet Balloon Bubble Initial Letter Pendant Necklace for Women Men Personalized Fashion Jewelry,1.88,2,,True,True
,Not ranked,7,1pc Double Ring Heart Design Tender And Sweet Pendant Necklace With Cubic Zirconia,1.39,,7700.0,True,False
,Jewelry & Watches,0,"7pcs New Fashion Women Bracelet Set, Handmade Beaded Bracelet With CCB Gold Beads And Elastic Cord",1.9,5,,False,True
,Not ranked,0,1Pc Exquisite Golden Initial Necklace Heart Carved 26 Letter A-Z And Flower Necklace For Women Daily Decoration,2.3,,10000.0,False,False
,Women Necklaces,20,26pcs American-european Style Stainless Steel Short Collarbone Chain Personalized Initial Name Letter Pendants Necklace For Women,1.28,5,,True,True
,Not ranked,20,12pairs Cubic Zirconia Decor Stud Earrings,1.28,,10000.0,True,False
,Not ranked,32,1set/4pcs Men's Wooden Beaded Braided Bracelet With Pu Leather Combination As Retro Style,1.29,,40.0,True,False
,Women Chain Bracelets,20,Cubic Zirconia Flower Decor Bracelet,1.68,8,,True,True
,Not ranked,0,"1pc Tassel Necklace For Women, Fashionable Collar-Bone Chain Accessory With Advanced Sense Of Design And Sweet/Cool Feel. Features A Shiny Butterfly Design Pendant For High-Class Look. Suitable For Valentine's Day Gift Giving.",1.4,,6600.0,False,False
,Men Pendant Necklaces,0,"1pc Fashionable 18K Gold-Plated Stainless Steel Double-Sided English Alphabet Pendant Necklace With 26 Letters, Suitable For Men's Daily Wear",2.4,10,,False,True
,Not ranked,0,1pc Bowknot Pendant Necklace,1.2,,10000.0,False,False
,Not ranked,0,"1set/6pairs Fashionable Zinc Alloy Gold Plated Textured Big C-Shaped Hoop Earrings, Suitable For Ladies' Daily Wear In Simple And Cool Style",1.5,,3600.0,False,False
,Women Stud Earrings,0,Rhinestone & Faux Pearl Decor Earring Jackets,1.1,3,,False,True
,Not ranked,0,1Pc Exquisite Cubic Zirconia Initial Necklace Heart Carved 26 Letter A-Z And Flower Necklace For Women Daily Decoration,2.4,,10000.0,False,False
,Not ranked,20,1pair Women Square Frame Eyeglasses,3.36,,3600.0,True,False
,Women Earring Sets,0,"48 Pieces/Set Of Fashionable Earrings With Various Elements Such As Butterfly, Heart-Shaped, Pearl, Rhinestone, Geometric Design, Knot Style, Etc; Suitable For Vacation, Parties, Dates, Gifts, Daily Wear, Valentine's Day Gifts",4.0,1,,False,True
,Not ranked,27,Men's Simple Fashionable Black Volcanic Stone Beaded Cross Bracelet,1.76,,30.0,True,False
,Black Women Belts & Belts Accessories,12,"2pcs Waistband Extender Buckle, Elastic Adjustable Pant Extension, Maternity Pants Stretch Button",1.5,10,,True,True
,Not ranked,22,1Pc Obega Lovely Bear Necklaces for Women Cubic Inlaid Golden Neck Chain Female Necklaces Cute Jewelry Pendant,1.72,,10000.0,True,False
,Not ranked,20,Gold Color Stainless Steel Square Initial Letter Necklaces,1.52,,10000.0,True,False
,Hair Bands,9,"4pcs/Set Women's Multicolor Fabric Fashionable All-Match Headbands, Suitable For Daily Wear Casual",3.37,1,,True,True
,Women Necklace Sets,20,2/3pcs Rhinestone Chain Necklace,1.6,7,,True,True
,Square Women Glasses Sets,7,3pcs Trendy Y2k Style Square Frame Cute Everyday Fashion Glasses For Men & Women,2.8,5,,True,True
,Women Necklaces,20,"3pcs Fashionable Simple Bohemian Style Shell & Beaded Woven Collarbone Chain Set For Women, Beach Travel Decoration",1.92,6,,True,True
,Hair Clips,8,"60pcs Gold Color Hair Rings For Braids, Punk Street Style Women's Hair Accessories For Festival",1.2,2,,True,True
,Not ranked,0,"12pairs/set Simple C Shaped Hoop Earrings For Ladies, Perfect For Dating, Vacation, Christmas Gift",1.9,,10000.0,False,False
,Not ranked,50,"1pc Men's Saxophone Printed Fashion Necktie, Musical Festival Personalized Tie With Handmade Music Note Design, Suitable For Holiday Parties And Banquets",1.45,,,True,False
,Not ranked,0,1PC Fashion Copper Alphabet Cubic Bubble Pendant Necklace A-Z Initial Letter Name Collarbone For Men Women Gift,3.7,,10000.0,False,False
,Women Beaded Bracelets,0,"1pc Grey Moonlight Crystal Charm Bracelet With Butterfly And Star Design, Perfect For Bestie",1.3,9,,False,True
,Women Fashion Glasses,7,Cute 1 Pair Square Beach Sunshade Fashion Sunglasses,2.5,7,,True,True
,Women String Bracelets,0,"6pcs Wwjd Letter Jacquard Knit Wristband Bracelet, Unisex Sports Wristband",1.7,3,,False,True
,Men Baseball Cap,10,"1pc Men's Embroidered Baseball Cap, Fashionable Trucker Hat With Adjustable Strap For Outdoor Activities, Suitable For Spring And Autumn Traveling, Beach Vacation, Sun Protection, Leisure Activities Street",4.7,4,,True,True
,Pink Hair Clips,21,"15pcs Pink Hair Clips, Heart & Star Shape Barrettes, Gradient Matte Hairpins & Clips For Women, Daily Wear, Dopamine Colorway (With Cardboard Packaging) (Can Also Be Purchased Separately)",1.5,5,,True,True
,Women Earring Sets,0,"6 Pairs Geometric Creative Fashion Minimalism Daily Wear Exquisite Small Earrings Accessories With A Cool-Tone Style, Suitable For Women\ Daily Wear",1.5,4,,False,True
,Not ranked,20,6pcs/set Fashion Bohemian Glass & Synthetic Crystal Bracelet Set For Women,2.72,,5400.0,True,False
,Women Beanie Hat,20,"Fashionable Streetwear Hip Hop Cap, Knitted, Autumn/winter, Women's, Letter Embroidery Design, Skullies Beanies",2.56,5,,True,True
,Not ranked,47,50/100/200pcs Stainless Steel Jump Rings Golden Silver Color Open Split Rings Connetors For Jewelry Making DIY Bracelets Necklace Earrings Accessories Supplies 3/4/6/8mm,0.69,,200.0,True,False
,Women Hair Accessories,19,500pcs/1000pcs Clear Women Solid Casual Disposable Hair Tie For Daily Life Hair tie rubber band disposable rubber band hair tie small fresh hair tie hair band accessories,0.97,7,,True,True
,Not ranked,11,"1pc-4pcs Love Theme Matte Clear Square Large Plastic Hair Claw Clip, Pink, Fashionable, Versatile, Elegant And Refined Hair Accessory For Daily, Travel, Bathing, Make-Up And Matching Clothing",1.7,,10000.0,True,False
,Not ranked,0,1pc Bohemian Shell & Flower Decor Bracelet For Women For Vacation,1.7,,7800.0,False,False
,Not ranked,20,1pc Bohemian PU Polyurethane Cubic Zirconia & Heart Decor Layered Bracelet For Women For Gift,2.72,,6000.0,True,False
,Women Hoop Earrings,0,"Luxurious Mesh Crystal Hoop Earrings For Women, Fashionable Ear Clip Circle Shaped Earrings With Design Sense",1.9,6,,False,True
,Not ranked,0,"2pcs Simple & Fashionable Five Petal Flower Shaped Copper Bracelet For Women, Suitable For Date, Graduation Gift, Daily Wear",2.6,,8300.0,False,False
,Women Body Jewelry,0,"1set Stainless Steel Magnet Nose Ring Horseshoe Clip Non-Piercing Magnetic Nose Stud With 1pc Nose Ring, 2pcs Substitute White Crystal Balls, Women's Fashion Everyday Nose Jewelry",1.5,6,,False,True
,Women Nose Ring,0,5Pcs Non Piercing Nose Ring Fashion Punk Non Piercing Stainless Steel Nose Clip Women Men Fake Piering Nose Ring Fashion D-Shape Nose Septum Body Jewelry,1.3,1,,False,True
,Not ranked,2,"22pcs Simple Metallic Geometric Stud Earrings Set For Women, Suitable For Vacation, Date, Gift And Daily Wear",2.65,,10000.0,True,False
,Not ranked,10,"1pc Mermaid Color Faux Pearlescent Powder Pigment, Glitter Mica Powder For DIY Epoxy Resin Dye, Resin Art Decoration Jewelry Making Supplies",1.53,,10.0,True,False
,Not ranked,10,"10 Random Color Ladies Big Bow Hair Clips, Stylish Elegant Silk Bow, French Vintage Bow Hair Accessories, Cost-Effective Worthy Gifts, Quick Ship,Perfect For Parties",8.1,,3900.0,True,False
,Not ranked,20,Cubic Zirconia Flower Stud Earrings,1.12,,7800.0,True,False
,Women Eyeglasses,4,"1pc Blue Light Blocking Glasses, Computer Reading/Gaming/TV/Phones Glasses For Women Men,Anti Eyestrain & UV Glare",2.2,2,,True,True
,Not ranked,20,"Square Shaped Shimmering Cubic Zirconia Inlaid Pendant Earrings Set, Made Of Silver-plated Copper, Elegant And Simple Style,suitable For Daily Wear, Parties And Gatherings",1.52,,7200.0,True,False
,Not ranked,48,6000 Pcs 24 Colors Flat Round Polymer Clay Beads 6mm Spacer with Pendant Charms Kit and Elastic Strings for Jewelry Making Kit,5.19,,2700.0,True,False
,Hair Bands,10,6pcs Women's Multi-Color Solid Color Sports Sweat-Absorbent Elastic Daily Versatile Headband Casual,1.71,2,,True,True
,Not ranked,0,"1pair Bohemian Style Colorful Beaded Woven Earrings For Women, Daily Jewelry Accessories",2.9,,5200.0,False,False
,Women Earrings,20,Flower Decor Drop Earrings,1.36,8,,True,True
,Not ranked,41,50pcs Organza Mesh Bags Small Drawstring Mesh Jewelry Candy Pouches Wedding Party Baby Shower Favor Gift Bags,1.96,,200.0,True,False
,Not ranked,0,"36pcs/set Multifunctional Bohemian Glass & Crystal Beaded Bracelets, Can Be Worn Together With Outfits",12.5,,1300.0,False,False
,Not ranked,0,"1pc Stainless Steel Simple A-Z Letter Pendant Necklace, Fashion Party Gift",1.8,,9700.0,False,False
,Gift Packaging & Jewelry Displays,9,"100pcs Pvc Transparent Resealable Jewelry Bags With Ziplock,Anti-Oxidation,Prevents Tarnishing,For Storing Earrings, Necklaces, Jewelry, Small Gift, Accessory Party Favor Pouches",1.09,1,,True,True
,Not ranked,0,Random Color Rhinestone Decor Square Drop Earrings,2.4,,10000.0,False,False
,Men Chain Bracelets,20,Men Minimalist Chain Bracelet,1.12,10,,True,True
,Not ranked,20,Bow Decor Stud Earrings,0.96,,9400.0,True,False
,Not ranked,20,Palm Tree Charm Necklace,1.04,,10000.0,True,False
,Not ranked,0,1pc Simple Stainless Steel Birthday Year Letter Pendant Necklace,1.8,,6700.0,False,False
,Women Necklaces,0,"1pc Gold-color Rectangular Tag Feature Alphabet Letter Engraving Pendant Necklace For Women, Elegant Fashionable Jewelry Gift",1.7,4,,False,True
,Not ranked,40,1pc Men's Fashionable Trendy Feng Shui Piyao Stretch Bracelet,0.96,,30.0,True,False
,Women String Bracelets,0,1 pc Healing Crystal Bracelet: 7 Chakra Stone Yoga Reiki Bracelet for Women,2.6,2,,False,True
,Not ranked,0,1pc Fashionable Beach Vacation Style Sea Shell & Starfish Pendant Collarbone Necklace For Dating Gift,1.4,,9500.0,False,False
,Not ranked,0,"10pcs Clear Jewelry Box,Mini Clear Jewelry Storage Box Multifunctional Portable, Gift For Valentine's Day",1.6,,1200.0,False,False
,Not ranked,20,1pair Luxury & Elegant Twist Waterdrop Cubic Zirconia Stud Earrings For Decoration,1.12,,10000.0,True,False
,Not ranked,2,1pc Fashion trend retro personality Commemorative significance birthday year gold stainless steel pendant necklace,1.66,,8800.0,True,False
,Not ranked,7,"10pcs Plastic Frame Square Beach Sun Shades Sunglasses, Multicolor Cute Shades Beach Accessories",11.3,,2500.0,True,False
,Women Chokers,0,1pc Fashionable Simple Multicolored Beaded & White Seed Bead Necklace Women's Daily Accessory,1.4,4,,False,True
,Not ranked,20,20pcs/set Bohemian Style Glass Bead Seed Bead Bracelet,1.68,,4400.0,True,False
,Casual Women Hair Accessories,5,"100pcs/Pack 5cm Black Metal Hair Clip, Simple Hair Barrette, Women Wave Hair Grips, Bobby Hair Pins For Girls, Hair Styling Accessories Casual",1.8,10,,True,True
,Not ranked,20,"20pcs 10cm Multicolor Beaded Chain Suitable For Keychains, Dolls, Tags, Diy Bracelet Making Jewelry Connectors",0.96,,100.0,True,False
,Women Chain Bracelets,0,Starfish & Fish Tail Charm Bracelet,1.9,1,,False,True
,Not ranked,13,Flower Decor Hair Clip Boho For Women Daily Decoration,1.4,,4100.0,True,False
,Not ranked,0,Charm Bracelet for Women Lady's Pendent Charm Bracelet,2.0,,8500.0,False,False
,Women Earring Sets,0,30pairs Tree & Flower Design Earrings,2.7,8,,False,True
,Women String Bracelets,0,Faith WWJD Bracelet What Would Jesus Do Bracelets WWJD Bracelets Letter Matching Couples Protection Braided Rope Inspirational Religious Christian Gifts Friendship Bracelet Gift,2.0,1,,False,True
,Not ranked,11,"1pc Elegant Retro Style Pure Color Hair Bow Clip With Ribbon Streamers, Perfect For Daily Use, Festival Gift, And Party Cute",1.6,,5500.0,True,False
,Not ranked,0,"1pc Vintage Stainless Steel Letter Ring, Women's 12 Constellations English Alphabet Ring",1.9,,4800.0,False,False
,Women Ear Cuffs,20,2pcs Simple And Fashionable C-shaped Ear Clips,1.6,6,,True,True
,Not ranked,0,"1pc European-Style Vintage Classic Design Twisted Iron Loop Wide Band Ring, Perfect For Anniversary, Birthday, Party And Evening Events",1.6,,1000.0,False,False
,Not ranked,50,"1pc Men's Black Leather Shoulder Strap, Fashionable And Sexy Harness, Suitable For Party, Street, Club Outfits",2.15,,,True,False
,Not ranked,0,30pairs Heart & Flower Stud Earrings,2.8,,7900.0,False,False
,Hair Claws,5,Bow Design Hair Claw Casual,1.8,9,,True,True
,Not ranked,0,rakol 1pair Glamorous Copper Cubic Zirconia Star Decor Stud Earrings For Women For Daily Decoration,2.0,,7100.0,False,False
,Casual Hair Clips,5,"2pcs Women's Oversized Satin Black & White Bow Hair Clip, Elegant & Minimalist Style Spring Clip, Suitable For Daily Wear, Party, Work, Vacation, Washing Face, Makeup And Outfit Matching",1.9,9,,True,True
,Hair Claws,11,1pc Women White Faux Pearl Decor Hair Claw Elegant,1.43,5,,True,True
,Women Foot Jewelry,0,"1pc Fashionable Stainless Steel Drawstring Anklet For Women, Simple & Versatile Anklet Accessory",1.9,5,,False,True
,Not ranked,0,1 pc Fashion Style Gold Titanium Steel Year Digital Time Pendant Necklace for Men's Daily Wear,1.9,,1600.0,False,False
,Women Accessories,7,"12pcs/Set Exfoliating Hair Brush Kit With Silicone Scalp Massager, Rat-Tail Comb And Spray Bottle - Suitable For All Hair Types And Travel Needs",8.6,1,,True,True
,Not ranked,20,5 pcs Metal Women's Sexy Simple Daily Bracelet Set,1.76,,10000.0,True,False
,Not ranked,15,"Luxurious Gold Plated Men's Bracelet: Elegant, Fashion-Forward Party Accessory & Ideal Gift",2.81,,20.0,True,False
,Gift Packaging & Jewelry Displays,58,50pcs Fun Plastic Simple Transparent Laser Color Storage Bag Earring Packaging Bag Necklace Bracelet Ring Small Items,0.97,7,,True,True
,Not ranked,20,"23pcs Luxury Light Eye & Faux Pearl & Rhinestone & Multi-Element Ring Set, Suitable For Women's Daily Wear",1.84,,8400.0,True,False
,Women Anklets,20,Heart Decor Layered Anklet,1.04,8,,True,True
,Women Anklets,0,"3pcs/Set Women's Fashionable Minimalist Butterfly Pendant Twisted Chain Metal Foot Chain, Holiday Party Dating Gift, Daily Wear, Beach Vacation Style",1.5,6,,False,True
,Not ranked,20,1pair High-grade Flower Petals & Ball Shaped Dangle Earrings,1.12,,5400.0,True,False
,Not ranked,1,1pc Twelve Constellations Fashion Sexy Ankle Chain For Women's Stainless Steel Beach Feet Jewelry Decoration,2.18,,10000.0,True,False
,Jewelry Making,0,100pcs/set Silicone Ear Back Plug,1.0,2,,False,True
,Not ranked,0,1pc Simple Bowknot Pendant Necklace,1.4,,7500.0,False,False
,Not ranked,20,"2pcs Geometric Double Circle Design Copper & Rhinestone Dual-use Earrings For Women, Daily Dating Party Gift",1.6,,10000.0,True,False
,Not ranked,19,Natural Turquoises Howlite Stone Sediment Jaspers Round Loose DIY Beads for Jewelry Making Bracelets 15'',1.95,,100.0,True,False
,Not ranked,7,"3pcs/Set Women's Gold Round Hair Clips With Rhinestones For High Ponytail Fixation, Anti-Slip, Suitable For Daily Wear, Home, Outdoor, Commute, Gift Elegant",2.5,,3700.0,True,False
,Not ranked,7,"Self Defense Keychain Set For Women Safety Keychain Full Set With Personal Alarm, Knife Keychain Accessories Birthday Gifts For Mom Women Girls Casual",8.9,,2600.0,True,False
,Jewelry Trays,20,"1pc Irregular Cloud-Shaped Ceramic Tray Jewelry Storage Tray Home Decoration For Jewelry Collection, Gift For Valentine's Day",8.32,7,,True,True
,Not ranked,0,2pcs/Set Fashion Heart & Faux Pearl Decor Necklace For Women For Daily Decoration Copper Jewelry,1.6,,10000.0,False,False
,Not ranked,0,7pcs/Set Fashionable Handmade Beaded Bracelet Set Suitable For Women's Daily Wear,2.0,,2900.0,False,False
,Women Hats,9,"2024 Fashionable Summer Hat For Women, Visor Sun Hat, Korean Style, Foldable Straw Hat With Wide Brim For Sun Protection",5.3,9,,True,True
,Women Chokers,0,"18k Gold Plated 1pc Stainless Steel Beaded Necklace, Suitable For Daily Wear And Holiday Gifts For Friends",2.5,1,,False,True
,Not ranked,0,Geometric Drop Earrings Boho Vintage Stairs Half Circle Geometric Pendant Earrings Women Fashion Gifts,1.5,,900.0,False,False
,Hair Styling Tools,5,1pc Women's Macaron Air Cushion Comb With Mirror & Portable Solid Color Massage Comb,1.8,6,,True,True
,Not ranked,42,100cm 1/1.5/2/2.5mm Stainless Steel Gold Color Chain DIY O Shape Cross Chains For Necklace Bracelets Jewelry Making Accessories,0.76,,100.0,True,False
,Not ranked,20,30pairs Rhinestone Decor Stud Earrings,2.16,,10000.0,True,False
,Not ranked,0,"1pc Cool Summer Hollow Out Flower Shaped Metal Necklace, Geometric Clover Design Pendant Necklace For Back-to-school Party",1.6,,1500.0,False,False
,Women Glasses & Eyewear Accessories,6,"Boho 1pc Women's Multicolor Butterfly Shaped Frame Decorated With Ombre Style, Fashionable Travel Sunglasses",3.3,4,,True,True
,Not ranked,20,Heart Stud Earrings,1.04,,10000.0,True,False
,Not ranked,0,1pc Random Fashion Glass Starfish Charm Chain Anklet For Women For Daily Decoration,1.5,,5600.0,False,False
,Not ranked,20,2pcs Couple Glow In The Dark Heart Charm Beaded Bracelet,2.16,,6600.0,True,False
,Not ranked,7,"20pcs Mixed Color Matte Mini Flower Design Hair Clip, Suitable For Daily Use Cute",1.3,,4800.0,True,False
,Not ranked,0,Elegant Imitation Pearl Decorated Necklace,1.2,,3000.0,False,False
,Not ranked,0,Heart & Turquoise Decor Beaded Anklet,1.7,,10000.0,False,False
,Not ranked,39,1pc Men Sports Body Shaper Waist Belt Silver Coated Zippered Abdomen Compressive Sauna Tank Top Activewear Sweat Vest,4.95,,,True,False
,Hair Styling Tools,6,"1pc Unisex Hair Root Comb Styling Applicator With Comb Teeth, Scales, Hair Dye & Hair Perm Bottles, Ideal For Home Hair Styling Tools",1.5,7,,True,True
,Jewelry Making Earring Findings,0,"Earring Backs With Pad Earring Safety Backs, Earring Backs For Dropy Ears Studs Fishhook Earring Backs Replacements Clutch Back Earrings Replacement For Heavy Earring",1.8,7,,False,True
,Not ranked,0,"4pcs/Set Gold And Silver Irregular Waterdrop Earrings, European And American Style, Simple And Geometric, Acrylic For Daily Casual Wear",1.8,,1800.0,False,False
,Keyrings & Keychains,12,Elegant 1pc Initial Letter English Alphabet Keychain With Snowflake & Butterfly Tassel Ornament For Ladies' Handbag Decoration Gift,1.5,3,,True,True
,Not ranked,0,"1pair Bohemian Style Fashionable Silver Flower & Faux Pearl Decor Women's Elegant Stud Earrings, Perfect For Gift, Date, Wedding & Party",1.6,,10000.0,False,False
,Not ranked,0,2pcs Fashion Retro Earrings Imitation Turquoise Earrings Bohemian Earrings Jewelry Women's Earrings Jewelry Birthday Anniversary Gift For Lovers And Friends Valentine's Day Earrings Gift,1.8,,4200.0,False,False
,Women Hair Bonnets,5,"1pc Women's Solid Color Satin Wide-Brimmed Shower Cap, Suitable For Daily Use Silk Bonnet Satin Bonnet",1.8,1,,True,True
,Not ranked,6,1pc Sunflower Design Golden Chain Anklet For Summer Beach,1.7,,2600.0,True,False
,Not ranked,10,12pcs Silky Scrunchies Satin Scrunchies Black Brown Scrunchie Pack Ponytail Holder Hair Scrunchies Silk Scrunchy Hair Bands Hair Ties,1.9,,2800.0,True,False
,Not ranked,45,1 Strand Smooth Black Hematite Beads for Bracelet for Jewelry Making Supplies,0.82,,200.0,True,False
,Jewelry Making Earring Findings,0,"100pcs Earplugs In Disc-Shaped, Bullet-Shaped And Butterfly-Shaped Soft Silicone Material",1.1,6,,False,True
,Headbands,10,1PC Women Spa Headband For Washing Face Sponge Makeup Skincare Headband Terry Cloth Bubble Soft Get Ready Hairband For Women Puffy Padded Headwear Non Slip Thick Hair Accessory Cute,1.9,9,,True,True
,Women Bangles,0,Twist Design Cuff Bangle,1.3,5,,False,True
,Not ranked,49,20pcs Women Random Color Casual Snap Clip For Hair Decoration For Back To School,0.86,,6900.0,True,False
,Not ranked,0,1pc Simple & Elegant Pendant Necklace Suitable For Women's Daily Wear,1.3,,10000.0,False,False
,Pink Hair Clips,10,18PCS Pink Hair Bows For Women Hair Ribbon For Hair Small Hair Bows Clips Small Satin Hair Clips Mini Bows Hair Barrettes Hair Accessories For Women Girls,1.8,1,,True,True
,Jewelry Boxes & Organizers,0,"10pcs Clear Jewelry Storage Box,Mini Clear Jewelry Storage Box Multifunctional Portable, Gift For Valentine's Day",1.4,5,,False,True
,Women Single Ring,20,Rhinestone Star & Moon Decor Cuff Ring,1.04,9,,True,True
,Eco Friendly Hair Claws,8,4pcs Women Rectangle Fashionable Hair Claw For Hair Decoration For Back To School Cute,2.57,4,,True,True
,Not ranked,0,1pc 15mm Wide & 15m Total Length Colored Polyester Gift Wrapping Ribbon,1.9,,,False,False
,Casual Hair Clips,5,"2pcs Women's Black Large Size Long White Bow Satin Hair Clip, Fashionable And Versatile High-Grade Hair Accessory Suitable For Daily Wear, Parties, Hair-Styling, Makeup, And Clothing Matching, Headband & Accessory",1.9,8,,True,True
,Eco Friendly Hair Claws,12,5pcs Women's Fashionable Flower Decor Hair Claws For Daily Wear Street,4.23,7,,True,True
,Not ranked,7,60pcs/Pack Women's Satin Chiffon Bow Hair Tie Elastic Ribbon Ponytail Holders In Mixed Colors Casual,8.5,,2600.0,True,False
,Not ranked,20,Flower Decor Stud Earrings,1.04,,1000.0,True,False
,Women Hair Accessories,6,"1pc Solid Color Satin Bow Hair Clip With Ribbon Streamers For Women, All-Match Style",1.6,6,,True,True
,Not ranked,7,1pc Unisex Vintage Square Frame Stylish Sunshade Sunglasses For Vacation,4.1,,4100.0,True,False
,Not ranked,0,Rhinestone Butterfly Charm Layered Anklet,2.6,,400.0,False,False
,Not ranked,0,1pc Elegant Faux Pearl Decor Bracelet For Women For Daily Decoration,1.8,,10000.0,False,False
,Not ranked,12,DAZY Metal Hair Claw Street,1.5,,100.0,True,False
,Not ranked,33,"1pc Men's 8cm Solid Twill Weave Casual Fashion Necktie, Business Party Dress Accessory Necktie",1.68,,600.0,True,False
,Not ranked,20,"1pair Simple Faux Pearl Earrings For Women, Ins Style",1.12,,3500.0,True,False
,Not ranked,10,3pcs Hair Bows For Women Silky Satin Hair Ribbon Hair Barrettes Clip Oversized Long Tail Hair Bows Cute Aesthetic Coquette Hair Accessories Preppy Teen Girl Gifts Trendy Stuff Things,3.06,,1000.0,True,False
,Casual Hair Ties,6,50pcs Black Hair Bands For Women Girls Hairband High Elastic Rubber Band Hair Ties Ponytail Holder Scrunchies Accessorie,1.5,10,,True,True
,Not ranked,8,8pcs/Set Frosted Sweet Colored Flower Hair Clips In Random Color For Thick Hair Cute,5.9,,700.0,True,False
,Eco Friendly Hair Claws,12,"8pcs/set Fashionable Versatile Floral Hair Claw Clips For Daily Decoration,flower Hair Claw Clip,Hair Jaw Clips for thin hair, Cute Daisy Hair Clips for Women",5.36,8,,True,True
,Women Hair Bonnets,8,"1pc Women's Stretchy Thick Fabric Bonnet With Ribbon Bow, Silk Satin Material, Suitable For Daily Use Silk Bonnet Satin Bonnet",2.57,2,,True,True
,Hair Ties,7,"5pcs/10pcs High-End Rubber Bands With Simple & Elegant Design, High Elasticity, Durable & Wrapped With Leather, Women's Hair Ties",1.4,6,,True,True
,Black Hair Ties,5,"100pcs/pack Seamless & Highly Elastic Rubber Hair Ties, No Crease Hair Bands, Ponytail Holders For Women",1.8,2,,True,True
,Not ranked,20,Round Drop Earrings,1.2,,9500.0,True,False
,Not ranked,42,1pc Men Solid Tie Formal Business Wedding Necktie For Decoration Casual,1.16,,200.0,True,False
,Not ranked,20,Flower Decor Hoop Earrings,1.44,,3600.0,True,False
,Hair Bands,12,"1 Piece Women's Adjustable Elastic Shower And Face Headband, Non-Slip Headscarf , Foldable And Elastic, Suitable For Use During Makeup, Bathing, Yoga, Beauty, Sports And Running,Absorbs Water And Sweat,Women Headbands,Spa Headband,Makeup Headband,Bath Headband,Sweatband Belt",1.59,4,,True,True
,Not ranked,20,Starfish Decor Beaded Necklace,0.96,,7100.0,True,False
,Not ranked,6,"1pc Unisex Pink Y2k Style Embroidered Coconut Tree Washed Baseball Cap, Ideal For Outdoor Sports, Sun Protection, Daily Commute Casual",4.6,,1000.0,True,False
,Not ranked,8,Party Rhinestone Decor Heart & Tassel Charm Keychain,2.2,,100.0,True,False
,Women Dangle Earrings,20,Faux Pearl Decor Earring Jackets,0.96,1,,True,True
,Women Layered Necklaces,20,1pc Twist Design Layered Necklace Copper Jewelry,1.68,2,,True,True
,Not ranked,34,"1pc Charm Diamond Inlaid Hollow Out Love & Bead Decor Bracelet, Suitable For Women's Daily Wear",1.71,,2000.0,True,False
,Not ranked,20,"Boho 1pc Women's Oversized Square Frame Fashion Glasses, Y2k Personality Festival Accessory In Purple",3.2,,2500.0,True,False
,Not ranked,32,1pc Vintage Handmade Braided Leather Bracelet Men Leather & Alloy & Rope Wristband Jewelry,1.36,,10.0,True,False
,Not ranked,0,6pcs/Set Retro Metallic Twisted Hoop Earrings Set,1.5,,4500.0,False,False
,Women Beaded Bracelets,0,11pcs Bohemian Style Colorful Glass Beaded Bracelet,1.6,7,,False,True
,Women Foot Jewelry,0,"7pcs/set Simple Alloy Beaded Starfish Braided Shell Rope Anklets For Women, Best Gift For Dating",1.9,4,,False,True
,Casual Women Fashion Glasses,7,"5 Pairs Unisex Retro Square Fashion Sunglasses, Classic Decoration, Suitable For Outdoor Travel, Beach Vacation And UV Protection",5.6,9,,True,True
,Women Earring Sets,0,3pcs/set Rhinestone Decor Ear Cuff,1.2,9,,False,True
,Kawaii Cute Keychains,7,1pc Men Keychain Stainless Steel Laser Engraving Drive Safe I Love You Keychain Cute Valentines Day Gift For Couples Gift For Husband Boyfriend,1.3,9,,True,True
,Not ranked,0,Round Drop Earrings,1.4,,5000.0,False,False
,Not ranked,0,Fashionable Necklace With Gold Butterfly Decoration Pendant,1.1,,2900.0,False,False
,Black Hair Claws,11,"1pc Large Size Bow Hair Clip With Satin Ribbon & Hair Claw, Suitable For Elegant Updos And Princess Hairstyles",1.6,3,,True,True
,Men Full Finger Gloves,25,"1 Pair Of White Three-Ribbed Ceremonial Gloves, Thickened Non-Slip Driver Gloves, Sweat-Absorbent And Breathable Ceremonial White Gloves, Parade Gloves, Traffic Security Duty Gloves, Party Dress-Up Gloves",1.43,3,,True,True
,Not ranked,20,22pcs/set Fashionable Butterfly Open Rings Set,1.44,,2900.0,True,False
,Not ranked,0,"1pair Bohemian Vintage Hammered Concave-convex Circle Pendant Earrings For Women, Suitable For Weddings And Parties, As Gifts",1.6,,4200.0,False,False
,Women Necklace Sets,2,2pcs Faux Pearl & Cross Decor Chain Necklace,1.76,4,,True,True
,Women Masks & Visor Hat,6,1Pc Solid Color Adjustable Sun Hats For Women Fashionable Womens Wide Brim Hat Roll-Up Straw Sun Visor Hat,5.8,4,,True,True
,Not ranked,5,5pcs/set Simple Beach Anklet With Chain Design,1.9,,7000.0,True,False
,Not ranked,7,6pcs Summer New Egg Blossom Large Hair Clasp Clip Women's Hair Clip Headwear Clip Candy Color Back Head Hair Bun Hair Claw Hair Clip Fashion Elements Street,5.0,,2100.0,True,False
,Not ranked,0,"1Pcs Hello Kitty Bracelet Friendship Charms Braclet, Adjustable Stainless Steel Kawaii Pink Bangle Bracelets, Charm Matching Bracelets For Women And Teen Gifts",3.0,,4400.0,False,False
,Not ranked,8,10pcs Women Solid Square Fashionable Hair Claw For Daily Decoration For Back To School Casual,4.5,,8100.0,True,False
,Not ranked,7,"12pcs Women's Simple Style Plastic Hair Clip In Black And Brown Floral, Square And Dragon Claw Design. Simple, Stylish And Versatile Hair Accessory To Enhance Your Daily Look, Suitable For Daily Use, Outdoor, Shower, Cleansing, Makeup, Hairstyling And Outfit Matching, Elegant And Fashionable Women's Large Hair Claw Decorative Headpiece.",2.8,,2700.0,True,False
,Not ranked,12,1PC Trendy Minimalist Style Silicone Bracelet For Men Women Never Give Up No Pain No Gain Personality Sports Recognition Wristband,1.67,,100.0,True,False
,Not ranked,65,"Exquisite Bowknot Design With Pink Shiny Zirconia Decor Stud Earrings, Y2K Elegant Style Jewelry Girl Gift",0.49,,1100.0,True,False
,Men Pendant Necklaces,12,"1pc New Luxury Micropavé CZ A-Z 26 Letter Pendant Necklace, Electro -Plated 18K Gold Men Women Initial Name Letter Charm Necklace",2.9,4,,True,True
,Not ranked,5,50pcs Colorful Butterfly Mini Hair Claw Clips Cute,2.0,,2700.0,True,False
,Not ranked,0,10pcs Random Color Shoe DIY Pendant,2.0,,500.0,False,False
,Women Waist Accessories,51,"5pcs/Set Women's Threaded Scarf Ring, T-Shirt Collar & Tie Clip Fashionable Metal Circle Ring, Random Color",0.94,2,,True,True
,Not ranked,0,Cross Decor Beaded Bracelet,1.6,,5100.0,False,False
,Women Fashion Glasses,8,Vintage 1pair Women Flat Top Sunglasses,4.4,6,,True,True
,Not ranked,82,"Street Men's Accessories: Stainless Steel Pendant Keychain - A Perfect Birthday Gift For Bag, Backpack, And Purse - Show Your Family Bond As Cousins",0.24,,1400.0,True,False
,Not ranked,3,Starfish & Shell Decor Bracelet,2.13,,10000.0,True,False
,Not ranked,50,"Purifying Space Energy:1PC Random Natural Selenite Crystal Obelisk,Healing Crystal Wand,Hexagonal Prisms Quartz Tower,Energy Meditation Point,Spiritual Healing Crown Chakra, Taurus Birthstone,Crystal Collection Gift,Birthday Gift,Room Decor, Home Decor, Scene Decor, Desktop Decor,Reiki Ornaments,Helps With Abuse Trauma",1.75,,,True,False
,Not ranked,0,6pcs/set Eye Detail Hamsa Hand & Heart Charm Beaded Bracelet Women's Beaded Multilayer Bracelet Set Boho Devil's Eye Pendant Bracelet Jewelry,2.3,,6600.0,False,False
,Men Necklaces,0,1pc Men's Hip-Hop Basketball & Hoop Shaped Pendant Necklace,1.6,2,,False,True
,Not ranked,0,"1pc Water Drop-Shaped Wrap Ring, Simple Open-Ended Ring For Women, Versatile",1.1,,10000.0,False,False
,Not ranked,8,500pcs/Pack Disposable Hair Ties/ Bands/ Rings/ Elastic Rubber Bands For Hair Styling Casual,1.1,,1300.0,True,False
,Women Single Ring,0,"1pc Vintage Countryside Aesthetic 26 Alphabet Design Adjustable Ring For Women And Couples, Suitable For Party And Travel Gifts",1.9,8,,False,True
,Not ranked,0,Minimalist Twist Hoop Earrings,1.4,,10000.0,False,False
,Not ranked,5,"100pcs Boxed Coffee Color 2mm Thin Hair Ring For Women To Tie Their Hair, Simple Basic Ponytail Suitable For Daily Outdoor Leisure Sports Hair Accessories Gift Casual",1.9,,10000.0,True,False
,Not ranked,0,"1pair Beautiful Circle & Flower Design Creative Earrings, Fashionable Party Accessory",1.7,,3900.0,False,False
,Not ranked,20,"1pair Luxurious Palace Style Earrings With Mesh Pattern, Crystal And Teardrop Pendants For Elegant And Unique Women's Look",1.36,,2600.0,True,False
,Not ranked,37,"100pcs Stainless Steel Fashion Earring Stoppers, Suitable For Various Earring Studs And Earring Hoops Diy Jewelry Making",0.69,,100.0,True,False
,Not ranked,5,1 Pc Woman Original Design Innovative Pencil Hair Clips Claws Cute,1.9,,10000.0,True,False
,Not ranked,0,7pcs/Set Minimalist Gold Beaded Luxury Hand Chain Set,2.1,,800.0,False,False
,Not ranked,0,Structured Hoop Earrings,1.4,,10000.0,False,False
,Jewelry Boxes & Organizers,3,"1pc Multifunctional Simple Ins Organizing Box For Jewelry, Earrings, Necklaces, Rings Storage, Portable Jewelry Case For Travel",2.9,6,,True,True
,Women Dangle Earrings,0,"1pair Irregular Multilayer Colorful Flower Shaped Metal Drop Earrings, Perfect For Dates And Gifting",2.0,5,,False,True
,Pink Hair Clips,13,1pc Sweet Pink Princess Mesh Bow With Long Wavy Ribbon Spring Elegant And Gentle Half-Up Hair Clip Hair Accessory,1.4,7,,True,True
,Not ranked,0,1pair High-End Sweet & Fresh Cherry Gentle & Simple Earrings,1.4,,4600.0,False,False
,Not ranked,8,1pc Women's Colorful Knitted Crochet Fisherman Hat Suitable For Daily Use Boho,6.0,,10000.0,True,False
,Not ranked,7,"Boho 1pc Women's Sunglasses With European And American Style, Black, Oversized Frame, Outdoor Sports Eyewear",2.7,,2100.0,True,False
,Not ranked,49,"5pcs Men's Extension Button, Stretchable Detachable Button For Jeans, Adjustable Waist Button, Random Style",0.87,,20.0,True,False
,Not ranked,5,40pcs Women Star Shaped Fashion Snap Clip For Daily Casual Outing Wear Street,1.9,,10000.0,True,False
,Not ranked,0,1pc Cute Cherry Pendant Necklace For Women For Birthday Gift,1.8,,10000.0,False,False
,Women Ear Cuffs,0,5 PCS Gold Adjustable Ear Cuffs Earrings for Women Girls Non-Piercing Cartilage Clip on Earrings Wrap Ear Jewelry Set,1.2,3,,False,True
,Not ranked,0,20pcs Heart Design DIY Jewelry Accessory,1.3,,100.0,False,False
,Not ranked,6,"3pcs Women's Gold Metal Wave Pattern Thin Hairbands For Bangs, Minimalist Style Headbands Casual Tiaras",1.7,,400.0,True,False
,Not ranked,6,1pc Stylish Y2k Retro Square Frame Cute Daily Unisex Fashion Sports Glasses Shades Beach Accessories,1.6,,2400.0,True,False
,Women Beaded Necklaces,20,1pc Fashionable Irregular Beaded Necklace For Women For Daily Decoration,2.4,7,,True,True
,Men Chain Necklaces,0,"1pc Men's Hiphop Style Copper Maillon Twisted Chain Necklace, Various Lengths And Widths Available",1.9,6,,False,True
,Not ranked,34,"Retro Men's Braided Natural Obsidian Bracelet, Beaded Tiger Eye Leather Braided Stacking Multilayer Bracelet",1.45,,60.0,True,False
,Not ranked,7,Clover Decor Hair Slide With Stick Street,1.4,,400.0,True,False
,Not ranked,67,100pcs 8mm Mixed Color Glass Gradual Change Double Color Beads Diy Bracelet Necklace Materials,0.87,,1000.0,True,False
,Jewelry Findings & Components,0,3Pcs Golden Stainless Steel Necklace Extender Chain Necklace Extenders Tail Chains For Bracelet Anklet Stainless Steel Chain Extenders For Jewelry Making,2.0,6,,False,True
,Not ranked,0,Yanxyad Colorful Beaded Drop Earrings Handmade Square Hoop Bohemia Style Layered Jewelry Vacation Style Party Accessories Gift For Women,2.4,,400.0,False,False
,Not ranked,54,1pc 7.5CM(2.95inch) Ladies Flower Design Hair Clips Back Of Head Flower Grab Clips For Daily Cute Casual,0.69,,900.0,True,False
,Not ranked,20,"Fashionable New Style Full Rhinestone Snake Shaped Bracelet Set Including 4pcs (chain In Green Rhinestone Design, Quantity Of Rhinestones Varies)",1.36,,8600.0,True,False
,Fine Earrings,29,1 Pair Of Minimalist 925 Sterling Silver Bowknot Stud Earrings Suitable For Women Daily Wear,1.99,1,,True,True
,Hair Ties,16,50pcs Simple & High Elasticity Women's Basic Hair Ties For Daily Use Casual,1.35,8,,True,True
,Not ranked,0,Faux Pearl Drop Earrings,1.4,,6700.0,False,False
,Not ranked,26,1pc Middle Ages Traditional Letter Initial Wax Seal Stamp With Brass Head & Wooden Handle For Diy Thanksgiving Card/envelope/gift Wrap/wedding Engagement Party Invitation,2.45,,100.0,True,False
,Not ranked,5,5pcs Bohemian Style Women's Metal Bracelet Set,2.28,,7600.0,True,False
,Not ranked,0,"1pair Bohemian Style Creative Flower Pendant Earrings, Suitable For Women's Daily Wear",1.3,,10000.0,False,False
,Not ranked,29,DAZY 1pc Women Faux Pearl Detail Music Note Design Creative Hair Claw Elegant,1.49,,400.0,True,False
,Not ranked,8,"1Pc New Fashion Anti-Blue Light Unisex Eyeglasses, Colorful Butterfly Frame Flat Glasses Blue Light Frames Clear Glasses Accessories",3.6,,2400.0,True,False
,Not ranked,0,6pcs/Set Multilayer Bohemian Minimalist Metal Chain Women Hand Bracelet Set Simple Chain Bracelet,2.6,,2700.0,False,False
,Not ranked,0,2pcs Random Color Block Beaded Anklet,1.6,,9500.0,False,False
,Women Single Ring,0,2 Pcs Ladies Fashion Simple Rhinestone Love Sparkling Ring Set Party Gift Opening Adjustable,1.2,3,,False,True
,Not ranked,5,6pcs Sports Headbands In Wide Solid Color Plain Design Casual,2.0,,5500.0,True,False
,Not ranked,0,1pc Vintage Elegant Enamel Floral Design Micro-Inlaid Cubic Zirconia & Resin Women Ring,1.8,,700.0,False,False
,Not ranked,34,"1pc Red Adults Shirt Suspender Trousers Suspenders, Unisex & Adjustable With 3 Clips & Elastic Straps",1.77,,100.0,True,False
,Not ranked,0,6pairs/set Fashionable Zinc Alloy Spring Design Cuff Hoop Earrings For Women For Daily Decoration,1.4,,10000.0,False,False
,Not ranked,0,"6pcs Simple C-type Copper Earrings For Women, Date Or Vacation Gift",2.0,,10000.0,False,False
,Women Bangles,0,1pc 18k Gold Plated Titanium Steel Bracelet Vintage Elastic Polishing Bangle For Women Girls Fashion Aesthetic Jewelry,3.7,8,,False,True
,Not ranked,6,2pcs Rhinestone Decor Faux Pearl Hair Clip Royal,1.6,,100.0,True,False
,Not ranked,0,20pcs Mixed Alloy Seashell Gold Color Pendant For DIY Necklace Jewelry Accessories Holiday,2.2,,1100.0,False,False
,Not ranked,2,3 Pcs Bracelet Women's Clay Disc Bracelet Rainbow Polymer Clay Fruit Flower Bead Bracelet Stackable Surfing Elastic Rope Bracelet Summer Beach Jewelry,1.76,,10000.0,True,False
,Square Women Sunglasses,7,5pcs Square Fashion Tinted Lens Y2K Boho Black Pink Sunglasses For Women Outdoor UV Protection Party Accessories. Cute,6.2,10,,True,True
,Casual Women Belts & Belts Accessories,8,Cute 5pcs Women Fashionable Minimalist Butterfly & Square Buckle Belt For Daily Life Bow,6.1,5,,True,True
,Not ranked,6,"1pc Satin Sleep Cap For Women, Wide Elastic Band Sleep Cap, Fashion Satin Cap For Sleeping, Night Sleeping Head Cover Silk Bonnet Satin Bonnet",1.6,,7200.0,True,False
,Not ranked,7,"100PCS Corsage Boutonniere Pins, Sewing Corsages Flower Pins, Long 2inch Floral Diamond Rhinestones Pins, Straight Head Pins For Wedding, Jewelry DIY Decoration, Quilting And Craft By Sunenlyst",2.8,,10.0,True,False
,Women Stud Earrings,4,"1pair Korean Fashionable & Minimalist Gold-plated Small Peanut Shaped Earrings Suitable For Daily Wear, Parties, As A Gift For Valentine's Day",1.34,7,,True,True
,Boho Women Glasses Sets,5,"6pcs/3pcs/1pc Women's Oversized Plastic Gradient Color Fashion Sunglasses Set For Streetwear, Summer, Vacation And Daily Use - Womenswear Boho",1.8,1,,True,True
,Not ranked,4,1pc Metallic Hollow Out Hairpin Ponytail Holder With Teeth Street,2.2,,3600.0,True,False
,Not ranked,0,"1pc Clear Jewelry Box, Plastic Organizer Storage Container With Adjustable Divider For Jewelry Craft Bead, Gift For Valentine's Day",2.8,,6000.0,False,False
,Not ranked,0,1pair Fashionable Faux Pearl Bowknot Design Pendant Earrings,1.5,,6900.0,False,False
,Not ranked,0,1pair Vintage Waterdrop Earrings,1.4,,6300.0,False,False
,Not ranked,71,"1pair Wooden Triangle Shaped Earrings For Women, Vintage And Unique",0.38,,2700.0,True,False
,Not ranked,0,"6pairs/set European And American Exaggerated Metallic Large Hoop Earrings Set, Personality Trendy Simple Fashion Circle Combo Hoop Earrings",1.6,,2600.0,False,False
,Men Single Ring,20,1Pc Glamorous Rhinestone Decor Geometric Design Ring For Men For Party Silver Fashionable Popular Jewelry Gift Party,1.52,8,,True,True
,Not ranked,36,1pc Natural Black Agate Tiger Eye Beaded Bracelet For Men's Fashion Jewelry,0.96,,600.0,True,False
,Gift Wrapping Supplies,0,500pcs 1inch Gold Pink Thank You Stickers Kraft paper Seal Labels Small Business Supplies Handmade With Love Stickers for Gift Decor,1.9,6,,False,True
,Not ranked,34,1pc Women Floral Crochet Fashion Bucket Hat Boho,5.28,,2800.0,True,False
,Men Beaded Necklaces,0,Fashionable and Popular Men's Stainless Steel Minimalist Hoop Earrings for Jewelry Gift and for a Stylish Look,3.4,1,,False,True
,Hair Styling Tools,8,"1pc Pneumatic Cushion Brush, Cute Cartoon Hair Decoration Comb Scalp Massage Comb, Random Color",2.2,2,,True,True
,Not ranked,0,"500PCS Glass Beads For Jewelry Making, 24 Color Randomly 8mm Glass Crystal Beads Friendship Bracelets Making Kit For DIY Earrings Necklaces Rings With Spacer Beads",9.9,,700.0,False,False
,Women Chain Bracelets,0,Cubic Zirconia Cross Decor Bracelet,2.2,7,,False,True
,Men Chain Bracelets,0,"1pc Fashionable Metallic Minimalist Chain Bracelet For Men, Party Gift",1.7,3,,False,True
,Not ranked,0,"1pc Bohemian Style Eye & Colored Oil Drop Design Palm Shaped Stainless Steel Pendant Necklace, Suitable For Daily Wear",2.9,,2200.0,False,False
,Not ranked,23,"1000pcs Clear Mini Elastic Rubber Hair Tie, Durable, Reusable, Soft, Portable, Perfect Accessory For Daily Life And Sports",1.46,,800.0,True,False
,Not ranked,34,8pcs Ring Size Reducer - Invisible Adjuster For Loose Rings - Fit Any Rings - Perfect For Wedding Accessories Men Women Rings Size Loose Rings Essentials,1.32,,80.0,True,False
,Not ranked,0,"1 Pair Of Silver-Color Cubic Zirconia Stud Earrings, Multi-Pierced Earring Effect, Hip-Hop Style, Cubic Zirconia Curved Line And Hook Earrings",1.9,,200.0,False,False
,Not ranked,0,"2pcs New Fashion 14k Gold Plated Stainless Steel Material Waterproof Tarnish Resistant Twisted, Snake & Beaded Chain Bracelet Set, Perfect For Women's Daily Wear, Party Dressing And Gift Giving",1.9,,2500.0,False,False
,Not ranked,7,"10pcs Women's Solid Color Crosstitched Headbands Set, Fashionable Hair Accessories Casual",6.8,,1500.0,True,False
,Women String Bracelets,0,"Fashionable Minimalist Beaded Bracelet With Freshwater Pearls, Summer Female Accessory",2.5,9,,False,True
,Not ranked,8,3pairs Men's Multicolor Classic Retro Summer Holiday Leisure Fashion Sunglasses Casual,3.6,,5700.0,True,False
,Not ranked,0,2pcs/Set Vintage Multi-Layer Faux Pearl Cross Pendant Gold-Tone Necklace For Women's Wearing,1.4,,2500.0,False,False
,Not ranked,7,"8pcs Women 4cm Coffee Color Mini Hair Claw Clip,Versatile & Simple Hairpin For Everyday Use",2.8,,1200.0,True,False
,Women Eyeglasses,7,2pairs Square Frame Eyeglasses Clear Glasses Accessories,4.1,9,,True,True
,Not ranked,78,Minimalist Drop Earrings,0.27,,2000.0,True,False
,Not ranked,42,1pc Men Solid Fashion Tie For Daily Life Casual,1.68,,100.0,True,False
,Women Masks & Visor Hat,7,1 Pc Women Sun Visor Hat Wide Brim Summer Sun Hats UPF 50+ UV Protection Beach Hats Foldable Golf Visor For Women,3.9,2,,True,True
,Not ranked,0,"1pc Fashionable Chic Metal Bubble 26 Alphabet Pendant Clavicle Chain Necklace, Suitable For Daily Wear, Office & Parties, Ideal As Birthday And Gift For Mom And Girlfriend",1.6,,2900.0,False,False
,Not ranked,0,12 Pairs New Earring Set Inlaid Faux Pearl Earring Circle Set,2.9,,7500.0,False,False
,Not ranked,0,11pairs Rhinestone & Faux Pearl Decor Earrings,2.9,,5700.0,False,False
,Jewelry Trays,0,"Seaside Blue Starfish Shaped Jewelry Dish, Gift For Valentine's Day",10.2,2,,False,True
,Men Fashion Jewelry,77,Yunjing Unisex Casual Fashionable New Arrival Cross Pendant Necklace With Gemstones For Women,0.25,7,,True,True
,Women Dangle Earrings,20,Textured Metal Geometric Drop Earrings,1.44,4,,True,True
,Not ranked,50,1pair Fashionable Exaggerated Beach Style Metallic Irregular Shell & Starfish Shaped Women Earrings,0.85,,1100.0,True,False
,Not ranked,14,18pcs Women Multicolor Sporty Stretchy Sweat-Wicking Headband Yoga Running Hair Accessories,4.65,,1900.0,True,False
,Not ranked,57,"Vintage Triangle Hollow Out Brooch Pin, Unisex Lapel Pin For Shirt Collar Decoration - Elegant Brooch Suitable For All Outfit, Ideal Gift For Men, Great For Birthday, Boyfriend, Father And Lover Gift Giving",0.69,,10.0,True,False
,Not ranked,20,1 Pair Elegant Cubic Zirconia Stud Earrings For Women For Wedding Engagement Anniversary Party Jewelry Valentine's Day Gift,1.44,,5200.0,True,False
,Not ranked,20,1pc Luxury Zinc Alloy Cubic Zirconia Decor Ring For Women For Party,1.36,,8000.0,True,False
,Not ranked,0,1 Pair Stainless Steel Korean Style Cute Small Flower Stud Earrings For Women Sweet Statement Spray Paint Metal Flower Earring Party Birthday Jewelry,1.2,,5800.0,False,False
,Jewelry Boxes & Organizers,9,"1pc Multi-Purpose Clear Plastic Storage Box With Fixed 10/15/24/28 Compartments, 36 Adjustable Compartments And 28/56 Removable Compartments For Earrings, Rings, Jewellery Organizing, Nail Art Supplies Sorting",1.37,4,,True,True
,Not ranked,0,2pcs Starfish Stud Earrings,1.7,,9300.0,False,False
,Not ranked,0,1pair Style Exquisite Fruit & Beverage Design Stud Earrings,2.4,,5400.0,False,False
,Not ranked,10,30pcs Star Hair Clips 2000s Y2K Snap Hair Barrettes Non Slip Star Hair Accessories Silver Metal Hair Clips For Girls Women Street Tiaras,1.9,,8400.0,True,False
,Women Chokers,0,Rhinestone Decor Choker,3.1,2,,False,True
,Women Bangles,0,Structured Layered Cuff Bangle,2.2,4,,False,True
,Not ranked,0,1pc Random Color 20mm Mini Colorful Apple Natural Healing Crystals Stone Figurine Hand Carved Craft Christmas Ornament Decor Gift,1.8,,,False,False
,Men Bracelet Sets,0,RINTOLER 4pcs/set Vintage Unusual Matte Lava Rock & Wooden Beads With Spacer Elastic Bracelet,2.1,2,,False,True
,Not ranked,20,Minimalist Hoop Earrings,1.52,,5600.0,True,False
,Women Waist Accessories,6,"1pc Women's Metallic Fashion Belt With Geometric Patterned Decor, Adjustable & Removable, For Skirts & Pants, Prevent Skirt Lift, Suitable For Daily Casual Wear, Gift For Friends.",1.7,1,,True,True
,Not ranked,65,"1pc Cute Bear & Dice Charm Keychain for gifts, wallets, school bags, backpacks, and satchels",0.59,,800.0,True,False
,Not ranked,7,"Cute 1 Piece Of Synthetic Turquoise Travel Turtle Decorative Keychain Key Accessory, Emotional Support And Encouragement Gift, Can Be Used As A Holiday Gift For Loved Ones, Family, Friends, And Classmates. New Year Gift, Thank You Gift, Where You May Wamder, Where You May Roam, May This Turn Journey With You, And Safely Bring You Home",1.3,,1700.0,True,False
,Not ranked,0,Rhinestone Butterfly Pendant Layered Necklace,1.3,,9400.0,False,False
,Women Body Jewelry,20,1pc Fake Piercing Navel Belly Ring With Pink Butterfly Design For Women's Jewelry Copper Jewelry,1.76,2,,True,True
,Not ranked,0,Petal Drop Earrings,1.5,,2200.0,False,False
,Not ranked,0,"Personalized Custom Name Necklace, Daily Name Jewelry",5.8,,2300.0,False,False
,Not ranked,42,100pcs/lot 20x20mm Diy Earring Findings Hooks Clasps Jewelry Making Accessories,0.76,,200.0,True,False
,Not ranked,35,"100pcs/200pcs Transparent OPP Packaging Bags Halloween Candy Bag For Packing Books, Accessories, Stationery, And Other Items, With Dust-Proof And Moisture-Proof Card Protection",1.7,,4800.0,True,False
,Not ranked,20,"1 Pair New Fashion Glossy Metallic Earrings For Women, Hoop & Geometric Oval Shape Earrings",1.12,,4000.0,True,False
,Not ranked,0,Tassel Drop Earrings,1.3,,5800.0,False,False
,Not ranked,0,1pair of European and American fashion big circle earrings women's popular simple squished earrings earrings exaggerated posing accessories,1.6,,9700.0,False,False
,Women Long Necklaces,0,"1pc Golden/Silver Sexy Y-Shaped Chain Necklace Body Jewelry For Date, Party, Valentine's Day Gift",2.0,6,,False,True
,Not ranked,0,Hollow Out Round Drop Earrings,1.3,,1700.0,False,False
,Not ranked,20,3pairs Minimalist Hoop Earrings,1.36,,3900.0,True,False
,Women Earring Sets,20,"4pairs Rattan Earrings, Lightweight Geometric Shape Tassel Bohemian Earrings, Straw Wicker Weave Hoop Dangle Earrings For Women",4.48,5,,True,True
,Not ranked,0,"1pc Simple & Fashionable Love Heart Pendant Necklace For Women, Daily Wear Accessory",1.2,,2700.0,False,False
,Not ranked,14,"Men's Stainless Steel Snake Head Chain Bracelet, Punk Style, Motorcycle Themed Everyday Jewelry Gift",2.49,,200.0,True,False
,Not ranked,73,1pc Ladies' Elegant Oversized Bowknot Hair Clip Ribbon Satin Bow Barrette With Spring Clasp For Fixing Hair Bun Casual,0.48,,2000.0,True,False
,Boho Hair Clips,11,"80pcs Mixed Golden Dirty Braid Set, Personalized Street Party Braided Hair Clips Hair Accessories Boho",1.96,6,,True,True
,Wedding Accessories,5,1 PCS Bride White Lace Glove Short Lace Glove Floral Courtesy Lace Glove For Wedding Tea 1950's Party Costume Favors For Women,1.8,10,,True,True
,Women Bucket Hat,8,"1pc Women's Fashionable Y2K Handmade Crochet Sunflower & Daisy Bucket Hat Knitted Cap, Suitable For Daily Wear",5.4,9,,True,True
,Not ranked,20,Two Tone Chain Design Earrings,1.28,,5800.0,True,False
,Not ranked,69,"1pair Luxurious Golden Multi-Layer Rhinestone Design Earrings, Fashionable And Elegant, Versatile, High-End Women's Everyday Jewelry",0.46,,600.0,True,False
,Women Belts & Belts Accessories,10,"Women Floral Pattern Fashionable Bandana For Daily Life Elegant Bandana,Hair Band,Head Band Ideal For Dressing Up Your Look",2.88,2,,True,True
,Not ranked,0,"1pc Y2k Minimalist Alphabet Necklace, Stainless Steel Name Necklace, 26 Letters A-Z Charm Pendant Necklace, Initial Letter Necklace, Golden Tone Girls' Birthday Gift",2.3,,2600.0,False,False
,Not ranked,23,94pcs/set Crystal Epoxy Resin Diy Jewelry Pendant Making Kit With Silicone Molds And Drilling Tool,9.42,,30.0,True,False
,Not ranked,0,1pc Minimalist All-Match Bowknot Pendant Necklace,1.3,,2300.0,False,False
,Not ranked,0,925 Sterling Silver 3MM Snake Chain Bracelets Factory Fashion Hot Top Quality Jewelry Charm Cute Women Lady Wedding,1.5,,3500.0,False,False
,Not ranked,9,"1pc Lazy Style Long Curly Claw Ponytail Hairpiece, Ancient Hair Bun, Elastic Scrunchie, Natural-Looking Voluminous Hair Extension",3.0,,400.0,True,False
,Women Chain Necklaces,3,"1pc Stainless Steel Fashionable Simple Alphabet Pendant Necklace For Various Outfits. It Could Be Couple's Necklace Or Friendship Necklace, Ideal Gift For Festival",1.75,1,,True,True
,Not ranked,0,2pcs Geometric Drop Earrings,1.5,,3300.0,False,False
,Not ranked,0,"1pair Colorful Oil Drip Four-Petal Flower Shaped Dopamine Stud Earrings For Women, Simple & Sweet Daily Accessory, Perfect Gift For Vacation",1.7,,7300.0,False,False
,Not ranked,9,DAZY 9pcs Telephone Wire Design Hair Tie Casual,2.1,,400.0,True,False
,Jewelry Towers,0,"Jewelry Display Stand Tabletop Organizer Tray For Earrings, Necklaces, And Rings, Iron Art Pendant Hanger And Wooden Tray For Hair Ties And Accessories, Gift For Valentine's Day",5.4,6,,False,True
,Casual Hair Clips,20,2pcs Women Gorgeous Golden Glitter Bridesmaid Hair Clips - Perfect Proposal Gift & Crease-Free Favor Casual,1.52,10,,True,True
,Not ranked,26,Men's Suspender Men Women Y-Back Braces Adjustable Elastic Solid Color Suspender Belt,2.22,,60.0,True,False
,Not ranked,0,4pcs/Set Bohemian Style Handmade Rice Beads & Beaded Elastic Bracelet Set For Women's Holiday Party,2.0,,8500.0,False,False
,Not ranked,10,1Pack Crushed Glass Stones Resin Fillings Crystal UV Epoxy Filler DIY Crafts Art Decorations Handmade Jewelry Making Mold Fillings,1.98,,200.0,True,False
,Not ranked,50,"1pc Men's 5cm Plaid Casual Handmade Necktie, Suitable For Business Dress Shirts, Party Outfits",1.4,,,True,False
,Not ranked,0,New Arrival 5pcs/set Simple & Fashionable Hollow Out Leaf Shaped Non-piercing Ear Cuff,1.0,,10000.0,False,False
,Not ranked,36,1pc Unisex Fashion Tiger Eye Beaded Bracelet - Handmade Elastic Bangle - Suitable For Daily Wear And Parties - Birthday Gift,1.16,,100.0,True,False
,Not ranked,21,Fire Paint Wax Pellet Mold When Darkness Loves Us Wax Seal Stamp Mold Silicone Mold Candle Molds Seal Stamp Wax Mold Seal Wax Bead Mold Craft Making Tools,2.22,,200.0,True,False
,Not ranked,0,"1pair Exaggerated Red, White, & Blue Beaded Earrings For American Independence Day, Fashionable And Unique Rice-Shaped Beaded Earrings",2.0,,200.0,False,False
,Square Women Fashion Glasses,6,"1pc Fashionable Women's Eyeglasses, Suitable For Daily Wear, No Makeup Look, Outdoor Travel & Photoshoot Accessory Cute Shades Beach Accessories",1.97,8,,True,True
,Not ranked,33,"3mm-10mm Natural Stone Beads Multicolor Hematite Stone Round Loose Beads For Jewelry Making Diy Bracelets Necklace 15""",1.28,,30.0,True,False
,Jewelry Boxes,0,"1pc Portable Jewelry Organizer Storage Case, Minimalist Multi-Grid Jewelry Storage Box For Travel, Gift For Valentine's Day",3.0,5,,False,True
,Not ranked,14,1pc Clear Acrylic 6 Compartments Eyeglass Storage Box Sunglasses Showcase Holder,11.6,,300.0,True,False
,Not ranked,8,"Boho New Fashion Printed Silk Scarf For Women, Color Block Square Scarf, Versatile Accessory",2.3,,300.0,True,False
,Not ranked,0,1 Pair Fashion Vintage Women Colorful Printed Earrings Gift,1.7,,4200.0,False,False
,Not ranked,20,1pc Letter Detail Cubic Zirconia Round Charm Necklace,2.88,,3900.0,True,False
,Not ranked,20,Men Fashion Punk Rhinestone Cross Charm Necklace For Daily Decoration For A Stylish Look,4.24,,1900.0,True,False
,Belts Storage,30,"1/4pcs Wardrobe Punch Free Hook, Yes, Belt, Scarf Storage Rotary Four Claw Hook, Household Multifunctional Clothing Hat Hook, Bag Tie Storage Hanger",1.19,5,,True,True
,Not ranked,20,12pairs Fashion Steel Earrings Golden Silver Color Round Hoop Earrings Fashion Jewelry Base Earring For Women Gift,2.16,,8100.0,True,False
,Not ranked,0,MOTF PREMIUM FAUX PEARL DROP EARRINGS,4.99,,900.0,False,False
,Not ranked,61,"1pc Metal Rod Bracelet Helper Tool For Bracelet, Necklace, Watch Clasps And Zipper",0.67,,30.0,True,False
,Not ranked,0,European And American Fashion New Geometric Splice Pendant Statement Party Necklace,2.4,,400.0,False,False
,Women Hoop Earrings,2,"Minimalist Rhinestone Inlaid Chunky Hoop Earrings For Women, Fashionable & Chic Geometric Circle Drop Earrings",1.76,8,,True,True
,Not ranked,62,"1pc Simple & Delicate Pendant Necklace With Single Shiny Rhinestone, Silver-Plated Collarbone Chain For Women, Four Seasons, Daily Wear, Ins Style",0.65,,200.0,True,False
,Not ranked,0,"1pc Fashionable Rhinestone Bracelet, Women's Everyday Roman Style Bracelet, Unique Wedding Jewelry",2.0,,200.0,False,False
,Not ranked,0,"50pcs Laser Reflective Gift Bag, Various Sizes Reusable Seal Bag With Laser Rainbow Design, Suitable For Small Business Candy Bag And Self-sealing Bag For Sample Display, Holiday Gift Bag",2.6,,500.0,False,False
,Not ranked,0,Cubic Zirconia Decor Cuff Ring,2.0,,100.0,False,False
,Not ranked,0,Pink Flower Decor Chain Bracelet,1.9,,2100.0,False,False
,Not ranked,0,"5pcs/Set Simple, Fashionable, Vintage Gold-Colored Beaded Bracelet Set For Women As Gift For Girlfriend, Mom",1.9,,500.0,False,False
,Women Body Chains,20,2pcs/set Bead Decor Waist Chain,1.52,2,,True,True
,Not ranked,11,"8mm Reiki Infused Lightworkers Healing Bracelet For Women Men Healing Crystal, Energy Bracelet, Labradorite Gemstone Bracelet - Reiki - Yoga Meditation Jewelry",1.96,,100.0,True,False
,Not ranked,7,Hollow Out Round Decor Drop Earrings,1.4,,10000.0,True,False
,Not ranked,42,1pc Vintage Beaded Bracelet Natural Stone Lava Stone Tiger Eye Stone Beaded Bracelet,0.76,,100.0,True,False
,Men Accessories,20,1pair Men Square Frame Fashion Glasses Travel Accessories Vintage,2.8,2,,True,True
,Not ranked,0,1pc Gold Plated Copper Chunky Alphabet Balloon Bubble Initial Letter Pendant Necklace for Women Men Personalized Fashion Jewelry,2.0,,10000.0,False,False
,Not ranked,29,1pc Metallic Spring Hair Clip With Butterfly & Starfish & Geometric Detail Vintage Hair Accessory Boho,1.14,,1900.0,True,False
,Not ranked,0,6pcs/set of ultra-light bamboo earrings suitable for parties and daily wear,2.8,,4500.0,False,False
,Not ranked,5,"8pcs/Set Women Hair Claw Clip Combination Black White Brown Square Shell Shape, Fashionable And Versatile Perfect Hair Claw Clip, Suitable For Daily Life, Going Out, Outdoor Activities, Shower, Washing Face, Makeup, Music Festival, Party All Seasons Hair Clip",1.8,,4200.0,True,False
,Not ranked,36,3 Double UV Sunscreen Sleeves Cool Compression Sleeves For Men And Women Golf Outdoors,4.22,,20.0,True,False
,Not ranked,57,"1pc 70*70cm Outdoor Sun Protection Shawl For Women, Lightweight Silk Scarf For All Seasons Windproof Sandproof Classic Belt Pattern Colorful Orange Blue Red Square Scarf For Women Bandana,Hair Band,Head Band Ideal For Dressing Up Your Look",1.15,,300.0,True,False
,Not ranked,0,"1pc Popular Women's Fashionable Summer Seashell Pendant Necklace, Delicate & Cute, Ideal For Wedding, Engagement, Party & Other Occasions",1.9,,500.0,False,False
,Not ranked,0,4pcs Leaf Charm Beaded Bracelet,2.4,,5500.0,False,False
,Not ranked,61,1pc Solid Color Bath Headband & 2pcs Bath Wrist Band,1.17,,400.0,True,False
,Not ranked,0,Round Drop Earrings,1.3,,4400.0,False,False
,Jewelry Making,0,"3600pcs Soft Pottery Alphabet Beads, Ccb Shell, Lobster Clasps, Zinc Alloy Pendants DIY Jewelry Making Kit - For Making Necklaces, Bracelets, And Beaded Accessories",9.5,5,,False,True
,Women Chain Necklaces,0,"1pc Fashionable New Design Geometric Circle Irregular Pendant Necklace, All-Match Style, European And American Style",3.3,2,,False,True
,Not ranked,32,"60pcs 8mm Classic Solid Color Glass Beads For Handmade Diy Beaded Jewelry, Suitable For Daily Wear, Men And Women, Can Be Used For Bracelet And Necklace Braiding",1.57,,800.0,True,False
,Not ranked,20,3pairs/set Fashionable Simple Delicate Heart Shape Rhinestone Decor Women's Stud Earrings,1.28,,10000.0,True,False
,Not ranked,12,"Lightweight,Business Casual Mini Rhinestone Decor Box Bag, Perfect Bride Purse For Wedding, Prom & Party Events Evening Bag,Dinner Bag Glamorous,Elegant,Exquisite,Quiet Luxury Rhinestone For Party Girl,Woman,Bride Perfect For Party,Dinner/Banquet,For",12.3,,400.0,True,False
,Not ranked,56,1pc Women's Silver-Tone Metallic Butterfly Waistband For Adjusting Size Of Pants Or Skirts Suitable For Daily Casual Wear And Christmas Gift Giving To Friends,0.75,,2700.0,True,False
,Not ranked,0,Rhinestone Decor Hoop Earrings,1.7,,200.0,False,False
,Not ranked,0,Cubic Zirconia Flower Stud Earrings,1.5,,3800.0,False,False
,Not ranked,0,2pcs What Would Jesus Do Wwjd Bracelets Pack Hwlf W.W.J.D Bracelet He Would Love First Pink Elevated Faith Braclet Christian Friendship Cross Gifts God Woven Bangles Novelty Jewelry With Card,2.5,,60.0,False,False
,Not ranked,0,"7Pcs Silicone Cross Bracelet,Bracelets With Cross,Cross Bracelet Jewelry Gifts For Women Men",3.0,,700.0,False,False
,Not ranked,12,Adorable Keychain - Perfect Gift For The Special Woman In Your Life! Soft Plush Pendants For Bags And Pendants Car Accessaries Women Key Chain Charms Plush Keychain,2.2,,300.0,True,False
,Not ranked,0,17pcs Bohemian Style Glass Beaded & Seed Beaded Pink Stack Bracelet For Women,2.4,,7600.0,False,False
,Not ranked,4,"1 Pair Reusable Sauna Sweat Lifting Belly Tummy Slimmer Waist LegArm Trainer Body Shaper Belt, Shape Your Body",2.5,,10000.0,True,False
,Hair Ties,7,20pcs Women Floral Prints Pattern Sweet Style Candy Color Scrunchie Cute,4.0,10,,True,True
,Bridal Fashion Anklets & Leg Chains,20,Faux Pearl Bow Decor Elegant Bridal Garter Belt For Wedding Cute,1.68,6,,True,True
,Women Bracelet Sets,0,"6pcs 3mm Bangle Bracelets, Dubai Style, Gold, Wedding Jewelry, Gift",3.5,9,,False,True
,Not ranked,20,2pcs Cubic Zirconia Butterfly Decor Chain Linked Earring,1.68,,9500.0,True,False
,Not ranked,6,"6pcs Women's Large Size Solid Color Bowknot Hair Clip With Silk, Satin Texture, Fashionable & Retro Hair Accessory For Daily & Outfits, 3 Colors",5.8,,6900.0,True,False
,Bag Charms,9,"1pc White Letters Decorative For Beach Bag, Decorative Charm Insert Bag Accessories, Beach Bag Accessories, For Women's Rubber Beach Handbag EVA Bag, Personalized Handbag 3D Letters, DIY Your Bag(LetterA-Z)",2.1,10,,True,True
,Jewelry Making Beads,15,100Pcs Strong Luminous Beads Glow In The Dark Acrylic Loose Spacer Beads Round Ball Beads Candy Color For Jewelry Marking DIY Necklace Bracelet,1.36,7,,True,True
,Not ranked,5,"1pc Hip-Hop Trendy Couple's Luxurious Shell Stainless Steel 18K Gold Plated Bracelet Women's Wedding/Party Gift, Engagement, Good Luck, Handmade Simple Style Chain, Clover Single Side Chain, Versatile Lucky Grass Bracelet Jewelry",2.1,,10.0,True,False
,Not ranked,10,Reiki Bracelets Women Healing Crystal Yoga Stone Bracelet Beads Opal Simplicity Jewelry Couple Gift Lady,1.71,,1000.0,True,False
,Not ranked,8,12pcs Hot Toys Superhero Shoe Charms Cartoon DIY Clog Sandals Shoes Accessorie Decorations Boy Kids Gifts,2.4,,100.0,True,False
,Not ranked,8,"Street 1pc Ladies Fashion Solid Color Breathable Half Mesh Sponge Baseball Cap, Suitable For Spring & Summer Daily Wear & Travel",2.2,,4000.0,True,False
,Casual Women Fashion Glasses,4,"1pc Women's European And American Style Fashionable Black Sunglasses, Outdoor Sports Eyewear With Large Frame Shades Beach Accessories",2.3,6,,True,True
,Not ranked,0,"Personalized Letter Necklace For Women Simple Choker Chain Custom Name Pendant Stianless Steel Girls Gift For Mama Mother, Gold",3.3,,100.0,False,False
,Not ranked,31,Textured Metal Drop Earrings,0.96,,700.0,True,False
,Not ranked,0,1pc Fashion Stainless Steel Chain Cute Cartoon Pendant Necklace For Women Girls Daily Jewelry Accessories Gifts,2.5,,500.0,False,False
,Not ranked,8,"1pc Women Solid Color Vintage Distressed Half-Mesh Washed Baseball Cap, Suitable For Breathable And Sun Protection Outfits In Spring And Summer",3.4,,1400.0,True,False
,Not ranked,8,"1pc Plastic Frame Square Sunglasses For Summer Beach, Uv Protection Elegant Shades Beach Accessories",2.2,,2000.0,True,False
,Wedding Fashion Jewelry,5,"2pcs Korean-Style Sweet Pearl Earrings, Autumn/Winter, Unpopular Design, Circle And Pearl Decor, Drop & Hoop Earrings For Women Elegant",1.9,2,,True,True
,Not ranked,0,1pc Sparkling Full Diamond Women Necklace Single-Claw Diamond Water Drop Bridal Necklace Elegant Bridal Neck Jewelry For Wedding/Prom Party,1.6,,500.0,False,False
,Not ranked,5,1pc Fashionable Oversized Y2K European And American Style Personality Sunglasses For Summer Beach Shades Beach Accessories,1.8,,1900.0,True,False
,Women Ring Sets,0,"2pcs Minimalist Geometric Open Ring For Women, Alloy Metal",1.2,7,,False,True
,Not ranked,0,2pcs Fashionable And Lovely Flower & Cubic Zirconia Ear Studs For Women's Pierced Ears,2.2,,6300.0,False,False
,Hanging Jewelry Organizers,2,"100pcs/10pcs Jewelry Storage Bags, Small Transparent Sealing Bags For Collectibles, Trinkets &Amp; Earring Storage, Advanced Anti-Tarnish Jewelry Storage Bag - Compact &Amp; Transparent, Perfect For Necklaces, Bracelets &Amp; Rings - Travel-Friendly &Amp; Space-Saving Display Stand Self-Sealing Jewelry Storage Bags - PVC Ziplock Bags For Rings, Earrings &Amp; Small Accessories Portable Transparent PVC Jewelry Bag - Compact &Amp; Convenient Jewelry Storage",1.28,1,,True,True
,Not ranked,0,3pcs/set Fashion Glass Dolphin Charm Beaded Bracelet For Women For Decoration Party,2.1,,6300.0,False,False
,Pink Women Hair Accessories,7,"2pcs/Set Women's Solid Color Satin Ribbon Bow Hair Clips, Suitable For Daily Wear And Travel Cute",1.3,9,,True,True
,Men Single Ring,0,1pc Large Size 8mm 316 Titanium Steel 18K Silver Plated Gold Plated Jesus Cross Letter Bible Wedding Ring,1.6,5,,False,True
,Not ranked,2,"6pcs Festival Casual Vacation Simple Waterproof Wax Rope Woven Bracelet, Suitable For Women To Wear When Travelling",1.57,,600.0,True,False
,Men Watch Sets,0,4pcs Set New Men Watch Luxury Bracelet Set Fashion Business Brown Leather Quartz Wrist Watches for Men Gift Set Relogio Masculino,3.3,7,,False,True
,Women Glasses & Eyewear Accessories,8,1pc Black Square Glasses Women's Decorative Plastic Frame Fashion Street Style Eyeglasses Clear Glasses Accessories,3.7,9,,True,True
,Headbands,10,Street 1pc American Independence Day Red & White Striped Five-Pointed Star Crossed Knot Headband Suitable For Daily And Festival Use,1.71,1,,True,True
,Women Single Ring,0,"1pcs Stainless Steel Silver Two Love Hearts Marked With 26 Letters Fashionable And Simple Women's Ring, Suitable For Daily Decoration Or Gift Giving",1.2,7,,False,True
,Not ranked,0,1pair Simple & Personalized Flower Shaped Acrylic Earrings And 1pair Versatile & Romantic Party Gift Earrings,1.4,,1000.0,False,False
,Not ranked,0,"6pcs Unisex Strap Bracelets, Flat Snake Chain, Paper Clip Chain, Chain, Beaded And Plain Chain Styles",1.9,,800.0,False,False
,Not ranked,0,Simple Alloy Necklace,2.7,,100.0,False,False
,Jewelry Trays,0,"1pc Non-Woven Fabric Jewelry Storage Box, Minimalist Solid Color Multi-Grid Jewelry Box For Home, Gift For Valentine's Day",2.8,9,,False,True
,Not ranked,0,1pair Creative Africa Map Design Earrings,1.7,,900.0,False,False
,Not ranked,0,"1pc Retro Hammered Rotatable Decompression Wide Decorative Ring, Suitable For Women's Daily Wear, Parties, Birthdays, Or As A Gift",2.4,,100.0,False,False
,Not ranked,8,"1pc White Feather & Pearl Decor Folding Fan For Stage Performance, Fairy Photoshoot, Bachelorette Party, Bridal Wedding Decor",6.7,,900.0,True,False
,Not ranked,9,1pc Wool-Mix Solid Beret Elegant Simple For Men Women Boys Girls Gifts,3.2,,300.0,True,False
,Not ranked,5,7pcs Textured Metal Bracelet,2.19,,9400.0,True,False
,Not ranked,0,"1pc Luxury Personalized Five-Row Round Cubic Zirconia Ring, Fashionable Men's Ring For Daily Wear, Featuring Luxury Jewelry Design",2.4,,500.0,False,False
,Not ranked,8,5.5cm 1/5/20pcs Hair Root Fluffy Clips Styling Salon Professional Salon Metal Hair Clip Hairpin Clamps DIY Tools Hair Accessories,1.1,,1100.0,True,False
,Not ranked,0,Heart Decor Bracelet,1.8,,4700.0,False,False
,Not ranked,0,Hollow Out Water Drop Earrings,1.1,,1400.0,False,False
,Not ranked,50,Miniso Barbie Shining Collection Fluffy Keychain (Pink),2.81,,100.0,True,False
,Not ranked,14,50pcs/lot Mixed size ball shape Acrylic Beads DIY Jewelry Accessory,1.46,,100.0,True,False
,Not ranked,0,"1pc Personalized Simple Customized English Alphabet Name Necklace, Ideal For Anniversary Celebration Or Gifting",4.9,,200.0,False,False
,Not ranked,0,Geometric Decor Bracelet,1.7,,100.0,False,False
,Women Bucket Hat,20,1pc Camo Print Bucket Hat Casual,2.96,6,,True,True
,Not ranked,20,2Pcs/Set Magnetic Nose Ring Stainless Steel Fashionable Popular Jewelry Gift Party For Men,1.36,,9600.0,True,False
,Not ranked,0,5pcs European And American Independence Day Soft Pottery Beaded Letter Charm Bracelet Elastic Star Flag Colorful Hand Jewelry,2.6,,800.0,False,False
,Not ranked,0,"1set European And American Exaggerated And Minimalist Wooden Round Pendant Necklace Earrings Set, Suitable For Women's Daily Or Festival Party Vacation Leisure Clothing Accessories",4.7,,1800.0,False,False
,Not ranked,0,8 Pcs Bohemian Stackable Bead Bracelets For Women Multicolor Stretch Beaded Bracelet Set Boho Layered Bracelets Charm Jewelry,3.3,,200.0,False,False
,Not ranked,0,Rhinestone Water-drop Stud Earrings,1.9,,100.0,False,False
,Pink Hair Styling Tools,4,"4pcs/Set No Heat Sponge Sleep Hair Curler, Slouchy Hair Styling Tool",2.3,9,,True,True
,Not ranked,0,1 Pair Fashionable Hollowed Out Minimalist Fashion Earrings New Carved Pattern Ear Accessories,2.0,,1200.0,False,False
,Not ranked,0,1pc Simple Gold-Color Starfish Ocean Beach Vacation Style Pendant Necklace For Women,1.4,,8000.0,False,False
,Not ranked,68,1set Bead DIY Jewelry Accessory,1.58,,300.0,True,False
,Not ranked,20,Faux Pearl Decor Bow Shape Stud Earrings,1.12,,9400.0,True,False
,Women Dangle Earrings,0,"Fashionable Black & White Checkerboard Dangle Earrings, Suitable For Women's Daily Wear, Valentine's Day Gift For Couples Or Best Friends",1.4,7,,False,True
,Not ranked,0,Bow Charm Necklace,1.2,,10000.0,False,False
,Not ranked,11,1pc Women's 30cm Diameter Satin Wide Edge Sleep Cap/Hair Cap For Daily Use Silk Bonnet Satin Bonnet,1.7,,900.0,True,False
,Not ranked,20,1pc Travel Collection Plane Tower Camera Suitcase Charm Fit Original Bracelet Necklace DIY Jewelry Making Beads,1.2,,100.0,True,False
,Not ranked,5,"3Pieces Hawaiian Plumeria Flower Hair Clips Frangipani Artificial Clips Foam Flower Clips For Women Bridal Wedding Luau Beach Tropical Party Decoration,3.15-3.54 Inch (Multi-Color)",2.0,,400.0,True,False
,Not ranked,0,"22pcs Heart Butterfly '8' Spiral Cross Faux Pearl Ring Set For Women, Ideal For Date Or Vacation Gift",2.0,,6100.0,False,False
,Not ranked,0,Simple Solid Bangle,3.8,,4200.0,False,False
,Not ranked,0,5pcs/Set Colorful American Flag Elastic Bracelet For July 4th,2.7,,6200.0,False,False
,Not ranked,20,Textured Metal Stud Earrings,0.96,,8600.0,True,False
,Not ranked,0,Round Drop Earrings,1.3,,5100.0,False,False
,Not ranked,0,Heart Shaped Stud Earrings,1.2,,200.0,False,False
,Not ranked,0,2pcs Flower Stud Earrings,1.5,,4000.0,False,False
,Not ranked,0,"1 Pair Bohemian Style Exquisite Copper Colorful Hollowed Feather Earrings, Suitable As A Gift For Women And Girls",1.6,,1000.0,False,False
,Not ranked,7,12pcs Leopard Print Satin Scrunchie Casual,2.7,,100.0,True,False
,Not ranked,22,1 PC Elegant Cubic Zirconia Ring For Women For Valentine's Day Gift Wedding Anniversary Party Jewelry,1.56,,1800.0,True,False
,Not ranked,0,Charm Lucky Beads Bangles For Women Bracelets Fashion Party Wedding Engagement Popular Brands Jewelry,1.7,,2100.0,False,False
,Not ranked,78,"1pc Self-adhesive Paper Gift Sticker,Creative Slogan Floral Graphic Gift Box Seal Sticker For Valentines Day Wedding Gift Box Bag Decoration",0.39,,600.0,True,False
,Not ranked,6,"2 In 1 Glass Case Bling Stretchy Watch Bands Compatible With Apple Watch Band 40mm 41mm 44mm 45mm Series 9 8 7 6 5 4 SE, Adjustable Nylon Wristband With Shiny Bling Rhinestone Rhinestone Cover Compatible With Apple Watch Case For Women Girls Holiday",3.3,,1900.0,True,False
,Not ranked,20,Water Drop Earrings,1.68,,1500.0,True,False
,Not ranked,0,Twist Cuff Bangle,1.3,,7100.0,False,False
,Bag Charms,12,2pcs Key Bags And 2pcs Hooks For Bogg Bags Accessories Original X Large Including Charm Carabiner Key Chain Compatible With Bogg Beach Tote To Quickly Find Your Keys Rubber Beach Bag Rubber Bag Rubber Tote Pin,2.9,2,,True,True
,Not ranked,0,200pcs Cubic Zirconia Decor Garments Accessories DIY Jewelry Accessory,3.0,,30.0,False,False
,Not ranked,0,Vintage Enamel Alloy Flower Petal Shaped Stud Earrings Suitable For Women's Daily Wear,1.6,,600.0,False,False
,Men Baseball Cap,7,"1pc Solid Color Simple Sports Sun Hat, Outdoor Breathable Sun Protection Hat, Suitable For Running, Fishing, Yoga And Other Sports, Ideal Choice As A Gift",2.5,8,,True,True
,Not ranked,0,4pcs/set Punk Style Rhinestone Twisted Bangle Bracelets For Women,2.0,,8900.0,False,False
,Not ranked,20,1pc Fashionable Elegant Stainless Steel Pendant Jewelry 12 Constellation Letter Necklace For Women's Daily Decoration,1.6,,4500.0,True,False
,Not ranked,17,"1pc Simple And Fashionable Marble Patterned Silicone Bead Tassel Keychain For Bag Or Key Anti-Loss Pendant, Perfect Gift For Friends And Moms",2.5,,300.0,True,False
,Women X Decor Body Chain,0,"Summer Beach Bikini Sexy Gold Tassel Body Chains For Women, Layered Rhinestone Crossover Bikini Bra Body Jewelry, Summer Beach Crystal Belly Waist Chain Vacation Holiday Party For Girls And Women",1.9,2,,False,True
,Women hats,6,1pc Women Solid Boho Straw Hat For Summer,6.1,3,,True,True
,Not ranked,0,"1pc 3 Layers 72 Slots Large Capacity Jewelry Storage Box For Rings, Earrings And Necklaces",5.2,,300.0,False,False
,Gift Wrapping Boxes,3,"1pc Pu Leather Jewelry Storage Box For Necklaces, Rings, Earrings",3.4,1,,True,True
,Not ranked,6,6pcs Metallic Mini Geometric Decorated Hair Claws Suitable For Ladies' Daily Use Party,1.7,,400.0,True,False
,Not ranked,0,1pc Simple & Trendy & Classic & Niche Design Hexagonal Bangle,2.7,,2900.0,False,False
,Not ranked,22,"Vintage Pendant Earrings Silver-Plated Spiral Design, Suitable For Daily Wear, Party Accessories, Casual Dating/Commute/Work Decoration",1.32,,1000.0,True,False
,Not ranked,0,Cubic Zirconia Square Pendant Necklace,1.3,,1300.0,False,False
,Not ranked,12,Cute Butterfly Decor Glasses Chain,1.5,,400.0,True,False
,Fine Pendant Necklaces,0,1 Pc 6mm-10mm Simple S925 Sterling Silver Single Pearl Collarbone Necklace Jewelry Gift For Women Wedding Bridal Jewelry,5.9,5,,False,True
,Women Nose Ring,0,1pc Constellation Symbol Decor Nose Cuff Copper Popular Piercing Body Jewelry Gift For Women & Men,1.3,8,,False,True
,Not ranked,50,"1PC 12 Grids Plastic Storage Box With Removable Grids Compartments, Small Plastic Jewelry Organizer Box For Beads Jewelry Earring Cosmetics Craft Tackle Pills",1.7,,10.0,True,False
,Not ranked,0,"1pc Women's Bracelet, Titanium Steel Anti-Fade Rhinestone Decor Bangle, Simple & Fashionable, Exquisite & Elegant Jewelry",2.5,,1900.0,False,False
,Not ranked,39,Cute New Arrival Unisex Transparent Plastic Frame Anti-Blue Light Glasses For Computer And Mobile Phone Use As Daily Accessory Shades Beach Accessories,1.53,,1800.0,True,False
,Women Beaded Bracelets,3,1pc Bohemian Trendy Tiny Seed Multi Copper Beaded Bracelets Rainbow Jewelry 2024 New Handmade Gift For Women Girls,1.65,6,,True,True
,Not ranked,0,1pc 925 Sterling Silver 30mm Smooth Round Large Circle Earrings Women Fashion Party Wedding Accessory Jewelry Festival Gift,1.9,,1700.0,False,False
,Not ranked,0,1pc Strand Beads Bracelet For Women Korean Fashion Jewelry Non-Fading Charm Hand Decor Accessories Girls Gift,1.7,,3000.0,False,False
,Women Beaded Bracelets,7,1pc Stylish New American Independence Day Star Beaded Bracelet Suitable For Men And Women As July 4th Everyday Wear & Festival Gift,1.3,3,,True,True
,Not ranked,20,"1pc Gold-color Stainless Steel Jellyfish Shaped Pendant With Rhinestone For Men And Women, Vintage Bohemian Style",1.68,,3600.0,True,False
,Not ranked,6,6pcs Knot Decor Hair Tie Casual,1.7,,100.0,True,False
,Not ranked,9,"1pc Japanese Anime Inspired Kitty Plush Decorative Claw Hair Clip, Fashionable Hair Accessory Suitable For Women And Girls (Authorized)",2.1,,600.0,True,False
,Not ranked,0,"6pcs Unisex Strap Bracelets, Flat Snake Chain, Paper Clip Chain, Chain, Beaded And Plain Chain Styles",1.9,,600.0,False,False
,Not ranked,0,Round Charm Necklace,1.5,,100.0,False,False
,Not ranked,0,"1pair New French Minimalist Grey Faux Pearl Pendant Earrings 2023 Fashion Jewelry For Girls, Party And Daily Wear",1.9,,2100.0,False,False
,Not ranked,20,30pairs Rhinestone & Flower Decor Earrings,2.56,,4000.0,True,False
,Men Chain Necklaces,0,1pc Copper Material Hip Hop Style Twisted Chain Necklace With Various Length & Width For Men's Fashion And Personality Statement,2.2,7,,False,True
,Not ranked,0,3pcs Zebra Stripe Round Decor Jewelry Set,1.9,,900.0,False,False
,Not ranked,6,Cute Women Heart Decor Rimless Boho Style Y2k Glasses Sunglasses,2.9,,8300.0,True,False
,Not ranked,13,"1 Pc Compact Multi-Function Folding Keychain Knife | Portable Pocket Knife | Ideal For Camping & Outdoors Bag Accessories Gift, Gift, Accessories, Decor For Teen Girls Women College Students,Rookies & White-Collar Workers Valentines",2.1,,300.0,True,False
,Women Hat set,7,"1pc Rainbow Striped Knit Hat With Bowknot & 1pc Handmade Crochet Bag Set, Vintage Style Knit Bucket Hat With Backpacker & Tassel Patchwork For Girls",14.5,7,,True,True
,Women Beaded Necklaces,0,1pc Beads Women's Neck Chain Kpop Faux Pearl Choker Necklace Gold Color Goth Jewelry Pendant Necklaces Collar For Girl,1.3,4,,False,True
,Not ranked,20,Fashionable And Elegant Faux Pearl Ring Set,0.96,,3200.0,True,False
,Men Fashion Glasses,5,1pc Fashionable Black Square Frame Y2K Style Unisex Oversized Sunglasses For Summer Beach Casual Shades Accessories,1.8,2,,True,True
,Not ranked,0,1 Set Of Niche Design Cool Style Long Double Layered V-Shaped Tassel Necklace,1.8,,10000.0,False,False
,Not ranked,0,"2000pcs Ivory Imitation Pearls Craft Beads 4mm Small Slit Pearl Beads With Holes, For Jewelry Making, Bracelets, Necklaces, Hair, Crafts, Decoration And Vase Filling",3.1,,200.0,False,False
,Not ranked,74,"4PCS/SET Medium Claw Hair Clip For Women And Girls, Matte Rectangular Small Hair Clip Suitable For Thin/Medium Thick Hair, Non Slip Clip For Pliers",0.45,,200.0,True,False
,Not ranked,0,1pc Designer Stylish Butterfly Charm And Ball Pendant Tassel Braided Long Necklace Women Party Daily Jewelry,1.9,,7900.0,False,False
,Not ranked,0,"1pc Bohemian Style Wooden Bead Star & Heart Shape Tassel Long Necklace, Suitable For Women Daily And Beach Vacation Wear",3.9,,500.0,False,False
,Not ranked,0,1pc Fashionable Simple Style All-Matched Lucky Egg Inspired Striped Handmade Oil Drop & Rhinestone Decor Hook Earrings,2.1,,2700.0,False,False
,Men Bracelet Sets,20,Fashionable and Popular 6pcs Men Minimalist Bracelet PU for Jewelry Gift and for a Stylish Look,1.92,1,,True,True
,Not ranked,47,"1pc Ladies' Multi-Color Cross-Shaped Metal Waistband, Fashionable Accessory That Is Detachable, Adjustable For Waist Size, Perfect For Daily Wear And Great As A Gift For Best Friends.",0.95,,1700.0,True,False
,Men Accessories,7,"1pc Men's Solid Color, Vintage Washed, Distressed Baseball Cap With Frayed Brim, Suitable For Spring, Summer, Sun Protection And Daily Wear",5.1,1,,True,True
,Not ranked,20,1pc Funny Double Sided Stainless Steel Accessories Pocket Hug Token Gift For Women Men Friends Birthday Family Members,1.12,,9900.0,True,False
,Not ranked,9,"6pcs/1pc Women's Square Shaped Fashionable Various Styles & Colors Cute, Trendy, Street-Style, High-End, Personalized Summer Dopamine Y2k Sunglasses Set Suitable For Daily Wear, Vacation, Parties, Outdoor Activities - Female Accessory",2.0,,1200.0,True,False
,Not ranked,0,5pcs/set Fashionable Elastic Bracelet Set With Soft Pottery Beads,2.5,,2000.0,False,False
,Not ranked,53,Xiacheng 1 Pair Stainless Steel Hoop Earrings For Women Or Girls 40mm/50mm Hypoallergenic Earrings Size Avaliable 40mm/50mm Stainless Steel Rounded Hoops Earrings,0.57,,5600.0,True,False
,Not ranked,10,"1pc Cute Fruit Bubble Milk Tea Cup Shaped Plush Toy Doll Keychain For Women, Bag Decoration Accessory",1.9,,500.0,True,False
,Men Brooches,0,Mental Health Matters Enamel Pin End The Stigma Anxiety Awareness Psychotherapy Brooch Positive Happy Reminder Badge Gift,1.6,2,,False,True
,Not ranked,0,100pcs 6mm Flower Shaped Bead DIY Jewelry Accessory,1.6,,70.0,False,False
,Not ranked,0,Bohemian Style 5pcs/Set Beaded Tassel Charm Bracelet Set For Women,1.6,,500.0,False,False
,Not ranked,21,"Ceramic Shell Jewelry Dish Jewelry Plate Ceramic Serving Tray Seashell Dinner Plate Jewelry Ring Dish Storage Tray, Gift For Valentine's Day",4.34,,1200.0,True,False
,Not ranked,17,"1pc Metallic Rim Aviator Sunglasses For Women, Classic And Fashionable Shades Beach Accessories",4.32,,100.0,True,False
,Not ranked,0,A stylish personality women's stainless steel Roman numerals black shell geometric elements double layer wear style women pendant necklace suitable for daily wear,2.8,,50.0,False,False
,Not ranked,0,Solid Twist Geometric Drop Earrings,1.8,,1700.0,False,False
,Not ranked,0,22 PCS Metal Fringe Faux Pearl Fried Dough Twists Rotating Bohemian Women's Elegant Gorgeous Ring Set,2.4,,1900.0,False,False
,Not ranked,0,Heart & Letter Pendant Layered Necklace,1.4,,900.0,False,False
,Women Beaded Necklaces,0,Minimalist Beaded Necklace,1.6,3,,False,True
,Not ranked,20,Rhinestone Decor Visor Hat,5.6,,200.0,True,False
,Women Jewelry Sets,3,"7pcs Summer Boho Elegant Casual Colorful Wood Cube Women Jewelry Sets,5pcs Casual Versatile Exquisite Beaded Bracelets&1pair Dangle Earrings,For Women&Teen Girls Daily Decoration,Summer Vacation Travel,Beach Party,Music Festivals",2.52,8,,True,True
,Not ranked,0,1pc Gold Fashion Metal Minimalist Geometric Round Multi-Layer Stacked Invisible Chain Necklace For Party & Vacation Jewelry,2.8,,1200.0,False,False
,Not ranked,8,1pc Rhombus Shaped Personality Metal Small Frame Y2K Fashion Glasses,3.6,,200.0,True,False
,Not ranked,0,"1pc Electric Beading Machine Kit - USB Powered Automatic Beading Threading Device For DIY Jewelry Making, Creative Hand-Woven Bracelet, Quick Rotating Beads For Polymer Clay And Seed Beads",3.1,,10.0,False,False
,Not ranked,0,1pair Fashionable Stainless Steel Round Drop Earrings For Women For Daily Decoration,1.2,,10000.0,False,False
,Fine Single Ring,0,"1pc 925 Sterling Silver Bow-knot Ring, Fashionable Statement Index Finger Ring, Elegant Women's Accessory",6.8,7,,False,True
,Not ranked,0,"[7PCS] Popular Bohemian Style Colorful Beaded Bracelet Set, Perfect Gift For Summer Beach Girls",2.7,,1400.0,False,False
,Customized Fashion Word Necklaces,0,"1pc Personalized Minimalist Customized Name Initial Necklace, Gift For Holiday & Anniversary",4.9,9,,False,True
,Not ranked,0,6pairs New Design Water Drop Shaped CCB Gold & Silver Plated Chic Exaggerated Earrings Set,2.5,,400.0,False,False
,Not ranked,8,"4pcs Women's Leopard Print Fabric Headbands, Versatile Style Hair Accessories",4.8,,3300.0,True,False
,Not ranked,0,1pc Fashionable Minimalist Hollow Out Double-Layered Clover Anklet,1.7,,5100.0,False,False
,Jewelry Box,7,"1pc Pink Jewelry Storage Box, Multi-Layer Cosmetic Organizer",6.6,6,,True,True
,Not ranked,22,"1pc Glasses Case With Buckle Closure, Portable Eyeglasses Box For Sunglasses And Reading Glasses, Colored Pu Leather",1.33,,500.0,True,False
,Not ranked,7,Rhinestone Decor Ring,1.4,,40.0,True,False
,Square Women Eyeglasses,7,1pc Anti-Blue Light Glasses Women Men Oversized Optical Frame Eye Protection Ultra Light Eyeglasses Office Computer Goggles Clear Glasses Accessories,2.7,9,,True,True
,Not ranked,53,1pc 10mm Eye & Hand Charm Beaded Bracelet(Assorted),0.66,,2200.0,True,False
,Not ranked,4,"4pcs/Set Women's French Style Vintage Floral Striped Printed Scarf Hairband, For Casual, Elegant, Daily, And Dating Occasions, A Multi-Purpose Gift For Dress-Up",2.2,,10000.0,True,False
,Not ranked,1,1pair Fashionable & Punk Style Twisted Square & Cross Button Daily & Office Wear Stud Earrings,1.38,,10000.0,True,False
,Not ranked,42,Starfish Charm Conch Decor Beaded Anklet,0.87,,1100.0,True,False
,Hair Clips,11,2pcs Artificial Flower Decor Hair Clip Hair Accessories For Women Girls Gifts,1.7,6,,True,True
,Boho Women Fashion Glasses,6,1pc Fashionable Y2k Square Frame Cute Unisex Retro Sports Sunglasses For Daily Wear Shades Beach Accessories,1.6,3,,True,True
,Watch Accessories & Tools,0,"1pc Engraved Band Compatible With Apple Watch Band 38mm 40mm 41mm 42mm 44mm 45mm 49mm Women Men,Carved Flower & Turtle Pattern Soft Silicone Sport Apple Watch Strap Compatible With Apple Watch Series Ultra 1 2 SE 9 8 7 6 5 4 3 2 1",2.5,4,,False,True
,Not ranked,0,1set Dainty 14K Gold Plated Stacking Cubic Zirconia Ring Set For Women Wedding Bands Engagement Jewelry,2.0,,400.0,False,False
,Not ranked,0,4pcs/Set Bohemian Style Leaf & Elephant Pendant Wood Bead Tassel Bracelets,2.1,,2500.0,False,False
,Not ranked,0,"1pc Clear Jewelry Display Rack, Gift For Valentine's Day",8.5,,3100.0,False,False
,Fine Chain Bracelets,0,SHEIN ICON 1pc Fashionable Golden Multi-Layered Chain Bracelet With Star Pendant,1.5,1,,False,True
,Not ranked,0,1pc Bohemian Style Rice Beads & Faux Pearl Vacation Necklace(Random Color),1.4,,2000.0,False,False
,Not ranked,0,4 Pairs Silver Hoop Earrings Set Stainless Steel Cute Huggie Earrings for Women Rounded Small Hoop Earrings 10/12/15/20MM,1.9,,3700.0,False,False
,Women Ring Sets,0,2pcs Simple Metal Fashionable Minimalist Style New Arrival Women's Rings,1.6,10,,False,True
,Not ranked,0,200pcs Random Color Letter Detail Bead,2.0,,600.0,False,False
,Not ranked,50,"30pcs Moonstone Matt Crystal Glass Beads, Mermaid Aurora Grinding Matte Sparkling Round Loose Beads For DIY Jewelry Making, Bracelet, Necklace, Beaded Pen, Phone Strap, Etc. (8.5mm Matt White Glass Beads)",0.7,,,True,False
,Not ranked,0,"Nylon Sport Loop Compatible With Apple Watch Band 38/40/41/42/44/45/49mm, Adjustable Breathable Women Men Braided Strap Compatible With Apple Watch Series Ultra 9/8/7/6/5/4/3/2/1 SE,Rose Pink",1.8,,700.0,False,False
,Not ranked,7,Square Frame Fashion Glasses Elegant Shades Beach Accessories,3.9,,200.0,True,False
,Not ranked,39,1pc Women's Oversized Jelly Sunglasses With Gradient Lens And Decorative Frame Cute Shades Beach Accessories,2.31,,2100.0,True,False
,Not ranked,20,7pcs Bear Charm Rhinestone Decor Necklace,2.08,,200.0,True,False
,Not ranked,0,Shell & Starfish Charm Faux Pearl Decor Bracelet,2.4,,3800.0,False,False
,Not ranked,10,"2pcs Gold Colored Harvest Wheat Napkin Rings For Home Kitchen, Restaurant, Parties, Hotels, Farms, Weddings, Etc",2.16,,100.0,True,False
,Not ranked,0,"2pcs Luminous Bracelets With Turquoise, Rhinestone, Fluorite Single Loop Hand Chain",1.8,,100.0,False,False
,Not ranked,0,"2/4/6/10pcs Simple And Colorful Shell Cross Beaded Bracelet For Women, Beach Bracelet, Friend Gift",2.0,,600.0,False,False
,Not ranked,8,Sun Visor Hats For Women Wide Brim Straw Roll-Up Ponytail Summer Beach Hat UV UPF Packable Foldable Travel Boho Bow,5.5,,300.0,True,False
,Not ranked,20,"1pc Snowflake Design Fashionable Drawstring Bracelet With Inlaid Rhinestone, Minimalist & Elegant Design",1.2,,2300.0,True,False
,Not ranked,0,1pair Minimalist Criss Cross Design Drop Earrings For Women’s Daily & Work,1.5,,3500.0,False,False
,Headbands,20,2pcs Practical Hair Hoop Tiaras,1.52,2,,True,True
,Not ranked,0,1pc Copper Chunky Alphabet Balloon Bubble Initial Letter Pendant Necklace For Women Men Personalized Fashion Jewelry,2.0,,4500.0,False,False
,Not ranked,0,Faux Pearl Beaded Hoop Earrings Faux Pearl Beaded Hoop Earrings Allover Pearl Earring Hoop Earrings Women's Fashion Accessories 2023 New In,1.4,,3000.0,False,False
,Not ranked,0,10pcs/pack Cute Strawberry Pendant Accessories Personality Fashion Earrings Necklaces Bracelets Handmade DIY Jewelry Accessories Materials,2.5,,1100.0,False,False
,Not ranked,38,2pcs/set Simple & Fashionable Letter A & Peach Heart Necklace And Bracelet For Women,0.87,,500.0,True,False
,Not ranked,20,1pair Women Square Frame Anti-Blue Light Eyeglasses Clear Glasses Accessories,1.84,,3600.0,True,False
,Not ranked,20,Ring Charm Necklace,1.28,,6700.0,True,False
,Not ranked,31,"1pc Elegant Delicate Fresh Gentle Pink. Initial Keychain, Y2K Butterfly Eye-Catching Letter Keychain,Girls Women Ladies For Bags Car Keys Decors, Gift",1.32,,1100.0,True,False
,Not ranked,20,Fashion Copper Cubic Zirconia Letter Pendant Necklace For Men Women For Daily Decoration,2.72,,5100.0,True,False
,Women Fingerless Gloves,6,"1pair Fashionable Logo Fabric Ladies' Gloves, Elastic Fingerless Arm Warmers, Leisure Long Sleeves",3.2,9,,True,True
,Not ranked,47,Cubic Zirconia Water-drop Pendant Necklace & Stud Earrings,0.96,,1200.0,True,False
,Not ranked,0,1pair Multicolored Floral & Leaf Shaped Hollow Out Circle Stud Earrings,1.5,,3000.0,False,False
,Casual Headbands,8,"4pcs Women's White/Brown Vintage Soft Sponge High Crown Solid Color Headband, Fashionable And Elegant Hair Accessory With High-Grade Feeling, Suitable For Daily Outings, Hairstyling, Face Washing, Bathing, Makeup And Matching Clothes",1.84,6,,True,True
,Not ranked,26,1pc Minimalist Yellow Crossed Layered Cuff Bangle For Women For Daily Decoration Commuting,1.04,,300.0,True,False
,Not ranked,0,1pair Gold-tone Irregular Geometric-shaped Hoop Earrings Suitable For Women's Daily Wear To Work,1.5,,4500.0,False,False
,Not ranked,10,"Vintage Hollow Out Heart Shaped Sunglasses, Heart Shaped Retro Sunglasses, Women's Fashion Anti-Uv Sun Glasses, Summer Travel Essential, Trending Valentine's Day Gift For Ladies Cute",1.9,,1000.0,True,False
,Not ranked,9,55Pcs Officially Licensed Stickers Food Style Stickers Kawaii Mom Dad Grand Mother Father Teacher Sister Brother Friend Students Funny Valentine's Day Gifts Badtz-Maru Pompompurin Little Twin Stars Mimmy,3.2,,300.0,True,False
,Jewelry Findings & Components,0,"5pcs/Pack Jewelry Extender Chain For Necklace Bracelet, 5 Different Lengths, Unisex",1.7,4,,False,True
,Not ranked,0,Wooden Beaded Bracelet,1.8,,400.0,False,False
,Not ranked,0,Retro Bohemian Wind Geometric Shape Sun Flower Fringe Earrings Europe And The United States Creative Colorful Women's Ear Hanging,1.6,,10.0,False,False
,Not ranked,50,"5Packs BLS BLUES Reading Glasses for Women/Men Blue Light Blocking, Vintage Computer Readers Anti Migraine/Eye Strain Eyewear",4.0,,600.0,True,False
,Not ranked,0,5pcs Random Color Block Bracelet,1.6,,300.0,False,False
,Not ranked,11,1pc Adorable Cherry Keychain Fluffy Plush Cute Cherry Backpack Charm Fashion Elegance Decoration Keychain Bag Pendant Ornaments With Metal Hanging Clasp Small And Lightweight Easy To Carry Around Easy To Hang Can Be Easily Hung On Car Keys Handbags Backpacks Wallets And Other Items Perfect For Any Occasion Such As Dating Wedding Shopping Office Car Home Etc. Is An Ideal Gift Choice Give It To Friends Wives Family Classmates Ladies And Girls On Birthdays Holidays Or Parties. Gift Accessories Decor Car Accessaries Women Key Chain Charms Cherry Charm Cherry Bag Charm,2.4,,600.0,True,False
,Not ranked,0,1 Pair Of Stylish Bohemian Style Leaf Pendant Earrings 2024 Collection For Women Daily Wear,1.4,,1800.0,False,False
,Not ranked,7,"1pc Ladies' Adjustable Buckle Solid Color Straw Sun Hat, Outdoor Sun Protection Casual Hat, Suitable For Spring/Autumn Travel, Beach Vacation, Men's Y2k Style Youth Cap Boho",6.2,,1300.0,True,False
,Not ranked,0,"1pc Elegant And Stylish Titanium Steel Four-Leaf Clover Ten-Flower Bracelet With Zirconia, Women Wristband",3.6,,2500.0,False,False
,Not ranked,7,2PCS/1set Octagonal Shaped Irregular Flat Banana Clip Brain Back Board Hair Clip Simple Infinite Symbol Hair Accessory,1.4,,4200.0,True,False
,Not ranked,3,3pcs Resin Bangle,2.52,,6700.0,True,False
,Not ranked,0,1pair Long Beaded Red Floral Petal Shaped Pendant Earrings,3.3,,2100.0,False,False
,Not ranked,0,"1pc Stylish Geometric Zinc Alloy Bangle With Square & Circular Shape, Street Style & High-End, Exaggerated & Minimalistic, Abstract & Vintage, Luxurious & Elegant, Suitable For Daily Commuting, Party, Romantic Vacation, Photography, Showroom, Business & Personal Events, Chic, Gorgeous, High-End, Cute, Also Suitable For Couples' Dates",4.3,,5900.0,False,False
,Not ranked,0,"Ehan Cross-border Fashionable And Popular Accessory Supplier, Cute Double-layer Heart Charm Anklet For Women",1.3,,2500.0,False,False
,Not ranked,0,9pcs Geometric DIY Jewelry Accessory,1.9,,50.0,False,False
,Not ranked,0,1pair New Design Shell Decor Transparent Acrylic Geometric Gold plated Square Pendant Drop Earrings for Women Daily Jewelry,1.5,,4100.0,False,False
,Boho Hair Bands,20,4pcs Women's Floral Print Scarf Hairband Multi-Use For Vacation And Daily Life Boho,1.76,5,,True,True
,Women Stud Earrings,20,Faux Pearl Decor Earring Jackets,1.44,6,,True,True
,Not ranked,0,"100-200pcs Pony Beads , Rainbow Mixed Colors Beads For Jewelry Bracelets Making, Bracelet Beads, Plastic Barrel Beads For Crafts, Hair Beads For Braids For Girls (Multicolored)",1.5,,800.0,False,False
,Not ranked,0,Stainless Steel Watchband & Case Set Compatible With Apple Watch,4.8,,900.0,False,False
,Not ranked,0,3pcs Cross Necklace Set Creative Simple Fashion Stainless Steel Men's Jewelry Set,2.9,,90.0,False,False
,Not ranked,0,Faux Pearl Decor Drop Earrings,1.4,,1800.0,False,False
,Not ranked,0,Water-drop Decor Earrings,1.3,,1600.0,False,False
,Women Body Jewelry,0,ROMWE Grunge Punk 1pc Fashion Stainless Steel Rhinestone Decor Nose Ring For Women For Daily Decoration,1.9,7,,False,True
,Women Long Necklaces,0,1pc Fashion Disc Charm Necklace For Women For Daily Life,1.5,7,,False,True
,Not ranked,0,1pc 40+5cm Vintage Link Chain Paperclip Necklace Minimalist Stainless Steel Golden Necklace Women Jewelry Gift,1.4,,1300.0,False,False
,Not ranked,9,"Exaggerated & Versatile Large Circle Earrings Metal Hoop Earrings, Fashionable Circle Earrings Set, Multiple Pairs",1.82,,6000.0,True,False
,Not ranked,0,Geometric Drop Earrings,1.6,,1200.0,False,False
,Not ranked,14,Faux Pearl Decor Hair Claw Elegant,1.46,,6500.0,True,False
,Not ranked,0,8mm Flashing Stone & Moonstone Beaded Bracelet,2.0,,400.0,False,False
,Not ranked,0,1pc Women Creative Fashionable Colorful Irregular Geometric Patchwork Design Elastic Zinc Alloy Bangle Apple Watch Band Compatible With 38mm 40mm 41mm 42mm 44mm 45mm 49mm Metal Strap Compatible With Apple Watch Series Ultra 2 SE 9 8 7 6 5 4 3 2 1,6.4,,2000.0,False,False
,Not ranked,41,Sanrio 50pcs Officially Licensed Vinyl Sticker Waterproof UV Scratch Resistant Great For Mom Dad Grand Mother Father Teacher Sister Brother Boy Girl Friend Funny Valentine'S Day Gifts Badtz-Maru Pompompurin Little Twin Stars Mimmy Hangyodon Tuxedo Sam Rilakkuma,2.07,,100.0,True,False
,Not ranked,23,"6pairs/Set Vintage Carved Flower Dangle Earrings, Bohemian Style Wooden Jewelry, Fashion Festival Drop Earrings",2.69,,100.0,True,False
,Not ranked,0,"1 Pair Of Cute And Stylish Ocean Beach Style Starfish Earrings With A Drop-Shaped Enamel Ball And White Starfish-Shaped Pendant, Suitable For Girls To Wear On Vacation, Daily Life, Or Bohemian Fashion Style.",1.5,,1200.0,False,False
,Not ranked,0,Fashionable And Popular Men's Stainless Steel Minimalist Hoop Earrings For Jewelry Gift And For A Stylish Look,1.5,,3900.0,False,False
,Not ranked,20,Frameless Sunglasses European And American Style Y2k Futuristic Sports Eyewear Street,3.36,,5700.0,True,False
,Not ranked,20,Braided Detail Round Drop Earrings,1.52,,7100.0,True,False
,Not ranked,0,1pc Women's Simple Jelly Color Decor Beaded Necklace,1.6,,1200.0,False,False
,Wedding Fashion Jewelry,55,1pair Elegant Faux Pearl Decor Earrings For Women For Daily Decoration,0.85,3,,True,True
,Not ranked,0,Heart Threader Earrings,1.8,,2100.0,False,False
,Not ranked,0,"1pc Men Gold Stainless Steel Strap Fashionable Rhinestone Decor Date Round Dial Quartz Watch & 1pc Beaded Bracelet, For Daily Life",3.7,,700.0,False,False
,Women Layered Necklaces,0,Set Of 6 New Ins Metal Snake Skin Pattern Layered Necklaces,2.6,10,,False,True
,Wedding Umbrellas,8,"1pc Large White Lace Umbrella With Vertical Edges And European Style Floral Border, Perfect For Weddings",6.1,2,,True,True
,Not ranked,0,1pc Initial Necklace For Women Girls Stainless Steel Letter Necklace Trendy Waterproof Custom Personalized Monogram Choker Necklace,2.2,,2400.0,False,False
,Not ranked,0,2pcs Moon Detail Oval Stud Earrings,1.8,,2700.0,False,False
,Not ranked,38,"2pcs/Set Fashionable Golden Jewelry With Simple Style Faux Pearl Bracelets Set, Elegant Women's Layered Bracelet For Rare And Luxurious Gift (Random Number Of Beads)",1.24,,1500.0,True,False
,Not ranked,6,Lion King Ears Headbands For Wonmen Mufasa Hairbands Girl Pumbaa Sequins Bow Hair Accessories,2.9,,400.0,True,False
,Not ranked,4,"1set/2pcs Simple Metal Chain Women's Collarbone Necklace Set, Long Gold Necklace",2.3,,2000.0,True,False
,Not ranked,0,Rhinestone Decor Earrings,1.6,,200.0,False,False
,Not ranked,50,"1pc Exquisite Summer Colorful Irregular Shaped Shiny Artificial Crystal Cubic Zirconia Collarbone Necklace, Elegant And High-End, Suitable For Women To Wear On The Beach",2.2,,,True,False
,Not ranked,8,"Vintage Paris Paisley Flower Heart Double-Sided Hair Clamp, High-End Bowknot Headwear Hair Clip, Back Hair Claw",2.2,,,True,False
,Not ranked,0,4pairs/set Fashion Zinc Alloy Turtle & Shell Stud Earrings For Women For Daily Decoration,1.9,,3800.0,False,False
,Not ranked,0,"5pcs Beach Style Faux Pearl Star Moon Shell Smiling Face Charm Bracelet, Fashionable Multi-Layered Acrylic Beaded Bracelet",1.9,,500.0,False,False
,Not ranked,0,10pairs Faux Pearl & Butterfly Decor Earrings,2.7,,90.0,False,False
,Not ranked,46,"1pair European And American Vintage Style Alloy Geometric Circular Square Hollow Out Irregular Spiral Worn Earrings For Women, Daily Wear",0.87,,2400.0,True,False
,Not ranked,8,2pcs Solid Bucket Hat,4.8,,1200.0,True,False
,Not ranked,0,"3pcs Simple Chain Butterfly Anklet, Suitable For Women's Vacation, Dating, Gifts",1.5,,10000.0,False,False
,Not ranked,0,1 Pc Simple Sunburst Sun Ray Delicate Pendant Necklace for Women - Daily Wear Jewelry,1.6,,6300.0,False,False
,Not ranked,1,7Pcs Letter Detail Bead Decor Bracelet Boho Matching Bracelets,2.48,,8700.0,True,False
,Not ranked,8,"Clear Lens Computer Glasses With Cartoon & Candy-Colored Blocks Decoration, Unisex For Cosplay Or Daily Use Clear Glasses Accessories",3.4,,4000.0,True,False
,Not ranked,0,18pairs/Set Faux Pearl Decor Hoop Earrings,4.7,,10000.0,False,False
,Not ranked,24,"4pcs Bohemian Style Vintage Shell & Crushed Stone Beaded Bracelet And Anklet Set For Women, Fashion Jewelry",1.67,,1100.0,True,False
,Not ranked,0,24pcs/Set New Pure White Pearl All-Match Stud Earrings,1.3,,1600.0,False,False
,Women Chokers,20,A Women's Geometric Personality Exaggerated Chain Hip-hop Necklace Women's Trendy And Cool Thick Chain Necklace,1.92,10,,True,True
,Not ranked,62,1pc Cute Creative Flower Plush Flower Accessories Fashionable Bag Pendants Mobile Phone Accessories Key Rings Daily Use Commuting And Dating Fashionable For Men And Women Gift Gift Accessories Decor Present Valentines Car Accessaries Women Key Chain Charms Cute Stuff Plush Keychain,1.27,,400.0,True,False
,Men Baseball Cap,8,Men Letter Embroidered Ripped Baseball Cap For Daily Life Street,5.4,6,,True,True
,Not ranked,20,"Classic Gold-plated Round Cubic Zirconia Pendant Jewelry With Titanium Steel Snake Chain Necklace, Wearable For Daily Outfits/ Gift Set With Box For Festivals And Anniversaries",2.8,,7000.0,True,False
,Not ranked,0,"1box 3mm Rice Bead Polymer Clay Beads With Spinner Kit - Electric Bead Rotator For Jewelry Making, Featuring 24 Colorful Clay Beads And Jewelry - Packed In A Gift Box For Waistband, Bracelet, Or Necklace Crafting",2.9,,,False,False
,Not ranked,20,"1pair Colorful Oil Drip Four-Petal Flower Shaped Women's Dopamine Stud Earrings, Suitable For Daily Simple Sweet Vacation Gift",1.44,,6200.0,True,False
,Not ranked,0,1pair Simple And Elegant Hollow Out Lucky Clover Dangle Earrings,1.4,,1100.0,False,False
,Not ranked,0,1pair Fashionable Gold Butterfly Cleavage Enhancer Adhesive Breast Pads,1.6,,1200.0,False,False
,Boho Women Glasses & Eyewear Accessories,8,Top Bar Tinted Lens Fashion Glasses For Daily Life Or Summer Travel Vintage,3.4,6,,True,True
,Not ranked,0,"7pcs/Set American Independence Day Fashionable Red, White And Blue Soft Ceramics Multi-Layered USA Alphabet Beaded Stretch Bracelet",2.7,,2400.0,False,False
,Not ranked,65,"1pc Fashionable Jewelry Storage Rack For Hanging Earrings, Rings, Displaying Jewelry And Tidying Up Desk",1.81,,1100.0,True,False
,Fine Necklaces,0,1 Pc 6mm-10mm Simple S925 Sterling Silver Single Pearl Collarbone Necklace Jewelry Gift For Women Wedding Bridal Jewelry,5.9,3,,False,True
,Not ranked,0,Square Drop Earrings,1.5,,2400.0,False,False
,Not ranked,24,4pcs Cute & Personalized Star & Water Drop Shaped Hair Clips For Girls Street,1.14,,900.0,True,False
,Not ranked,35,DAZY Butterfly Design Hair Claw Cute,1.23,,100.0,True,False
,Not ranked,0,2 Boxes 4800pcs Clay Beads For Bracelet Making Kit 48 Colors Flat Round Polymer Clay Spacer Heishi Beads For DIY Jewelry Making Birtheday Party Gift,8.6,,1500.0,False,False
,Not ranked,0,1 Pcs Classic 18K Gold Plated Oval Cubic Zirconia Wedding Rings for Women Jewelry Luxury Dresses,2.4,,10000.0,False,False
,Not ranked,49,"3pcs Fashionable Simple Rhinestone Love Heart & Cat Eye Stone Open Ring Set, Adjustable Size, Party/dating Gift, Y2k Style",0.77,,1400.0,True,False
,Not ranked,0,1pc Luxury Full Crystal Baroque Brooches Pins For Women Fashion Rhinestone Classic Big Badges Vintage Lady Party Banquet Pin,2.9,,200.0,False,False
,Not ranked,29,Fashion Simple Business High-End Three-Eye Calendar Digital Gold Steel Band Men's Quartz Watch Casual Men's Watch Father's Day Preferred Gift,2.55,,1000.0,True,False
,Women Toe Rings,0,"2pcs Fashionable Minimalist Alloy V-Shaped Geometric Handmade Toe Ring And Finger Ring Set For Women, Suitable For Beach Date",1.8,6,,False,True
,Men Necklaces,0,"1pc S925 Sterling Silver Side Chain Necklace, Fashion Necklace Jewelry Gift For Men",3.3,4,,False,True
,Not ranked,0,1pc Exquisite Minimalist Chain Anklet For Women For Daily Decoration,1.7,,5000.0,False,False
,Not ranked,0,1pc Fashion trend elegant simple lady stainless steel anklet,1.5,,400.0,False,False
,Not ranked,0,"33-Inch Memorial Day USA Flag Theme 8mm Beaded Bracelet With Five-Pointed Star, Set Of 6",2.8,,300.0,False,False
,Women Chain Bracelets,0,1pc Women's Stainless Steel Classic Engraved Heart Shaped Lips Chain Ot Clasp Titanium Steel Bracelet,1.9,10,,False,True
,Not ranked,0,2-Piece Apple Watch Band Apple Watch Strap Apple Watch Case Set Gold Stainless Steel Breathable Adjustable Mesh Strap And PC Soft Material Waterproof Shockproof Gold Watch Protection Case With Screen Protector Fits Apple Watches Series SE 8 7 6 5 4 3 2 1 38mm 40mm 41mm 42mm 44mm 45mm Men Women With Replacement Watchband And Watch Protective Cover Apple Watch Case,4.9,,900.0,False,False
,Not ranked,11,4pcs Minimalist Hair Claw for daily casual outing wear,1.6,,2000.0,True,False
,Not ranked,0,1 Pair Double Sided Rainbow Print Water Drop Wooden Hook Earrings For Women,1.6,,1800.0,False,False
,Not ranked,8,"1pc Women Summer Straw Woven Panama Hat, Sun Protection Wide Brim Beach Holiday Leisure Hat, Suitable For Attending Parties And Outgoing Use For Sunshade.",6.0,,400.0,True,False
,Boho Women Belts,9,1pc Women Bead Decor Round Buckle Straw Woven Belt For Vacation Boho,3.47,2,,True,True
,Casual Women Belts Sets,11,4pcs Thin Metal Minimalism Buckle Belt(Without Hole Punch),3.01,2,,True,True
,Not ranked,0,4pcs/set Minimalist Chain Bracelet,1.7,,900.0,False,False
,DIY Kits,0,"1box 3mm Rice Bead Polymer Clay Beads With Spinner Kit - Electric Bead Rotator For Jewelry Making, Featuring 24 Colorful Clay Beads And Jewelry - Packed In A Gift Box For Waistband, Bracelet, Or Necklace Crafting",1.9,10,,False,True
,Not ranked,15,"D EXCEED 1 PC Feather Headband With Artificial Flowers, 1920s & 1950s Fascinator Headpiece For Women, Feather Flower 20s & 50sHeadband For Carnival, Cocktail, Wedding, Tea Party Accessories",1.7,,40.0,True,False
,Not ranked,7,1 PC Women's Cat-Eye Large Frame Colourful Trendy Anti-Blue Light Flat Glasses Suitable For Daily Commuting Use Clear Glasses Accessories,2.7,,3200.0,True,False
,Not ranked,0,5pairs/Set New Arrival Cross-Border Gold Tone Earring Set With Circle Shaped Faux Pearl Inlayed Earrings,1.9,,4000.0,False,False
,Not ranked,5,"4Pcs Women 3.5 Inch Artificial Flower Clips,Plumeria Hibiscus Hair Clips Hawaiian Flower Hair Clips For Women, Vacation Beach Party,Summers Tropical Flower Hair Accessories For Girls Holiday Gifts",1.9,,200.0,True,False
,Not ranked,22,1pc Cubic Zirconia Decor Ear Climber Copper Jewelry,1.25,,1300.0,True,False
,Not ranked,8,"MLB Baseball Team Style NY Exquisite Embroidery Hard Top Stylish Outdoor Sports Sun Protection Adjustable Baseball Cap, Suitable For Men & Women All Seasons, Holiday Gifts, Romantic Gifts",3.7,,100.0,True,False
,Not ranked,20,7pcs/set Bohemian Minimalist Color Block Beaded Bracelet For Women For Holiday,2.24,,4900.0,True,False
,Smartwatch Band,0,2pcs Clear Waterproof Case Compatible With Apple Watch,1.8,8,,False,True
,Not ranked,0,10pairs Butterfly & Faux Pearl Decor Earrings,2.7,,6900.0,False,False
,Not ranked,0,1pc Fashionable Simple Geometric Tassel Round Bead Collarbone Multi-Layer Long Y-Shaped Necklace,1.5,,100.0,False,False
,Not ranked,0,"1pc Sweet & Cool Pink Zirconia Cross Necklace For Women's Date, Pendant Clavicle Chain Jewelry",2.3,,4000.0,False,False
,Not ranked,0,10pcs Ceramic Colorful Cute Fish Beads For Diy Jewelry Making,1.9,,300.0,False,False
,Not ranked,0,"7pcs Hawaiian Style Beach Vacation Bracelet Set, Adjustable Women Bracelets With Colorful Artificial Woven Weave, Suitable For Your Holiday And Daily Accessories",3.4,,2200.0,False,False
,Not ranked,0,Solid Textured Ring,2.0,,60.0,False,False
,Not ranked,7,1pc Silver Punk Cowboy Rock Y2k Trend Rivet Embellished Rhinestone Waist Belt For Women Street,11.0,,1600.0,True,False
,Women Glasses Sets,20,Vintage 2pairs Women Round Frame Fashionable Sunglasses For Summer,3.68,2,,True,True
,Not ranked,75,2pcs/set Minimalist Chain Bracelet,0.33,,1600.0,True,False
,Men Hats,6,"1pc Tassel Headband, Halo Headband, Satin Lined Headband, Unisex Edge Cap Beanie For Men And Women, Twist Cap With Satin Lining",5.9,8,,True,True
,Not ranked,0,1 set of 3 pieces simple fashion starfish pendant necklace marine style exaggerated earrings personalized ladies jewelry set,4.5,,7500.0,False,False
,Not ranked,0,"12pcs/Set Women's Knuckle Rings, Metal Material Arrow, Knot, Star, Moon Design Toe Ring Set",1.8,,5000.0,False,False
,Not ranked,0,1pair Metallic Circle Button Drop Earrings For Women's Daily Wear,1.7,,5800.0,False,False
,Not ranked,42,"1pair Cartoon Cute Funny Earrings, Shiny Animal Paw Pattern Dangle Drop Earrings, Party/club/street Style Versatile Ear Jewelry, Gift For Pet Mom",0.87,,2600.0,True,False
,Not ranked,0,36 Pairs Casual Simple Round Square Heart Shaped Cubic Zirconia Stud Earrings Unisex Daily Commuting Neutral Style Jewelry Set,3.9,,400.0,False,False
,Women Baseball Cap,5,"1pc Women's Khaki Smile Face Baseball Cap, Adjustable Size, Suitable For Daily Use",3.8,10,,True,True
,Not ranked,63,"1pc/12pcs Transparent PVC Plastic Handbag, Bridesmaid Gift Bags, Cosmetic Packaging Bags, Flower Bags, Candy Bags. Suitable For Holidays, Halloween, Christmas, Reusable, Also For Small Business Supplies, Shopping, Wedding, Anniversary, Birthday Party Favor Bags, Crafting And Other Party Favors.",2.46,,2500.0,True,False
,Not ranked,0,"Nylon Sport Loop Compatible With Apple Watch Band 38/40/41/42/44/45/49mm, Adjustable Breathable Women Men Braided Strap Compatible With Apple Watch Series Ultra 9/8/7/6/5/4/3/2/1 SE,Yellow",1.8,,1700.0,False,False
,Not ranked,0,Leaf Decor Cuff Ring,1.4,,4200.0,False,False
,Not ranked,0,16pcs Stainless Steel Three-dimensional Pattern Mixed One Size Open Adjustable Ring (Mixed Pattern),7.2,,6800.0,False,False
,Women Tooth Jewelry,0,"Glitzy Hip Hop Five-Pointed Star Tooth Grill - Durable Plated, Eye-Catching Hollow Out Design, Customizable Colors For A Luxurious & Trendy Look",1.7,1,,False,True
,Not ranked,0,"1 pcs of fashion, light luxury design, simple stainless steel love bracelet, suitable for women's daily attendance wear, will not fade",3.3,,1900.0,False,False
,Not ranked,0,2pcs Round Ball Earrings Suitable For Women's Daily Wear,1.5,,300.0,False,False
,Not ranked,10,"17pcs/Set Random Mixed Color Beaded Bracelet Set With Rice Beads For Beach Style, Summer",0.99,,600.0,True,False
,Women Single Ring,2,"1pc Fashionable Minimalist Stainless Steel LOVE Ring, Delicate Couple Ring For Men & Women, Suitable For Daily Wear",1.76,5,,True,True
,Not ranked,0,4pcs Simple Ear Cuff,1.2,,4100.0,False,False
,Not ranked,7,"Party 1pc Women's Fashion Springy Elastic Waist Belt, Versatile Accessories For Dresses, Sweaters, Coats And Pants",2.8,,800.0,True,False
,Not ranked,20,3pcs Beach Style Seed Bead Belly Chain Sexy Elastic Waist Jewelry,1.76,,900.0,True,False
,Not ranked,12,"16CM Exaggerated Personalized Multi-Layer Fabric Flower Brooch Elegant Vintage Pin, Couple Evening Accessory",2.3,,300.0,True,False
,Not ranked,8,1pc Fashion Pure/Multi-Color Retro Golf Sun Visor Baseball Cap For Outdoors Casual,2.4,,5100.0,True,False
,Men Belts & Belts Accessories,8,1pc Men Star & Moon Charm Fashionable Layered Pant Chain For Pants Decoration Street,2.2,9,,True,True
,Not ranked,39,2pcs/Set Chic Cocktail Ring 14k Gold Plated Sparkling Halo Design Inlaid Natural Crystal Symbol Of Beauty And Nobility Match Daily Outfits Party Decor,1.16,,700.0,True,False
,Not ranked,8,1pc Square Shaped Stylish Women's Sunglasses Cute Shades Beach Accessories,2.3,,4200.0,True,False
,Not ranked,0,11pairs/Set Faux Pearl & Heart Decor Earrings,3.1,,10000.0,False,False
,Not ranked,0,Cubic Zirconia Hoop Earrings,3.0,,300.0,False,False
,Not ranked,0,1 Pair Cute Starfish Sea Star Stud Earring For Summer Vocation Beach Style Earring,1.6,,600.0,False,False
,Not ranked,6,1pair Novelty Funny Fried Egg Frying Pan Design Women's Stud Earrings,1.5,,,True,False
,Not ranked,0,1 Pair Of Vintage Gold Irregular Long Tassel Earrings For Women Party And Dance Event,2.6,,400.0,False,False
,Not ranked,0,"1pc Exaggerated Metallic Circular Bangle With Hollow Out Irregular Shapes, Simple & Stylish, Perfect For Vacation, Party, Ladies All-Match Sexy Bracelet",2.4,,300.0,False,False
,Not ranked,0,"1pair European & American Minimalist Geometric Irregular Starfish Shaped Versatile Stud Earrings For Women, Hot Selling",1.8,,300.0,False,False
,Not ranked,6,1pc Bride Hair Clip White Acrylic With Rhinestone Bride For Bacheloreet Wedding Bride Party,3.0,,600.0,True,False
,Not ranked,0,2pcs Couple Letter & Crown Print Bracelet,2.8,,,False,False
,Not ranked,0,3pcs Minimalist Chain Necklace,2.6,,2200.0,False,False
,Not ranked,20,4pcs Minimalist Anklet,1.12,,8800.0,True,False
,Not ranked,0,"3pcs Random Birthday Party Hair Hoop, Metallic Plastic Birthday Hairhoop For Party",1.9,,100.0,False,False
,Not ranked,0,Color Block Geometric Drop Earrings,2.3,,300.0,False,False
,Women Ring Sets,4,"22pcs Bohemian Style Faux Pearl & Vintage Geometric Multi-Element Ring Set, Suitable For Women's Daily Wear",2.11,3,,True,True
,Not ranked,0,"1pack 3-12mm Round Black Ccb Spacer Beads, Acrylic Coated Cube-shaped Loose Seed Beads For Making Diy Bracelets, Necklaces And Other Jewelry Accessories",1.4,,700.0,False,False
,Not ranked,0,"57pcs Fashionable And Delicate Multiple-Element Metal Necklace, Earrings, Bracelet, Anklet, Ring Set With Heart, Butterfly, Star, Moon, Twisted Chain, 8 Shaped Rhinestone, Faux Pearl, Tassel Pendant Great For Daily Wear, Party, Dating, Gift Giving (Box Not Included)",7.7,,2100.0,False,False
,Not ranked,51,"1 Pair Of Elegant Western Style Ribbon Bow Earrings, Suitable For Women To Wear In Daily Life, Parties, Travel Photography And Other Occasions",0.69,,500.0,True,False
,Men Brooches,42,Frog Cat with the LGBT Pride Flag Enamel Pin Rainbow Brooch Jewelry Lapel Pins Accessories Backpack,0.87,8,,True,True
,Not ranked,27,1pc Unisex Bohemian Style Tassel Keychain With Glittery Ball Pendant For Bag Decoration Cute Keychain Rainbow School Supplies Teacher Gifts Back To School Teacher Accessories,1.9,,200.0,True,False
,Not ranked,5,16pcs Women's Bohemian Style Glass Beads Mix-And-Match Fresh Blue Stacking Bracelets,2.0,,3000.0,True,False
,Not ranked,0,1pair Metal Alloy Bowknot Earrings With Rhinestone Decoration,1.3,,400.0,False,False
,Not ranked,0,2pcs/set Fashionable Minimalist Chain Bracelet For Women For Daily Decoration,1.5,,2700.0,False,False
,Not ranked,0,5pcs/Set Fashion Mens Sports Watches Man Business Quartz Wristwatch Luxury Leather Bracelet Men Casual Clock Watch,2.9,,800.0,False,False
,Not ranked,0,"European And American Fashionable Wide Cuff Bracelet, Unisex Cool Design Open Bangle Wristband",2.2,,3200.0,False,False
,Not ranked,0,4pcs Vintage Heart Shaped Pendant Bracelets,2.2,,1700.0,False,False
,Not ranked,7,"1pair Women's Square Fashion Metal Rimmed Tr Eyeglasses Frame, Blue Light Blocking Clear Lens Decor Glasses, Trendy All-Match Eyewear Clear Glasses Accessories",4.3,,1900.0,True,False
,Not ranked,31,Cute Bubble Tea Keychain,0.9,,400.0,True,False
,Not ranked,2,1pair French Vintage Faux Pearl Earrings,1.86,,9600.0,True,False
,Women Hoop Earrings,4,Summer Metal Wrap Knot Irregular Hoop Earrings For Women With Unique Design Sense,1.63,4,,True,True
,Fine Jewelry,0,"New Cartoon Animal Charm Beaded Pendant, Suitable For Original 925 Silver DIY Bracelet, Women Birthday Fashion Jewelry Gift",4.5,1,,False,True
,Not ranked,0,"1pc Flower Design Micro-inlaid Bracelet For Women, Valentine's Day Gift For Friends",2.9,,9200.0,False,False
,Not ranked,0,1pc Fashion Copper Daisy Decor Anklet For Women For Daily Decoration,2.5,,10000.0,False,False
,Not ranked,0,"One Bohemian Style Promise Ring With Cubic Zirconia, In Pink, Green Or Aqua, For Engagement And Wedding Jewelry",2.8,,1300.0,False,False
,Women hats,7,Street 1pc Versatile Fashionable Outdoor Fishing Hat Neutral Casual For Daily Life,6.9,8,,True,True
,Not ranked,8,Solid Trucker Hat,2.4,,900.0,True,False
,Not ranked,6,"4pcs/8pcs/12pcs/Pack Heart Shaped Party Sunglasses, Rimless And Transparent Candy Color, Random Color, Frameless Eyewear Glasses Cute Sunglasses Beach Sun Glasses",3.2,,1000.0,True,False
,Not ranked,0,"50Pcs 15mm Various Colors Silicone Beads, Silicone Beads For Keychain Making Bulk Silicone Beads For Bracelet Making Necklace Making And Round Silicone Beads For Pens",2.4,,800.0,False,False
,Not ranked,0,3pairs/set Hollow Out Water Drop Earrings Copper Jewelry,2.0,,7900.0,False,False
,Square Women Fashion Glasses,20,Street 3pairs Women Flat Top Fashionable Sunglasses For Daily Life Shades Beach Accessories,3.68,7,,True,True
,Not ranked,6,Flower Print Hair Claw,1.6,,,True,False
,Not ranked,0,1pc Cloisonne Enamel Droplets Gold Plated Women's Bracelet,3.9,,5100.0,False,False
,Hat Storage,7,"Hat Hooks In The Closet, Metal Hat Organizer Brackets Displayed In The Wardrobe And Room Closet, Hat Racks For Baseball Caps, Hat Holders With 10 Clips, Baseball Caps And Accessories, Gifts For Men And Women",5.2,3,,True,True
,Women Exercise & Fitness Belt,23,"1pc Sporty Waist Trainer Vest, Slimming Hip & Tummy Control Top With Open Bust, Women's Underwear & Shapewear",5.08,6,,True,True
,Not ranked,20,1pc Fashionable Vintage Stone Sliding Knot Bracelet,1.28,,2400.0,True,False
,Not ranked,7,"30pcs Medium Size Girls Hair Clips, Cartoon Fashion Hairpins Wave Square Hair Grips(Random Color)",2.6,,1000.0,True,False
,Not ranked,41,"1pc Women's Oversized Sunglasses, Suitable For Daily Wear And Outdoor Activities",1.36,,1800.0,True,False
,Not ranked,33,"1pair Colorful Fabric Lace Flower & Tassel Dangle Earrings, Suitable For Women's Beach Holiday And Daily Wear",1.61,,700.0,True,False
,Not ranked,0,"1pc Double Layer Jewelry Box For Necklace, Earring, Bracelet & Ring Storage, Portable Travel Jewellry Organizer, Minimalist Style, Gift For Valentine's Day",4.4,,1300.0,False,False
,Not ranked,0,"1pc Tote Bag For Bride, Personalized Bride Gifts For Wedding Bridal Shower Bachelorette Party Engagement Honeymoon",7.6,,600.0,False,False
,Women Fashion Glasses,6,1pc Women's Rimless Star Decorated Y2k Fashion Sunglasses For Daily Wear Street Shades Beach Accessories,3.3,8,,True,True
,Not ranked,0,"2pcs Fun Handmade Rice Bead Coconut Tree Design Lightweight Earrings For Women, Perfect Decoration For Beach, Vacation, Party",3.7,,10.0,False,False
,Not ranked,0,1PC Moissanite Rings For Women 925 Sterling Silver 4mm Round Cut D-E Color VVS1 Wedding Band Anniversary Ring Jewelry Gifts For Her With GRA Certificate Engagement Bridal Jewelry,20.1,,100.0,False,False
,Not ranked,0,Rhinestone Decor Chain Bracelet,2.1,,5300.0,False,False
,Casual Hair Bands,54,1pc Women Fashionable Sports Solid Hair Band Suitable For Outdoor Use Casual,0.78,9,,True,True
,Not ranked,0,Textured Circle Drop Earrings,1.3,,1000.0,False,False
,Not ranked,0,1pc Handmade Irregular Shape Stone Chunk Necklace,1.8,,1100.0,False,False
,Not ranked,20,10pcs/set of simple European and American metal smooth circular earrings,1.68,,2800.0,True,False
,Men Chain Bracelets,0,1pc Men's Stainless Steel Twisted Rope Chain,1.9,9,,False,True
,Not ranked,0,1pair French Style Irregular Geometric & Simple & Sweet & Personalized Faux Pearl Copper Stud Earrings For Women,1.3,,1900.0,False,False
,Women Belts & Belts Accessories,7,"1pc Paisley Print Bandana Classic Head Wrap For For Outdoor And Traveling Bohemian Bandana,Hair Band,Head Band Ideal For Dressing Up Your Look",2.6,1,,True,True
,Beanie Hats,9,"1pc Women's Hat, Korean Style Sweet Fox Ear Striped Knitted Hat With Letter Patch, Suitable For Outdoor Activities In Spring & Autumn For Warmth And Ear Protection Cute",6.76,1,,True,True
,Not ranked,0,Cubic Zirconia Decor Bracelet,1.5,,100.0,False,False
,Not ranked,3,1pair Fashionable Vintage Faux Pearl Bow Knot Weave Earrings For Women,1.55,,2000.0,True,False
,Not ranked,0,1set/5pairs Cross-border Trendy Comma & Water Drop Shape Lovely & Earrings & Simple C Stud Earring Set,3.7,,9000.0,False,False
,Fine Jewelry,4,"1pc 925 Sterling Silver Waterdrop Design Open Ring, Unisex Hand Accessory",4.5,3,,True,True
,Not ranked,0,"1pair Teardrop Shape Resin & Dried Flower Earrings With Glue Surface, Suitable For Women's Daily Wear",2.0,,6300.0,False,False
,Boho Women Belts,9,Round Buckle Straw Belt Boho,3.0,10,,True,True
,Not ranked,39,5pcs Butterfly Charm Necklace,1.59,,200.0,True,False
,Not ranked,53,1pc Women French Vintage Acetate Square Hair Claw With Colorful Finish High-Grade Hair Accessory Suitable For Daily Use In Spring And Summer,1.21,,800.0,True,False
,Not ranked,10,"5pcs Women's Forest & Vintage & Minimalist Style Satin Hair Scrunchies Set, All-Match, Soft And Gentle Girly Look Casual",1.9,,3100.0,True,False
,Not ranked,23,1pair Fashionable Geometric Faux Pearl Snail Stud Earrings,1.31,,700.0,True,False
,Not ranked,47,1pc Stainless Steel Horoscope Cosmic Starry Sky Series English Letter Pendant Necklace,0.96,,1200.0,True,False
,Not ranked,0,Star Decor Earring Jackets,1.4,,1400.0,False,False
,Not ranked,8,"1pc Unisex Printed Trucker Hat Baseball Cap Sun Hat Dad Hat, Suitable For Daily Use, Traveling, Hiking, Mountain Climbing, Beach Vacation",3.3,,900.0,True,False
,Not ranked,0,"1pair Bohemian Vacation Style Khaki Green, Dark Green, White, Lotus Pink, Light Blue Long Tassel Triangle Simple Fashion Earrings For Women",2.7,,1700.0,False,False
,Not ranked,7,"Women's 11cm/4.33in Large Size Light Plastic Hair Clip In Jelly Colors, Fashionable And Versatile With A Superior And Elegant Simple Style, Plain Hair Claw Hair Accessory Suitable For Daily Wear, Casual Parties, Commuting, Vacations, Face Washing, Makeup, And Clothing Matching.",1.4,,100.0,True,False
,Not ranked,6,"Resin Alphabet Keychain With Heart And Tassel Pendant, Lobster Clasp, Valentine's Day Gift, Single Decorative Women's Keyring With Love Theme - Great For Friends.",1.6,,2600.0,True,False
,Not ranked,0,Faux Pearl Decor Heart Drop Earrings,2.3,,1900.0,False,False
,Not ranked,0,2pcs Fashion Retro Earrings Imitation Turquoise Earrings Bohemian Earrings Jewelry Women's Earrings Jewelry Birthday Anniversary Gift For Lovers And Friends Valentine's Day Earrings Gift,1.9,,1200.0,False,False
,Vintage Sunglasses,5,1pc Women's Vintage Small Frame Oval Sunglasses With Personalized Design Ideal For Daily Wear Shades Beach Accessories,3.5,9,,True,True
,Wedding Fashion Jewelry,74,"1pair Women's Minimalist Leaf Shaped Stud Earrings, Fashionable And Exquisite Accessories For Dating Boho",0.39,6,,True,True
,Not ranked,10,Stone Beaded Bracelet,1.26,,500.0,True,False
,Not ranked,0,"1pc Bohemian Style Wire Bangle Bracelet With Beads & Charms Including Sunflower, Daisies, Stars, Honeybee And Heart, Suitable For Girls, Parties, Festivals And Gifts",2.9,,1100.0,False,False
,Not ranked,0,"Vintage Pine Tree Necklace For Women, Simple Tassel Sweater Chain Female Fashion Accessory",3.2,,700.0,False,False
,Not ranked,0,Hollow Out Geo Drop Earrings,1.2,,1000.0,False,False
,Not ranked,12,"6 Pack Flower Claw Clip For Women, Preppy Flower Hair Clip, Hawaiian Plumeria Hair Clip, Hawaii Hair Accessories For Thick Hair, Gifts For Women Teen Girls",4.85,,700.0,True,False
,Women Necklace Sets,0,2pcs Women's Layered Paperclip Shaped Rectangular Charm Necklace,2.2,6,,False,True
,Not ranked,26,"1pair Women's Bow Earrings, Versatile & Exquisite",0.96,,1200.0,True,False
,Not ranked,34,1 Pair Pearl Decor Stud Earrings Women's Elegant Fashion Glitter Stud Earrings Wedding Party Prom Earrings For Bride Bridesmaids,1.32,,400.0,True,False
,Not ranked,13,"DAZY Solid Color Fashionable All-Match Hair Clip With Bowknot Design, Suitable For Daily Wear Cute",1.4,,200.0,True,False
,Not ranked,0,"1pc Trendy Alloy Faux Pearl Shell Charm Bracelet, Seashell Conch Starfish Charm Bracelet, Summer Beach Wearing Hand String",2.0,,1100.0,False,False
,Women Baseball Cap,7,1PC Vintage Ponytail Baseball Cap Women Adjustable Snapback Hat Mesh Distressed Summer Cap Woman Sunhat (There Are Irregular Scratches On The Brim Of The Hat) Street,3.9,2,,True,True
,Not ranked,0,Bead Decor Hoop Earrings,1.6,,2500.0,False,False
,Not ranked,10,4pcs Faux Pearl Decor Necklace & Earrings & Bracelet,1.8,,100.0,True,False
,Not ranked,5,"4pcs/Set Mini Bow Design Hair Clip With Ribbon Streamers, Side Clip Style French Hair Tie For Double Ponytail Girls' Hair Accessory Cute",1.8,,8000.0,True,False
,Men Body Jewelry,0,1pc Iced Out Cubic Zirconia Brass Teeth Grillz for Men Women-Gold Silver Plated Hip Hop Grills for Your Teeth-Top and Bottom Halloween Cosplay Jewelry Gifts,5.2,2,,False,True
,Costume Accessories Sets,4,"1pc Alien Headband Plastic Sunglasses Green/Silver Accessories Glitter Sunglasses, Alien Cosplay Headband Costume Alien Head Bob Foam Funny Glasses Fun Party Headband Alien Props",2.4,9,,True,True
,Not ranked,20,"3pcs/Set Women's Square Black Blue Light Blocking Glasses, Clear Lenses, Suitable For Reading And Daily Use Clear Glasses Accessories",4.32,,2700.0,True,False
,Not ranked,7,"2pcs Women's Bohemian Style Woven Grass Belt, Perfect For Beach Holiday",6.3,,800.0,True,False
,Not ranked,35,"1pc Women Portable Multicolor Acid Hair Comb With Pointed Tail, Wide Teeth And Fine Teeth For Long And Short Hair, Suitable For Various Hair Styles And Holidays Gift",1.37,,800.0,True,False
,Not ranked,0,"3pcs/Set Fashionable Simple Style Multi-Layered Gold-Toned Shiny Beaded Necklace, Great Gift For Women Suitable For Various Occasions",2.2,,1100.0,False,False
,Not ranked,47,"1pc Women's Fashionable Shell & Faux Pearl Pendant Necklace With Delicate Setting Cubic Zirconia, Exquisite Jewelry Gift",0.96,,1000.0,True,False
,Not ranked,1,12pairs/Set Fashionable Zinc Alloy Faux Pearl Decor Cuff Hoop Earrings For Women For Gift,2.97,,8900.0,True,False
,Not ranked,32,13cm Handmade Fabric Flower Brooches For Women Suit Coat Pearl Badge Wedding Party Corsage Elegant Clothes Accessories Jewelry,2.11,,100.0,True,False
,Not ranked,0,Hollow Out Water Drop Earrings,1.4,,10000.0,False,False
,Not ranked,7,1pc Large Square For Women Men Sunglasses Fit Over Anti Glare Sun Shades Glasses For Driving Beach Travel Ladies Fashion Glasses,2.8,,100.0,True,False
,Women Stud Earrings,4,1pair Simple Ocean Beach Style Metallic Double Side Printed Shell Dangle Earrings For Women,1.63,8,,True,True
,Not ranked,0,"4pcs Large Teardrop-Shaped Drop Earrings Set, Everyday Women's Jewelry",2.0,,400.0,False,False
,Not ranked,50,One Women Color Block Mesh Sponge Sunscreen Breathable Truck Driver Baseball Cap Suitable For Daily Wear,1.6,,1600.0,True,False
,Boho Women Glasses & Eyewear Accessories,8,"Retro Square Frame Plastic Decorative Fashion Glasses, Unisex Boho Shades Beach Accessories",2.2,10,,True,True
,Not ranked,13,DAZY Butterfly Design Fashionable Hair Clip Suitable For Daily Wear,1.4,,100.0,True,False
,Not ranked,0,Leaf Design Cuff Ring,1.6,,1500.0,False,False
,Casual Women Sunglasses,5,3pcs Women Geometric Fashion Black Sunglasses For Daily Travel UV400 Clothing Accessories,3.7,7,,True,True
,Not ranked,5,"1pc Bride To Be Veil Headband With Comb, Wedding Bridal Veil, Bachelorette Party Accessory",1.9,,100.0,True,False
,Not ranked,20,5pcs Women Flower Decor Cute Hair Clip For Hair Decoration Boho,1.28,,1900.0,True,False
,Not ranked,0,"1pc European & American Style Fashionable Statement Single Layer Necklace With Large Metal Buckle, Punk Geometric Thick Chain Necklace",3.4,,900.0,False,False
,Not ranked,0,"1pc Graphic Watchband Compatible Apple Watch Band Apple Watch Strap Band Apple Watch Band Apple Watch Strap Strapband,Apple Watch Band Apple Watch Strap Band Apple Watch Band Apple Watch Strap Strap Band 49/45/44/42/41/40/38mm, Compatible With Apple Watch Band Apple Watch Strap Band Apple Watch Band Apple Watch Strap Strap Ultra/SE 8/7/6/5/4/3/2/1",2.0,,200.0,False,False
,Not ranked,6,1pc Independence Day Decorative Headband American National Day Party Dress-Up Prop,1.5,,700.0,True,False
,Not ranked,8,Square Polarized Sunglasses Men Women Outdoor Sports Sun Glasses For Driving Beach Travel,3.7,,600.0,True,False
,Men Bucket Hat,7,"1pc Men's Foldable Monochrome Sun Hat, Reversible, Suitable For Daily Use And Holiday Casual",2.6,4,,True,True
,Customized Fashion Word Necklaces,14,"1pc Stainless Steel Personalized Name Necklace For Women, Gold Color, Non-Fading, Fashionable Customized Necklace, Perfect Gift For Girlfriend, Boyfriend, Mother's Day",4.2,2,,True,True
,Not ranked,0,Butterfly Decor Earrings,2.2,,3100.0,False,False
,Not ranked,0,12 Pairs/Set Cross-Border New Earring Set With Faux Pearl Inlay Circle Earrings,3.0,,800.0,False,False
,Not ranked,0,"1pc Colorful Stainless Steel Gold Yellow Ring Oil Drop Opening Adjustable Women's Decorative Ring, Suitable For Gifting Or Daily Wear",1.6,,6700.0,False,False
,Not ranked,0,"18pcs Simple & Versatile Sparkly Rhinestone Stud Earrings Set For Women, Suitable For Daily Wear",1.4,,9400.0,False,False
,Not ranked,22,Ball Decor Beaded Bracelet,0.94,,1000.0,True,False
,Not ranked,7,Flower Charm Keychain,1.3,,,True,False
,Not ranked,0,1pc Unisex Stainless Steel Business Metal Strap Compatible With Apple Watch Band Apple Watch Strap Band Apple Watch Band Apple Watch Strap Strap Band 38/40/41/42/44/45/49mm Apple Watch Band Apple Watch Strap Band Apple Watch Band Apple Watch Strap Strap Strap Series Ultra/Se/9/8/7/6/5/4/3/2/1,6.2,,600.0,False,False
,Not ranked,0,2pairs Flower Stud Earrings,1.5,,2900.0,False,False
,Women Chokers,0,1pc Elegant Cultured Faux Pearl & Bow Decor Y Lariat Necklace For Women For Gift,1.7,7,,False,True
,Not ranked,5,"1pc Colorful Tie Dye Pattern Reversible Bucket Hat For Women, Fashionable Sun Protection Hat For Outdoor Activities And Daily Wear",3.6,,400.0,True,False
,Not ranked,20,"Women's Solid Color Wave Embroidery Washed Distressed Baseball Cap, Unisex Vintage Dad Hat For Casual Hip-Hop Look (Note: Soft Cap With Adjustable Strap. There May Be A Slight Odor Due To The Washing Process, Which Will Dissipate After Ventilation For 1-2 Days. There May Be A Slight Color Difference In The Product, Please Refer To The Actual Product)",3.04,,2500.0,True,False
,Not ranked,46,"50pcs Stars Design Transparent Opp Bags For Jewelry, Gifts, Etc. 8x13cm",0.87,,600.0,True,False
,Not ranked,0,"30pcs Holographic Self Locking Resealable Gift Bag For Jewelry Storage,Holographic Bags Colorful Deodorant Bags And Resealable Aluminum Foil Bags Polymer Film Sample Bags, Perfect For Party Food Storage,Holographic Gift Bag, Mini Ziplock Storage Bag For Party,Multicolor Holographic Resealable Storage Bags - Scented, Aluminum Foil Mylar Film Deodorant Flat Clear Window Packaging Bags - Perfect For Party Food, Candy, Jewelry, Lip Gloss Available-Essential,Holographic Laser Golden Zippered Gift Ba",1.2,,500.0,False,False
,Not ranked,53,"2PCS Black Hair Claw Clips, 4.3 Inch Large Matte Black Hair Claws, Fashion Hair Barrettes For Women, Strong Hold Hair Accessories For Girls Thick Long Heavy Hair Casual",1.14,,700.0,True,False
,Not ranked,28,Moon Charm Necklace,0.87,,700.0,True,False
,Not ranked,20,Popular Hip Hop Chain For Women Men Rhinestone Expression Decor Bracelet,2.16,,3100.0,True,False
,Not ranked,0,Leopard Print Geometric Drop Earrings,1.5,,300.0,False,False
,Not ranked,7,"10pcs/Set Metallic Hollow Out Butterfly Vintage Hair Clip And Modern Hairpins, Suitable For Festival Party And Daily Life Boho",1.4,,2100.0,True,False
,Not ranked,67,"Fashionable Simple Multicolor Hollow Out Star Pendant Earrings For Men And Women, Big Star Shaped Earrings",0.43,,3500.0,True,False
,Not ranked,39,1 Pair Of Women's Brown Square Flat Glasses Gradient Color Clear Fashion Glasses Festival Wear,2.13,,1600.0,True,False
,Not ranked,0,"23pcs Luxury Rings Set With Diamond & Simulated Faux Pearls & Eye & Hug & Multi-Element Design, Suitable For Women's Daily Wear",2.4,,3700.0,False,False
,Not ranked,0,7pcs Simple Beaded Bracelet,3.7,,3700.0,False,False
,Not ranked,0,1 PC Retro Ring For Women For Wedding Engagement Anniversary Party Band Jewelry Valentine's Day Gift,1.4,,2500.0,False,False
,Not ranked,0,Structured Cuff Hoop Earrings,1.7,,6000.0,False,False
,Not ranked,0,"5pcs/Set Y2k Retro Gothic Punk Rock Star & Cross & Butterfly Necklace With Rhinestone & Heart & Cross Pendant, Stainless Steel Chain, Ins Personality Hip-Hop Bohemia Style Heart Lock Necklace",2.7,,3800.0,False,False
,Not ranked,0,2pcs Faux Pearl Flower Stud Earrings,3.0,,200.0,False,False
,Not ranked,0,"2pcs Dainty Star & Inlaid Layered Necklaces, High-End Feeling, Cool & Chic Style, Trendy Cross Pendant, Sweet & Cool Combination",2.2,,3300.0,False,False
,Not ranked,20,20pcs Stainless Steel Men's Rings (random Size & Style),2.8,,1800.0,True,False
,Not ranked,0,1pair Personality Exaggerated Geometric Circle Stud Earrings Simple & Versatile,1.7,,5700.0,False,False
,Casual Hair Claws,6,"5 Inche Extra Large Claw Clips For Thick Hair And Long Hair, 4 Packs Xl Jumbo Claw Clips, Oversized Matte Non-Slip Rectangle Hair Clips For Women, Big Strong Hold Jaw Clip,Neutral Color Casual",1.5,10,,True,True
,Not ranked,9,6pcs Natural Stone Beads & Card Weaved Heart Shape Bracelet,3.1,,100.0,True,False
,Not ranked,8,"Vintage Square Oversized Sunglasses For Men & Women, Classic Decoration, Suitable For Outdoor Travel, Beach Vacation And Uv Protection",2.2,,1600.0,True,False
,Gift Wrap Bags,34,"10pcs, Pink Thank You Gift Bags, Retail Shopping Bags, For Weddings, Birthdays, Christmas, New Year, Business Gifts, Holiday Party Gift Bag",1.32,9,,True,True
,Not ranked,7,1pc Women's New Summer Hair Clip Diamond-Studded Starfish Hair Grip Acetic Acid Hair Claw 3D Hairpin Hair Accessories Headwear,4.0,,400.0,True,False
,Not ranked,0,Knot Decor Cuff Bangle,1.2,,5500.0,False,False
,Not ranked,0,"Sweet Girl's Spring/Summer Pink Ribbon & Faux Pearl Decor Stud Earrings With Silver Needle, Cute Fairy Ear Accessories",1.5,,4400.0,False,False
,Not ranked,40,"Men Watch 1pc Men's Gold Watch Casual Round Roman Numerals Quartz Watch With Stainless Steel Strap, Gold Color Watch For Men Father's Day Gifts",1.75,,500.0,True,False
,Not ranked,20,1pc Watch For Men Round Pointer Date Quartz Watch & 1pc Charm Cracelet,2.32,,300.0,True,False
,Hair Ties,10,"1pc Metal Buckle Hair Tie Ponytail Holder, Elegant And Simple Casual",1.9,10,,True,True
,Not ranked,0,"5-108pcs Fashionable Minimalist Jewelry Set Including Anklets, Bracelets, Earrings, Rings, Necklaces, And Ear Studs For Women. Ideal Birthday Or Holiday Gift For Women (Box Not Included)",1.7,,30.0,False,False
,Not ranked,0,1pc European And American Style Fashionable And High-end Turquoise Inlay Pendant Necklace With Square- And Oval-shaped Design For Women,4.3,,500.0,False,False
,Not ranked,0,"Bohemian Style Handmade Faux Pearl Beach Anklet Bracelet, Dual-Layer Simple Women Hand/Foot Accessory",1.7,,500.0,False,False
,Not ranked,7,"1pc Women's Double Layer Satiny Silk-Like Durag, Elastic & Adjustable, Fashionable & Comfortable Sleeping Cap Or Daily Headwear For Hair Styling And Hair Protection Silk Bonnet Satin Bonnet",2.5,,200.0,True,False
,Not ranked,65,1pc Summer Vintage Beach Style Beaded Foot Jewelry Round Bead Chain Anklet Double-Layer Anklet For Women's Daily Casual Wear,0.63,,70.0,True,False
,Not ranked,0,"6pcs/Set Women's Emerald Ring, Minimalist Design With High-End And Luxurious Feeling, Adjustable Open Ring",1.7,,10000.0,False,False
,Women Eyeglasses,7,1pc Women Eyeglasses Square Plastic Oversized Frame Wide Legs Versatile Decoration Casual Simple Classic Trendy Fashion Flat Glasses UV400 Suitable For Daily Office Photography Use Clear Glasses Accessories,2.8,4,,True,True
,Petticoats,7,"1 Pc Women's Solid Color Sequined Tutu Suitable For Stage Performances, Princess Play",3.8,3,,True,True
,Not ranked,0,"About 5400pcs 1 Box 18 Colors Polymer Clay Round Beads, Including Face Beads & Flat Beads, With Heishi Disc Beads & Letter Beads For Girls Ages, Making Friendship Bracelets",9.4,,600.0,False,False
,Not ranked,0,1 Pc Bohemian Leather Bracelets For Women Multi-Layer Wrap Bracelet Leather Wrap Boho Cuff Bracelets Trendy Magnetic Bracelets For Birthday Daily Stackable Jewelry,3.0,,1200.0,False,False
,Not ranked,0,Cubic Zirconia Decor Stud Earrings,2.0,,200.0,False,False
,Not ranked,0,12pcs Random Heart & Tassel Charm Beaded Anklet,2.9,,2300.0,False,False
,Not ranked,0,"One Gold Plated Australian Gemstone Turtle Ring, Ideal As Mother's Day Or Birthday Gift For Girls",2.6,,2300.0,False,False
,Not ranked,26,1pair Chic All-Match Creative Ginkgo Leaves With Tree Bark Texture Decor Pendant Earrings Suitable For Women's Daily Wear,1.26,,300.0,True,False
,Not ranked,8,"New Arrivals Women's Plus-Size Elastic Waist Chain Belt With Metallic Color For Dress, Decoration, Knitwear, Skinny Belt",3.5,,2600.0,True,False
,Not ranked,0,"1pc Fashionable Bohemian Style Silver Plated Gemstone Inlaid Ring, Ideal For Women As A Commemorative Gift",1.5,,1300.0,False,False
,Women Beaded Bracelets,0,Butterfly Charm Beaded Bracelet,1.3,8,,False,True
,Not ranked,49,1 Softball Style Hand Woven Bracelet - Perfect For Softball Lovers Of Men And Women!,0.76,,200.0,True,False
,Not ranked,6,Rhinestone Decor Square Frame Oversized Fashion Glasses For A Trendy Vintage Boho Look Elegant Shades Beach Accessories,4.6,,300.0,True,False
,Beads,0,100pcs Colorful Imitation Jade Glass Beads 8mm Round Loose Spacer Beads For DIY Jewelry Making,2.4,3,,False,True
,Not ranked,7,1pc Solid Color Simple Fashion Fisherman Hat With Frayed Edge,3.9,,800.0,True,False
,Men Glasses & Eyewear Accessories,6,1pc Men Black Frameless Y2K Fashionable Trendy Summer Beach Driving Sunglasses Shades Accessories,2.9,9,,True,True
,Fittings DIY & Tools,6,Sanrio Hello Kitty 50pcs Officially Licensed Vinyl Sticker Waterproof UV Scratch Resistant Great For Mom Dad Grand Mother Father Teacher Sister Brother Boy Girl Friend Funny Valentine'S Day Gifts Badtz-Maru Pompompurin Little Twin Stars Mimmy Hangyodon Tuxedo Sam Rilakkuma,3.3,9,,True,True
,Not ranked,4,5pcs Rhinestone Decor Hair Claw Party,2.2,,100.0,True,False
,Not ranked,0,"1set Wooden Earrings (4pairs/Set) In Black, Brown, Beige And Brown Yellow",2.1,,3000.0,False,False
,Not ranked,0,"Letter Necklace Layered Initial Cross Necklace, Layering Square Letter Pendant Figaro Chain Cross Choker from A-Z Capital Jewelry for Women Girls",3.5,,9400.0,False,False
,Not ranked,58,1pc Fashionable Light Luxury Heart Decor Red Anklet For Women,0.67,,1400.0,True,False
,Not ranked,7,DAZY Butterfly Design Hair Claw Cute,1.3,,70.0,True,False
,Women Hoop Earrings,3,Rhinestone Decor Hoop Earrings,1.75,9,,True,True
,Not ranked,0,"1pair New Vintage Geometric Round Hollow Pendant Earrings, Personalized Minimalist Women's Party Gift",1.7,,100.0,False,False
,Not ranked,0,1pair Vintage & Elegant Natural Turquoise Teardrop Shaped Earrings For Women,1.7,,1800.0,False,False
,Not ranked,49,"1pc Butterfly Turquoise Bracelet Suitable For Women's Daily Wear, Holiday Gift",0.77,,600.0,True,False
,Not ranked,0,1pc Simple & Trendy & Classic Industrial Design Hexagon Bangle Bracelet,2.7,,2300.0,False,False
,Not ranked,0,20pcs DIY Flower Charm,1.9,,200.0,False,False
,Not ranked,9,1pair Women's Golden Color Faceted Circular Stud Earrings,1.27,,8300.0,True,False
,Not ranked,0,1pair Simple Exaggerated Geometric 3d Flower Earrings For Women,2.6,,800.0,False,False
,Not ranked,0,"5pcs/Set Simple Pearl & Butterfly Pendant Necklace Set With High-End Design, Suitable For Daily And Commuting Wear",2.2,,800.0,False,False
,Women Evening Bags,12,"Fashionable Metallic Color Characteristic Round Evening Bag Crescent Party Bag Women Handbag Multi-Purpose One Shoulder Crossbody Bag Handheld Tote Women BagTready Bride Bag, Perfect For Party,Wedding, Prom,Dinner/Banquet, Matching With Wedding Dress, Formal Dresses, Prom Dress, Birthday Dress, Party Dress",22.4,2,,True,True
,Not ranked,8,"4pcs Fashionable Triangle Sunglasses, All-Match Style",3.7,,1800.0,True,False
,Not ranked,0,"1pc French Style Pearl Necklace, Fashionable And Versatile, And Elegant, Suitable For Clavicle",1.6,,1300.0,False,False
,Not ranked,0,Color Block Heart Drop Earrings,1.9,,700.0,False,False
,Women Glasses Sets,13,"2pcs Unisex Red-White-Blue American Flag Color With Star Design Sunglasses Decoration, Suitable For Independence Day And Parties",2.0,6,,True,True
,Women Eyeglasses,20,1pair Square Frame Anti-Blue Light Eyeglasses Clear Glasses Accessories,1.92,8,,True,True
,Not ranked,20,Textured Metal Stud Earrings,1.2,,700.0,True,False
,Not ranked,11,Flower Decor French Clip Boho Perfect Gift For Friends For Daily Use,1.7,,200.0,True,False
,Not ranked,7,DAZY 4pcs Women Star Design Fashionable Hair Clip For Daily Decoration Street,1.4,,100.0,True,False
,Not ranked,0,2pcs Solid Hair Claw For Daily Use For Girls Hairstyles Casual,1.7,,100.0,False,False
,Not ranked,61,"1pc Minimalist Hoop Earrings, Stainless Steel Jewelry",0.58,,500.0,True,False
,Not ranked,0,SHEIN Belle Flower Stud Earrings,1.7,,4700.0,False,False
,Not ranked,40,"2pcs Log Color Gift Box, Gift Packaging Box, For Party Decoration, Gift Decoration, Storage Box",1.86,,30.0,True,False
,Not ranked,8,8sheet Cartoon Lilo & Stitch Assemble Stickers For Diy Decoration,2.4,,600.0,True,False
,Not ranked,11,Rhinestone Butterfly Charm Keychain,1.7,,500.0,True,False
,Not ranked,0,1PC Boho Copper Bead Bracelets For Women Elastic Stretch Cross Tiny Bead Handmade Chain Elegant Fashion Friend Gift Jewelry,1.7,,3600.0,False,False
,Not ranked,0,1pc Hamsa Hand Evil Eye Bracelet With Random Color Crystal Beads & Elastic Band,1.4,,7400.0,False,False
,Not ranked,20,2pcs Oval Drop Earrings,1.92,,1600.0,True,False
,Not ranked,0,"1 Pc Apple Watch Strap Summer Transparent Small Ice Cube Resin Apple Watch Band Features Are Thin, Waterproof And Translucent, Compatible With Apple Watch Band Ultra9/2 Series8/7/6/5/43/2/1 Series Suitable For 40/41/38mm44/45/42/49mm Advantages Affordable And Good Quality Smart Watch Accessories Free Disassembly Tool Included",3.5,,100.0,False,False
,Not ranked,0,"Reusable Laser Silver Gift Bag Grocery Shopping Bag With Handle, Suitable For Bridesmaid Birthday Party Wedding, Bachelorette Party Supplies",2.5,,1300.0,False,False
,Not ranked,0,2pcs Fashion Retro Earrings Imitation Turquoise Earrings Bohemian Earrings Jewelry Women's Earrings Jewelry Birthday Anniversary Gift For Lovers And Friends Valentine's Day Earrings Gift,1.8,,600.0,False,False
,Not ranked,0,1pair Fashionable Exaggerated Design U-Shaped Geometric Earrings For Women,1.5,,2300.0,False,False
,Not ranked,5,"1pc Sparkling Starry Sky Pattern Women's Bling Rhinestone Decorative Protective Case, With Anti-Falling Function, Compatible With Apple Watch Case 38/40/41/42/44/45/49mm, Compatible With Apple Watch Series Ultra/Se/9/8/7/6/5/4/3/2/1, Smart Watch Case Accessory",1.9,,1600.0,True,False
,Not ranked,0,Rhinestone Charm Beaded Bracelet,1.3,,200.0,False,False
,Not ranked,0,"1pair Fashionable Independence Day American Flag Stars Pendant Earrings For Women, Suitable For Independence Day",1.7,,400.0,False,False
,Not ranked,0,1pair Women's Choice Of 4 Colors Nepalese Style Embossed Large Hoop Earrings,1.3,,2600.0,False,False
,Not ranked,77,"500pcs/roll 1 Inch Thank You Floral Craft Wedding Decorative Stickers, Self-adhesive Labels For Sealing",0.44,,1000.0,True,False
,Not ranked,1,1set 3pairs Classic Vintage Style Trendy Personality Colorful Mixed Dangle Earrings Set For Women,2.48,,10000.0,True,False
,Women Watches,0,"1pc New High-End Luxury Women's Watch Embedded With Colorful Tourmalines, Diamonds And An Oval Shaped Mother Of Pearl Dial. It Can Be Worn On A Daily Basis, Or For Occasions Such As Parties, Holidays And Outings To Decorate The Wrist. It Is Water Resistant Up To 30m.",8.7,2,,False,True
,Boho Hair Claws,10,1pc Cute Mini Hair Clip With Cartoon Ocean Series Design For Girls,1.8,4,,True,True
,Pendants,0,25pcs 2cm 3cm 4cm 5cm Disco Ball Cake Decoration Reflector Ball Cake Decoration 70s Disco Themed Party Decoration Various Size,6.6,6,,False,True
,Not ranked,42,Faux Pearl Decor Ring,0.99,,2400.0,True,False
,Not ranked,0,"European And American Style Fashion Women's Multi-Layer Chain Necklace, With Simple Elegant, Minimalist Minimalist Style Round Pendant, Alloy Clavicle Chain Necklace",1.5,,9100.0,False,False
,Not ranked,0,"1pc Irregular Shaped Pearl Bracelet In European And American Style, Fashionable Metal Open Bangle Bracelet",2.2,,100.0,False,False
,Not ranked,0,"5pcs/set Copper, Cubic Zirconia Flower & Leaf Decor Nose Ring For Women And Men, Punk Piercing, A Fashionable Body Jewelry Gift For Any Occasion",2.0,,200.0,False,False
,Not ranked,43,"2 Pcs Of Couples Fashion All-Matching Red And Pink Beaded Bracelets, Spider Pendant Elastic Retractable Heart Shape Magnetic Bracelets",1.25,,6800.0,True,False
,Not ranked,0,"3pcs/set Vintage Bronze-tone Alloy Wood Circle Pendant Necklace & Earrings For Women, Suitable For Casual, Daily, Work, Street Style Wear",1.8,,900.0,False,False
,Not ranked,41,Vintage Band Silver Plated Ring Retro Cross Design Match Daily Outfits Party Accessory Suitable For Men And Women Symbol Of Peace And Protection,1.0,,700.0,True,False
,Not ranked,0,1Pc Fashion Stainless Steel Minimalist Layered Necklace For Men For Daily Decoration Fashion Punk For A Stylish Look,2.8,,600.0,False,False
,Not ranked,12,"Elegant,Glamorous, Elegant, Exquisite, Quiet Luxury Glitter Bling, Sequin, Luxury, Shiny Elegant Evening Clutch Bag, Women's Chain Shoulder Bag Glamorous Light Small Square Bag Evening Bag, Dinner Bag Rhinestone For Party Girl, Woman, Bride Perfect For Party, Wedding, Prom, Dinner/Banquet, For Suitable For Matching With Black Dress,Formal Dresses,Sexy Dress, Evening Gown,Prom Dress",9.0,,,True,False
,Not ranked,7,Personalized Acrylic Name Keychain For Children's Backpacks,6.2,,100.0,True,False
,Boho Hair Claws,6,"1pc Vintage Floral Print Hair Claw Clip For Women, Suitable For Daily Use Elegant",1.7,3,,True,True
,Women Hoop Earrings,0,Hollow Out Hoop Earrings,1.4,7,,False,True
,Not ranked,0,Simple Style Minimalist Stackable Thin Chain Anklet Set Boho Style 18K Gold Plated Copper Anklet Set For Women,2.3,,1400.0,False,False
,Not ranked,20,1box Shell & Faux Pearl DIY Jewelry Accessory,2.8,,400.0,True,False
,Not ranked,8,Elegant 1 Pc Women's Belt Buckle Adjustable Decoration Can Be Matched With Skirt Suit Simple Thin Belt Sweater Waist Korean Version Decorative Belt,2.3,,200.0,True,False
,Not ranked,0,Men Watch Design Stainless Steel Ring,2.3,,1300.0,False,False
,Not ranked,0,4pcs Elegant Gold Chain Necklace With Artificial Pearls - Versatile Alloy Jewelry For Daily Wear,3.4,,800.0,False,False
,Not ranked,44,"Usa Independence Day Jewelry Heart Shaped Rhinestone Earrings, Popular Earrings Wholesales",0.96,,500.0,True,False
,Women Chain Bracelets,0,Geo Charm Bracelet,1.8,2,,False,True
,Not ranked,8,"MLB Licensed New York Yankees Baseball Team Caps Fashionable NY Embroidery Soft Top Comfortable Outdoors Sun Protection Adjustable Caps, Unisex, Suitable For All Seasons, Festive Gifts And Valentine Day Gifts",3.4,,200.0,True,False
,Not ranked,0,"14000pcs/10600pcs/7200pcs/5100pcs/3500pcs/2400pcs/2000pcs Polymer Clay Bead Bracelet Making Kit With Letter Beads, Pendant, Elastic Cord, Great Gift For Girls' Art & Craft",2.5,,,False,False
,Not ranked,5,"3pcs/Set Women's Vintage Jelly Hair Claw, Simple Shark Shaped Hair Clip, Large Size Casual",1.8,,7900.0,True,False
,Not ranked,0,Geometric Charm Layered Necklace,1.9,,5500.0,False,False
,Not ranked,12,"Faux Pearl Flower Hair Clip Elegant, Cute, And Stylish Side Hair Clip",1.5,,300.0,True,False
,Not ranked,50,1pair American Independence Day Style Acrylic Colorful Dangle Earrings With Letters For Women,0.85,,2400.0,True,False
,Not ranked,0,"1pc Bohemian Resort Ocean Beach Style Imitation Pearl Conch Starfish Women's Anklet, Suitable For Everyday Life, Gifts, Fashion Accessories",1.4,,700.0,False,False
,Not ranked,0,"1pc Cartoon Character Japanese Anime Cute Kitty Pompom Purin\Melody\Pochaco Best Friend Pendent Necklace, Best Friends Gift",1.6,,500.0,False,False
,Not ranked,10,"4pcs Solid Color Retro Simple Style Plastic Large Hair Clip For Women. Simple, Stylish And Versatile Hair Accessory To Enhance Your Daily Styling, Suitable For Daily Use, Outdoor, Showering, Cleaning, Makeup, Hairstyling And Outfit Matching, Elegant And Fashionable Women's Large Hair Claw Decorative Headpiece.",1.44,,1700.0,True,False
,Not ranked,9,"5pcs Vintage Elegant Satin Hair Scrunchies For Women, Suitable For Tying Hair And As Hair Accessories",2.1,,300.0,True,False
,Not ranked,0,"1pc Cute Minimalist Glass Rhombus Inlaid Pendant Necklace, Suitable As A Gift For Family And Women & Girls To Wear",2.8,,900.0,False,False
,Not ranked,0,Crystal Decor Drop Earrings,1.4,,10000.0,False,False
,Not ranked,0,Turquoise Decor Bracelet,1.9,,2000.0,False,False
,Costume Props,9,"1pc Exquisite And Elegant Lady Racing Dress Fan With Gold-Plated Flower Pattern, Made Of Fabric And Colorful Ribs, Suitable For Retro Style Dancing Fan, Chinese Dress & Hanfu Photography Prop",2.0,4,,True,True
,Not ranked,0,"9pairs/Set Delicate Copper Zirconia Decor Small Round Ball Stud Earrings, Suitable For Women's Daily Wear",1.7,,2600.0,False,False
,Not ranked,42,"1pc Fashionable Portable Travel Jewelry Box, Exquisite Synthetic Leather High Water Resistance Surface, Mirror Jewelry Case, Suitable For Daily Jewelry Storage Or Traveling With Accessories, Gift For Women And Girls",2.6,,100.0,True,False
,Not ranked,0,"1pc Titanium Steel Bangle, Mirror Polished, Vacuum Plated, Not Easy To Fade, Lucky Four Leaf Clover With Rhinestone, Fashionable Classic Style, Suitable For Daily Wear,Silver Bracelet,Gold Bracelet,Stainless Steel Jewelry ,Mothers Day Gift,Teachers' Day Gift,",3.3,,1500.0,False,False
,Not ranked,25,5pcs/Set Ball Beads Cuff For Women Men Bohemian Beach Gold Silver Color Bracelets Charms Metal Statement Jewelry,1.57,,1000.0,True,False
,Not ranked,8,"Glasses Cleaner+4pcs Glasses Cleaner,Eyeglass Cleaner,Eye Glass Cleaners Spray,Zeiss Lens Cleaner Spray,Eye Glass Cleaner,Lens Cleaner Spray,Eyeglasses Cleaner Spray,Glasses Cleaner Spray,Eye Glasses Cleaner,Sunglass Cleaner,Suitable For TV Screen Cleaning, IPad Screen Cleaning, Mobile Phone Cleaning, Monitor Cleaning, Laptop Screen Cleaning Agent",2.4,,,True,False
,Not ranked,0,1 Pc Shell Open Rings For Women Men Aesthetic Gold Color Stainless Steel Rings Wedding Summer Jewelry Accessories Gift,1.7,,6000.0,False,False
,Not ranked,0,"Stainless Steel Waterproof Gold Plated Butterfly Shape Bracelet & Necklace Set, Suitable For Women's Daily Wear",2.0,,4700.0,False,False
,Not ranked,53,1pc And Christian Gifts Keychains For Men Bible And Keychains Jeremiah 29:11 Keychains For Father Goddard Baptism Christmas Easter Valentine's Day Gifts,0.75,,200.0,True,False
,Not ranked,55,1pc Baseball Caps Sequin Glitter Star Distressed Baseball Cap Hat High Bun Ponytail Adjustable Unisex Vintage Washed Low Profile Unstructured Trucker Cap Dad-Hat Solid Color Hip-Hop Cap For Men Women For Outdoor Trave Gifts,2.17,,200.0,True,False
,Not ranked,0,2pcs Wooden Geometric Drop Earrings,2.1,,3000.0,False,False
,Not ranked,0,Cubic Zirconia Flower Decor Stud Earrings,3.1,,300.0,False,False
,Not ranked,0,3pairs Bamboo Joint Heart Design Hoop Earrings,2.9,,1500.0,False,False
,Not ranked,18,1pair Bohemian Round Soft Pottery Exaggerated American Flag Element Earrings Set For Independence Day,1.32,,900.0,True,False
,Not ranked,0,"1pair Western Style Personality Retro Exaggerated Heart Shaped Fan Tassel Earrings, Suitable For Women's Daily Parties And Festival Gifts",1.6,,10000.0,False,False
,Not ranked,5,Rhinestone Heart Drop Earrings,2.0,,100.0,True,False
,Women Body Chain Top,0,Tucker Hat Chain Baseball Cap Decor Chain,1.6,1,,False,True
,Smartwatch Band,0,"Nylon Sport Loop Compatible With Apple Watch Band 38/40/41/42/44/45/49mm, Adjustable Breathable Women Men Braided Strap Compatible With Apple Watch Series Ultra 9/8/7/6/5/4/3/2/1 SE",1.8,9,,False,True
,Not ranked,20,40pcs/set Fashion Water Drop Earrings For Women For Daily Decoration,6.16,,1000.0,True,False
,Not ranked,6,"Set Of 6 Stretch Beaded Bracelets, Multi-Element Star & Square CCB Charm Bracelets",1.6,,4800.0,True,False
,Not ranked,0,"1pair European And American Exaggerated Metallic Flower Stud Earrings, Suitable For Women's Daily Wear",1.6,,2000.0,False,False
,Not ranked,0,"1pc Alloy & Rhinestone Ocean Themed Bracelet With Coral, Starfish, Shell And Anchor Pendants, Suitable For Ladies' Daily Wear",4.2,,1600.0,False,False
,Women Bangles,0,"1pc Titanium Steel Bangle, Mirror Polished, Vacuum Plated, Not Easy To Fade, Lucky Four Leaf Clover With Rhinestone, Fashionable Classic Style, Suitable For Daily Wear",3.2,2,,False,True
,Not ranked,0,"One-Piece Dry Battery Electronic Watch For Women With Rose Gold Frame, Suitable For Daily Life And Festival Gift",2.8,,200.0,False,False
,Not ranked,24,Heart Decor Threader Earrings,1.22,,600.0,True,False
,Women Beaded Bracelets,6,"Set Of 6 Stretch Beaded Bracelets, Multi-Element Star & Square CCB Charm Bracelets",1.6,5,,True,True
,Not ranked,0,10pcs Bohemian Style Glass Bead Bracelets With Spring Colorful Elements,1.6,,2300.0,False,False
,Not ranked,11,10pcs/Set Colorful Macaron Color Hair Clips Y2k Style Cute And Sweet Casual,1.7,,100.0,True,False
,Not ranked,56,2pcs Fashion Kawaii New Space Astronaut Bunny Doll Keychain For Women Men Cute Backpack Pendant Accessories Couples Gift Car Key Ring Soft Rubber Small Pendant Keyring Pendant Bag Ornaments Car Key Accessories,0.96,,5500.0,True,False
,Not ranked,0,"1pc Gold Stainless Steel Ball Design Trendy Necklace With Vintage Multilayered Beads, Hip Hop Style Personality Clavicle Chain, Elegant Necklaces",2.3,,1100.0,False,False
,Not ranked,0,7pcs/set Textured Metal Bracelet,2.3,,10000.0,False,False
,Not ranked,12,"Vintage Faux Pearl Decor Starfish Shaped Hair Clip Stylish Hair Bun Maker Accessory, Suitable For Women And Girls For Daily Wear",1.5,,3100.0,True,False
,Not ranked,4,1pc 2024 Colorful Natural Stone Handmade Beaded Elegant Fashion BOHO Jewelry Copper Gold-Plated Lobster Clasp Women Necklace As Summer Gifts For Her,4.5,,100.0,True,False
,Not ranked,0,Classic Round Shaped Ring Set Suitable For Women's Daily Wear,1.6,,4900.0,False,False
,Women Baseball Cap,6,1pc Women's Sponge Mesh Color Block Hollow Out Breathable Baseball Cap,2.9,5,,True,True
,Not ranked,20,"1pair Fashionable And Luxurious Carved Plant & Flower Design Earrings With Imitation Pearls For Summer Outfits, Exaggerated European And American Style Ear Jewelry",1.44,,1300.0,True,False
,Not ranked,0,1pair Metallic Ball Chain Drop Earrings,2.3,,300.0,False,False
,Not ranked,20,Minimalist Cuff Bangle,1.76,,3500.0,True,False
,Men Necklace Sets,0,Fashionable and Popular 2pcs Men Star & Flower Decor Beaded Necklace for Jewelry Gift and for a Stylish Look,2.3,6,,False,True
,Not ranked,6,"1pc Women's Glittering Rhinestone Decorated Bowknot Mesh Hair Twist Clip Bun Maker, Suitable For Parties",1.6,,100.0,True,False
,Not ranked,0,"1pc Portable Leather Jewelry Storage Box With Snap Closure, For Earrings, Necklaces, Rings, Bracelets",3.1,,500.0,False,False
,Not ranked,6,"1pc Women's Solid Color Double Layer Bow Hair Claw Clip With Ribbon Streamers, Suitable For Daily Use Elegant",1.7,,2300.0,True,False
,Men Bucket Hat,8,1pc Unisex Solid Drawstring Adjustable Sun Protection Casual Bucket Hat For Outdoor,3.5,5,,True,True
,Not ranked,28,1pc Color-Block Double Braided Head Wrap Hat,5.15,,60.0,True,False
,Not ranked,0,1pc Heart & Rhinestone Decor Zinc Alloy Bracelet Design WatchBand Compatible With Apple Watch Band 38mm 40mm 41mm 42mm 44mm 45mm 49mm Apple Watch Strap Compatible With Apple Watch Series Ultra 1 2 SE 9 8 7 6 5 4 3 2 1,6.0,,1000.0,False,False
,Women String Bracelets,0,1pc Faith Wwjd Bracelet What Would Jesus Do Letter Matching Couple Protection Braided Rope Inspirational Christian Gift Friendship Bracelet Gift,1.5,10,,False,True
,Not ranked,7,"24pcs Women's Silver Tone Cute Fashionable Hair Clips With Star And Cloud Design, Suitable For Short Hair Daily Wear Casual",2.7,,10000.0,True,False
,Not ranked,5,1pair Simple And Twisted Geometric Ear Clip For Ladies,1.8,,2300.0,True,False
,Not ranked,0,SHEIN VCAY Geometric & Tassel Drop Earrings,2.2,,1400.0,False,False
,Not ranked,7,1pc Women Black Solid Casual Banana Clip For Daily Life Street,1.3,,1500.0,True,False
,Not ranked,5,"2pcs Ballet Style Long Ribbon Bow Hair Clip, Fashionable And Cute Women Hair Accessory, Suitable For Daily Wear On Any Occasion",1.8,,1600.0,True,False
,Not ranked,7,"1pc Elegant Bow Decorated Hair Claw Clip, Large Size Hair Clipper For Women And Girls. Suitable For Anti-Slip Ponytail And Bun Hairstyles.",1.3,,400.0,True,False
,Not ranked,0,Rhinestone Detail Star Drop Earrings,1.6,,1700.0,False,False
,Women Beaded Necklaces,0,Layering Stacking Graffiti OOAK 2024 Beach Boho Bohemian Colourful Beads Creative Handmade Mix Gem Natural Stone Beaded Necklace Necklace For Women Jewelry Wholesale Graffiti OOAK,6.6,2,,False,True
,Men Fashion Jewelry,20,Fashionable and Popular Men Arrow Charm Necklace Alloy for Jewelry Gift and for a Stylish Look,0.96,2,,True,True
,Not ranked,20,Rhinestone Decor Visor Hat,5.92,,200.0,True,False
,Not ranked,20,"1pc Ladies' Round Plastic Fashion Sunglasses Suitable For Outdoor Travel, Party Decoration, Blocking Strong Light, Filtering Harmful Rays, Cycling And Everyday Use Boho",2.08,,6500.0,True,False
,Not ranked,0,4pcs/Set Women's Bohemian Style Elephant Tassel Pendant Beaded Boho Bracelet,2.3,,1800.0,False,False
,Not ranked,0,Sanrio Hello Kitty Cartoon Beaded Pendant Bracelet For Women,1.3,,10.0,False,False
,Not ranked,0,Fashionable Silver Tone Hoop Earrings,1.5,,6200.0,False,False
,Not ranked,8,"2pcs/Set Large Hair Bows For Women, Satin Double Layer Big Hair Clips Bowknot Hair Barrette French Hair Accessories Cute",2.4,,4100.0,True,False
,Not ranked,60,50pcs Self Sealing OPP Bags Pouches Laser Iridescent Zip Lock Bag Repeatable Packaging Jewelry Retail Bag Pouches Bags Gift Wrapping Bags,0.99,,300.0,True,False
,Not ranked,7,Heart Pendant Keychain,1.3,,100.0,True,False
,Not ranked,0,"1pc Stylish Cross Pendant Thin Chain Men's Necklace, Waterproof And Fadeless, Ideal For Daily And Festive Parties",2.0,,1400.0,False,False
,Not ranked,0,"1pair Luxury & Delicate & Full Faux Pearl & Circular Ear Studs, Korean Style & Niche Design & High Fashion Earrings",1.8,,3200.0,False,False
,Not ranked,0,Bohemian Style Handmade Crystal Beaded Bracelet With Women's Vacation & Party Wear Jewelry,1.9,,1600.0,False,False
,Not ranked,0,Minimalist Hoop Earrings,1.9,,4500.0,False,False
,Not ranked,0,4pcs Rhinestone Decor Jewelry Set,1.8,,100.0,False,False
,Not ranked,0,"36pcs Geometric Minimalism C-Shaped Faux Pearl Earrings Set For Women - Birthday, Vacation Or Date Gift",4.4,,100.0,False,False
,Women Eyeglasses,8,2 Pairs Women's Square Shape Stud Accent Black Transparent Blue Light Blocking Glasses For School Clear Glasses Accessories,3.4,5,,True,True
,Men Chain Necklaces,20,"Fashionable and Popular 1pc Men Minimalist Chain Necklace, Stainless Steel Jewelry for Jewelry Gift and for a Stylish Look",1.2,4,,True,True
,Not ranked,20,3pcs/set Minimalist Beaded Bracelet,1.76,,1900.0,True,False
,Not ranked,12,"1pc Oversized Tail Keychain Plush Animal Key Chain ,Women's Handbag Pendant, Pom Poms Purse And Car Key Accessories, Women Girls Gift,Random Pattern Therian Tail",6.9,,70.0,True,False
,Not ranked,0,"1pc Lace Floral Hollow-out Pattern Silicone Strap, Waterproof Sports Watch Band For Women, Compatible With Apple Watch 9/8/7/6/5/4/3/2/1/ultra/se",2.2,,900.0,False,False
,Not ranked,0,"5pcs/Set Fashionable Minimalist Metal Stackable Anklet Set For Women, Perfect For Beach Vacation And Party, Gift",1.8,,8200.0,False,False
,Not ranked,8,"24Pcs Basketball Series Shoe Charms For Clogs Sandals, PVC Shoe Charms Premium Quality Popular Decorations Accessories Great Gifts For Christmas, Birthday, Party",2.4,,500.0,True,False
,Not ranked,5,1pc Jasmine Flower Rhinestone Pearl Tassel Hair Clip Boho,2.1,,3600.0,True,False
,Not ranked,5,"3pcs Women's Wide Comfortable Elastic Headbands In Black, White And Gray For Yoga, Sports, Outdoor Activities And Vacation Casual",2.0,,3200.0,True,False
,Women Watches,12,1 Piece Of New Fashion Gold Bracelet Women's Watch Retro Luxury Fashion Simple Elegant Light Luxury Elegant Versatile Watch Women's Quartz Watch,3.6,7,,True,True
,Not ranked,0,Evil Eye Pendant Necklace,1.4,,5100.0,False,False
,Not ranked,0,Flower Design Stud Earrings,1.3,,900.0,False,False
,Not ranked,45,1Pc Punk Rock Double C Ear Cuffs Double U-Shaped Ear Cuff Clip Earrings For Women No Piercing Fake Cartilage Earring,0.82,,700.0,True,False
,Not ranked,10,"Sport Silicone Band Compatible With Apple Watch Band 40mm 38mm 41mm 44mm 45mm 42mm 49mm Women Men,Soft Wristband Waterproof Replacement Sport Strap Compatible With Apple Watch Band Series 9 8 7 6 5 4 3 2 1 SE Ultra",1.71,,50.0,True,False
,Not ranked,11,Silky Satin Hair Bows Big Hair Bows For Women Hair Ribbons Oversized Long Tail White Hair Bow Black Hair Bow Large Hair Ribbon Barrettes Metal Clips Bowknot Aesthetic Hair Accessories,1.6,,1100.0,True,False
,Not ranked,0,2pcs Artistic & Vintage Leather Hollow Out Teardrop & Round Wooden Earrings For Women,1.5,,3300.0,False,False
,Not ranked,0,"30pcs Faux Pearl Colored Plastic Starfish & Shells For Necklace, Bracelet, Clothing, Earring Diy Decoration, Wedding Supplies, Material",1.5,,600.0,False,False
,Not ranked,0,"1pc Vintage Moonstone-inspired Wide Multi-layer Ring For Women, Daily Casual Accessory",1.8,,5100.0,False,False
,Home Life,0,"1pc 360 Degree Desktop Rotating Cosmetic Storage Box, Large Capacity Makeup Box, Plastic Circular Skincare Display Box, Multifunctional Makeup Box, Skincare Storage Box, Plastic Makeup Brush Storage Box, Kitchen Supplies, Rotatable Storage Tray, Salt, Sauce And Vinegar Countertop Storage Rack, Seasoning And Seasoning Rack Seasoning Box",12.0,6,,False,True
,Not ranked,0,"22pcs Fashionable Heart Shaped Ring Set, Simple Geometric Design With Rhinestone Embellishment, Bohemian Style",2.1,,5100.0,False,False
,Watch Case & Screen Protectors,0,1pc Apple Watch Case Black Sport 360 Degree Protection Waterproof And Anti Drop Case Compatible With Apple Watch Case Screen Protector 49mm45mm41mm44mm40mm42mm38mm Tpu Soft Bumper Case Apple Watch Series 9 Ultra 8 7 6 Se 5 4 3 Accessories,1.5,2,,False,True
,Not ranked,0,1pc 26 Letters Couple Bracelets For Women Teen Girls Adjustable A-Z Initials Braided Bangles Graduation Birthday Gifts Jewelry Valentine's Day,1.5,,20.0,False,False
,Not ranked,0,1pc Multilayer Stacked Personalized Fully Crystal Cross Pendant Necklace For Layering,2.2,,800.0,False,False
,Women Anklets,2,5pcs/set Minimalist Metallic Chain Anklet Set For Women For Summer Outdoor,1.86,9,,True,True
,Not ranked,0,Elegant Flower Earrings For Women,1.7,,900.0,False,False
,Not ranked,8,3pcs Women Plastics Square Frame Fashion Sunglasses For Daily School Life Clothing Accessories Boho,3.5,,5100.0,True,False
,Not ranked,9,Boho Round Frame Fashion Glasses,3.2,,2600.0,True,False
,Not ranked,3,"6pcs/Set Bracelets For Women Waterproof, Adjustable 6.5""+2"" Trendy Thin Dainty Stackable Link Paperclip Chain Bracelet Pack Fashion Accessories Gifts For Women Girls",2.04,,1600.0,True,False
,Not ranked,0,"6pcs/set Fashionable Chic Chunky Hoop Earrings Set, Suitable For Parties, Dates, Gifts And Daily Wear",2.0,,4800.0,False,False
,Not ranked,0,"100pcs Round ABS Pearl Beads (White And Ivory, 3mm-12mm) For DIY, Skin-Friendly And Fadeless, Single/Double Hole, 150pcs/Pack",1.3,,700.0,False,False
,Not ranked,0,1pc Fashionable Zinc Alloy Cross Pendant Necklace For Women's Daily Wear,2.4,,6700.0,False,False
,Not ranked,50,3pcs Men's Hip Hop Stainless Steel Chain Rotate Decompression Ring Cross Set,1.45,,50.0,True,False
,Not ranked,8,"Bohemian Small Flowers Decor Artificial Leather Rope Bracelet, Simple Retro Layered Bracelet, Holiday Gift",2.2,,1300.0,True,False
,Not ranked,6,3pcs/set Women's Trendy All-match Belt With Triple Circle Alloy Buckle Decoration,5.8,,4000.0,True,False
,Not ranked,0,"1pc Pink European Style Resin Tray With Retro Bowknot Design Fruit Plate For Jewelry & Fruit Storage & Display, Gift For Valentine's Day",7.9,,400.0,False,False
,Not ranked,0,Cloud Charm Necklace,1.7,,100.0,False,False
,Not ranked,0,"1pair Bohemian Style Beaded Antique Bronze Plate Fashion Pendant Earrings, Women's Personality Party Gift",2.0,,500.0,False,False
,Not ranked,8,Unisex Fashion Baseball Cap Sunscreen Sunshade Hat Truck Driver Cap Patchwork 3D Embroidery Vintage Digital Washed Hat,5.5,,700.0,True,False
,Not ranked,14,"570 Pieces/Set, Thank You Card And Sticker Set, 50 Thank You Business Cards, With 20 Packaging Bags And 500 Stickers For Wedding And Party Supplies",6.11,,500.0,True,False
,Not ranked,16,1pc Butterfly & Copper & Cubic Zirconia Fake Nose Ring,1.26,,400.0,True,False
,Women Keychains,11,"1pc Women Faux Pearl Beaded Elegant Keychain for gifts, wallets, school bags, backpacks, and satchels",1.7,5,,True,True
,Not ranked,32,Oversized Cat Eye Clear Lens Glasses Retro Gradient Jelly Color Spectacles Party Prom Decorative Glasses For Women Men,2.58,,1500.0,True,False
,Gift Wrapping Supplies,0,"8pcs Mixed Color Gift Bag, Modern Paper Gift Wrapping Bag For Party",6.1,1,,False,True
,Not ranked,0,Flower Design Stud Earrings,1.1,,8200.0,False,False
,Not ranked,0,Starfish & Conch Charm Necklace,2.9,,2500.0,False,False
,Not ranked,0,"C Shaped Love Heart Teardrop Design Gold-Color Women's Earrings, Exquisite Jewelry Gift For Girls",1.3,,900.0,False,False
,Not ranked,46,2pcs Cow Print Scrunchie Casual,0.87,,600.0,True,False
,Not ranked,0,1pc Elegant & Stylish White Cubic Zirconia Inlaid Women Ring For Wedding/Engagement/Mother Day Gift,1.9,,1100.0,False,False
,Not ranked,0,"12pcs-Hangover Gift Bag Loose Single Party Gift Drawstring Tool Bag Suitable For Wedding Bride Gifts, Hangover Survival Guests, Bridesmaids, Single Party Supplies",1.7,,1000.0,False,False
,Not ranked,0,"1pc Bohemian Vintage Beach Anklet With Tassels & Coins, Perfect For Matching With Swimwear Or Dance Costumes, Ideal Gift For Mother",1.9,,7600.0,False,False
,Not ranked,48,Women's Big Brim Sun Hat Floppy Foldable Bowknot Straw Hat Summer Beach Hat,3.46,,900.0,True,False
,Not ranked,20,A Roman Numeral Black Shell Love Gold Women's Bracelet Everyday Versatile Stainless Steel Jewelry,2.4,,1800.0,True,False
,Not ranked,8,2pcs/Set Lovely Floral Printed Hair Claw & Hair Claw Set For Daily Use Boho Casual,2.4,,6200.0,True,False
,Not ranked,0,Minimalist Stud Earrings,1.6,,800.0,False,False
,Not ranked,0,"3pcs/Set Bohemian Classic Minimalist Copper Beads With Scattered Distribution, Elastic 18K Gold-Plated Bracelet For Women, Summer Bracelet, Friend Gift",3.7,,800.0,False,False
,Not ranked,22,"1pc Printed Bandana Women's Fashionable Imitation Neck Scarf Elegant Square Bandana Bandana,Hair Band,Head Band Ideal For Dressing Up Your Look",2.25,,1000.0,True,False
,Not ranked,25,4pcs/set Bohemian Shell Decor Stone Beaded Anklet Set For Women For Summer Beach Travel,1.65,,1500.0,True,False
,Not ranked,8,"A CEY Abaya Made Of Breathable And Skin-Friendly Fabric, Suitable For Women Daily Wear.",9.7,,2400.0,True,False
,Not ranked,0,"2pcs Beach Style Alloy Faux Pearl & Shell Shaped Pendant Necklace Set, Suitable For Women, Couples, Daily Wear, Jewelry Gift",3.0,,900.0,False,False
,Not ranked,0,1pc Non-Piercing Navel Ring With 8mm Large Cubic Zirconia And 3 Rhinestones For Women Daily Wearing,1.8,,4100.0,False,False
,Not ranked,20,"9pcs Plastic Frame Geometric & Classic Sunglasses Combo, Summer Decoration Vintage Shades Beach Accessories",8.08,,7400.0,True,False
,Not ranked,0,"1pair High-End Geometric Design Comma-Shaped Earrings For Women, European And American Style, Fashionable And Creative Jewelry For Beach Summer Outfit",1.6,,2300.0,False,False
,Not ranked,0,3PCS Rings Set Stackable Thin Rings Cubic Zirconia Wedding Rings For Women Wedding Bands Aesthetic Jewelry,2.8,,1800.0,False,False
,Not ranked,0,"1pc Hip-Hop Style Flip Cover Chain Necklace With Rhinestone Detail, Sparkling Unisex Fashion Jewelry Valentine's Day Gift",2.7,,900.0,False,False
,Not ranked,0,1pair [Licensed]Disney Lilo & Stitch Cute Cartoon Floral Stud Earrings For Women & Teen Girls Lovely Ear Accessories Jewelry Gift For Fans,1.5,,2900.0,False,False
,Women Jewelry Sets,2,"24pcs/set Fashion Faux Pearl Earrings Geometric Twist Hoop Design For Dating & Party, Golden Color",2.65,2,,True,True
,Not ranked,0,1pc Boho Bead Decor Flower Charm Necklace For Women For Daily Decoration,2.6,,1600.0,False,False
,Not ranked,6,"2pcs,Pressure Headband For Women With Teeth Non-Slip Special Face Wash Headband Net Red Hair Card Broken Hair Clip Headband Hair Bundle Tiaras",1.6,,800.0,True,False
,Not ranked,0,"1pc Fashionable And Elegant Diamond Inlaid Rotatable Ring For Women, Rotating Anti-Anxiety Stress Reducing Ring, Sweet Little-Known Ring For Women, Adjustable Ring Suitable For Couples On Wedding Day, Ladies' Tail Ring, Bee & Chrysanthemum Rotating Ring, Simple And Trendy Couple's Hand Ornament, Romantic Joint Ring And Tail Ring",1.7,,1800.0,False,False
,Not ranked,0,Rectangle Pointer Quartz Watch,3.1,,300.0,False,False
,Not ranked,27,2pcs Cubic Zirconia Eternity Band Ring Delicate Jewelry Party Wedding Engagement Decor For Women Girls Gift,1.89,,600.0,True,False
,Not ranked,0,"1pair Of Lovely Forest Style Small Fresh Colorful Geometric & Floral Detail Round Earrings, Suitable For Women's Daily Wear",1.5,,700.0,False,False
,Not ranked,20,6Pairs Punk Hoop Earrings Set Big Circle Earrings Jewelry for Women Girls Steampunk Ear Clip Punk Style Earring Ear Ring,1.36,,10000.0,True,False
,Not ranked,40,Color Block Cheerleader Costume Set,10.49,,300.0,True,False
,Not ranked,0,"1 Pair Of Simple Geometric Drop-Shaped Earrings For Women, Versatile Cold Style Earrings, European And American Ccb Earrings, Earrings Accessories",1.3,,4100.0,False,False
,Not ranked,0,"1pc Fashionable Seashell, Starfish & Mermaid Multiple Pendants Collar Necklace, Beach Vacation Style",2.9,,20.0,False,False
,Not ranked,0,1pair Fashionable Zinc Alloy Faux Pearl Decor Drop Earrings For Women For Daily Decoration,1.2,,6300.0,False,False
,Not ranked,20,1pair Fashion Rhinestone Decor Earrings For Women For Daily Decoration Dating Gift,1.12,,10000.0,True,False
,Men Cufflinks and Tie Clips,34,1pair Fashion Gold Color A-Z 26 Letters Cuff-Link For Men For Father's Day Gift,1.65,7,,True,True
,Not ranked,0,"1pc Clover & Mother Of Faux Pearl Decor Stainless Steel Bracelet, Minimalist Style For Women",2.4,,300.0,False,False
,Not ranked,6,"1pc Women's Multicolor Triangular Cat Eye Fashion Sunglasses, Suitable For Traveling Cute Shades Beach Accessories",3.2,,6200.0,True,False
,Not ranked,0,"6pcs Acrylic Colorful Star Shaped Earrings With US Flag, Suitable For Independence Day, Daily Wear, Vacation, Party And Dating, Exquisite Jewelry Set For Girlfriend",1.7,,900.0,False,False
,Not ranked,36,"Fashionable Floral Printed Square Scarf For Women, Casual Sunscreen Headscarf Or Shawl Bandana,Hair Band,Head Band Ideal For Dressing Up Your Look",2.06,,1100.0,True,False
,Not ranked,0,"6pcs Minimalist Chain Bracelet, Stainless Steel Jewelry",2.7,,3000.0,False,False
,Women Hats,6,"1pc Women's Diameter 36cm Stretchable Cap With Ribbon, Bowknot, Silk-Like Material, Wide Brim, Suitable For Sleeping, Hair Styling, Beauty And Hairdressing Silk Bonnet Satin Bonnet",2.9,7,,True,True
,Not ranked,0,"100pcs/200pcs Self-Adhesive Sealing Clear OPP Bags, Resealable Plastic Bags For Large-Scale Packaging Of Small Gifts, Party Favors, And Toys",1.7,,1100.0,False,False
,Not ranked,20,4pcs Flower Decor Jewelry Set,1.6,,4400.0,True,False
,Not ranked,0,"1pc 925 Silver Mini Cute Luxury Artificial Clover Pendant Necklace, Perfect For Women's Daily Wear Holiday",8.7,,300.0,False,False
,Casual Women Belts & Belts Accessories,20,"3pcs Gold Tone Square Buckle Everyday Dressy Waist Belt For Women's Clothes, Jeans And Dresses Casual",5.84,3,,True,True
,Not ranked,5,Rhinestone Leaf Design Brooch,1.9,,100.0,True,False
,Not ranked,0,"1pc Blue Fashionable Wave Rings For Women, Daily Wear Ring",1.6,,1200.0,False,False
,Not ranked,25,"1box 400pcs Fashionable White Acrylic Bead Accessory Set For Ladies' Clothing & Accessories, Suitable For Diy Bracelet & Necklace Making, Daily Wear",2.25,,600.0,True,False
,Not ranked,0,2pcs Simple Personalized Acrylic Letter&apple&polymer Clay&bead String Bracelet For Teacher's Day,1.5,,4700.0,False,False
,Not ranked,26,1pc Girl Fashion Cute Bag Charms Yellow Pink Blue Black Enamel Metal Happy Smile Face Keychain For Women,0.96,,500.0,True,False
,Not ranked,31,"Fashionable And Minimalist Twist Rope Necklace, Perfect For Holiday Parties And Dating, As A Gift Or Daily Accessory",0.96,,400.0,True,False
,Women Quartz Watches,0,New Arrival Square Casual Simple Atmosphere Steel Strap Gold Dial Women's Wristwatch,5.2,8,,False,True
,Not ranked,0,"1pc Y2K Sweet Cool Natural Beaded Starfish & Imitation Shell & Blue Glass Charm Bracelet For Women, Daily Party",2.2,,1100.0,False,False
,Not ranked,33,1pair Vintage Wooden Round Hollow Out Pendant Earrings,0.87,,800.0,True,False
,Not ranked,0,Water Drop Charm Earrings,1.3,,1000.0,False,False
,Casual Hair Clips,5,"1pc White Color Elegant Vintage Pure Color Hair Bow Barrette With Ribbon Streamers, Suitable For Daily Use, Festival Gift, Party, Etc. Cute",1.9,5,,True,True
,Not ranked,50,Solid Wide Brim Straw Hat Boho,3.46,,1600.0,True,False
,Not ranked,7,Butterfly Decor Hair Slide With Stick Street Hair Clips,1.3,,1000.0,True,False
,Not ranked,6,"1 Pc Women's Y2K Style Butterfly Alligator Hair Clip, Metal Hair Clip For Daily Use Royal",1.6,,2800.0,True,False
,Not ranked,0,Colorful hot pink shell sequin beaded flower drop earrings statement earrings for girl and women gift for her summer beach,2.9,,1800.0,False,False
,Not ranked,41,1pc Ladies Creative Pearl Heart & Shell Beaded Keychain Pendant With Simple INS Style Elegant Decoration For Phone Case/Bag/Key/Gift,1.07,,80.0,True,False
,Women Toe Rings,0,2024 New 12pcs Silver Retro Hollow Out Heart Shaped Personality Women's Beach Anklet Set,1.7,5,,False,True
,Not ranked,0,Color Block Round Drop Earrings,1.6,,3900.0,False,False
,Not ranked,8,90's Vintage Oversized Frame Fashion Glasses-The Perfect Travel Accessory For Women Elegant Sunglasses Beach Sun Glasses,4.7,,300.0,True,False
,Not ranked,0,1 Green Peace Buckle Necklace Flower Ring Micro-Paved Light Luxury Niche Green Jade Lotus Leaf Pendant Suitable For Daily Wear By Women,1.8,,9600.0,False,False
,Not ranked,17,Elegant Minimalist Solid Belt PU Belt for Coats and Dresses,4.73,,1300.0,True,False
,Not ranked,0,"12/24/36pairs/Set Fashionable Simple Shiny Rhinestone Stud Earrings For Women/Men/Couples, Suitable For Parties, Dates And Daily Wear In All Seasons. Ideal Gifts.",1.9,,1200.0,False,False
,Not ranked,0,"14pcs Independence Day Flag Color Elastic Bracelet, Halloween & Christmas Theme",2.6,,2700.0,False,False
,Not ranked,10,"2pcs Unisex High-Grade Metal Style Silver Bow Knot Keychain With Design Sense For Best Friends/Couples Gift, Bag Pendant Accessory",1.8,,60.0,True,False
,Not ranked,11,"1pc Women's Wide Brim Satin Bonnet Cap, Diameter 30cm, Suitable For Daily Use Silk Bonnet Satin Bonnet",1.7,,500.0,True,False
,Not ranked,7,"1pc Ladies' Turban Style Solid Color Multi-Functional Dustproof Fashion Beanie, Outdoor Leisure Scarf Head Wrap Hat Bonnet Hair Bonnet Turban",5.5,,2700.0,True,False
,Women Waist Chains,6,"Sexy 1pc Fashionable Double Layer Beaded Chain Women's Waist Chain, Body Jewelry Belly Chain Waist Decor",1.6,8,,True,True
,Not ranked,0,"1pc Black Zinc Alloy Strap Fashionable Round Dial Quartz Watch & 1pc Chain Bracelet, For Daily Decoration",3.9,,200.0,False,False
,Women Bucket Hat,8,Solid Raw Trim Bucket Hat,3.7,4,,True,True
,Not ranked,0,Flower Charm Waist Chain,1.7,,,False,False
,Not ranked,10,5pcs Women's Solid Color High Elasticity Imitation Silk Seamless Hair Scrunchies Soft & Luxurious Texture Fashionable & Versatile Casual,1.8,,2300.0,True,False
,Not ranked,6,"1pc Women Elastic Belt For Waist, Stretchy Wide Waistband For Dress, Shirt, Coat With Buckle - Black Waist Cincher GM001",2.9,,800.0,True,False
,Fine Single Ring,0,"1pc Simple 925 Silver Ring With Stone And 18k Gold Plating, Ideal For Women's Everyday, Vacation And Dating Wear, Gift",5.3,4,,False,True
,Customized Fashion Word Necklaces,0,"1pc Stainless Steel Multi-Colored Custom Name Acrylic Necklace, Party Anniversary Personalized Jewelry, Beautiful Pendant, Gift For Mom",5.2,5,,False,True
,Not ranked,7,"1pc Bohemian Style Fabric Rose Flower Hair Comb With Silver Alloy For Girls, Suitable For Bridesmaid Or Hairstyle Decorations",2.6,,,True,False
,Not ranked,6,"1pc Unisex Solid Color Classic Casual Baseball Cap, Suitable For Going Out And Casual Parties",2.9,,700.0,True,False
,Men Fashion Jewelry,0,"3pcs men's black jewelry three-piece set, cross necklace, bracelet, cross ring, suitable for daily decorative wear",3.4,1,,False,True
,Not ranked,60,"DAZY Fashionable Women's Hair Claw Clip, Suitable For Daily Decorations",0.92,,100.0,True,False
,Not ranked,9,1pc Square Shaped Women's Fashion Glasses Cute Shades Beach Accessories,2.0,,5500.0,True,False
,Not ranked,0,1pc Fashionable Jewelry Necklace Storage Box,3.3,,1900.0,False,False
,Not ranked,0,"1pc Men's Business Quartz Watch, Fashionable Casual Sports Wristwatch, PU Leather Strap, Suitable For Work, Travel And Business, Daily Accessories And Men's Gift. (Dial Color Will Be Sent At Random)",2.2,,800.0,False,False
,Not ranked,7,DAZY Minimalist Hair Claw Casual,1.3,,2200.0,True,False
,Not ranked,0,Cubic Zirconia Geometric Design Cuff Ring For Women For Party Banquet Wedding,1.5,,50.0,False,False
,Not ranked,0,"2pcs Stylish Water Drop Textured Faux Gemstone Adjustable Open Rings Set, Y2k Party Style Gift For Women",1.3,,8300.0,False,False
,Not ranked,0,"1pair Bohemian Style Vacation Vibes White Tassel Earrings With Vintage Element Design, Suitable For Four Seasons Daily Life, Work, Stage Performance, Street Photography Dress Up Accessory",1.4,,1100.0,False,False
,Not ranked,0,5pcs Chinese Dragon & Rectangle Charm Necklace,4.4,,9200.0,False,False
,Not ranked,0,Rhinestone Heart Decor Choker,1.5,,100.0,False,False
,Not ranked,36,"1pc Colored Lens Frog Mirror Metallic Sunglasses Fashion Unisex Eyewear, European And American Style All-Match Sunglasses",1.66,,400.0,True,False
,Not ranked,20,Rhinestone Decor Water Drop Earrings,1.68,,300.0,True,False
,Bridal Gloves,28,"1pc Wedding Ceremony Long Nylon Gloves Party Gloves Sun Protection Gloves, Dance Performance Gloves",1.87,5,,True,True
,Not ranked,0,Faux Pearl Decor Layered Necklace,1.5,,7600.0,False,False
,Not ranked,0,"1pc Custom Birthstone Necklace, Square Gemstone Personalized Birthday Gift, Mother's Day Gift",1.9,,1100.0,False,False
,Not ranked,0,1pair Elegant Faux Pearl Drop Earrings For Women For Party Copper Jewelry,1.7,,2000.0,False,False
,Not ranked,0,Elegant Trendy Stylish Colorful Rhinestones Necklace Decorative Accessories Holiday Birthday Party Gift For Girls,2.6,,500.0,False,False
,Not ranked,0,"8pcs Seaside Delight Conch Sea Shell Alloy Charms - Sparkling Pendants For DIY Handmade Accessories Create Stunning Anklets, Bracelets, And Necklaces With Starfish Pendant Beads Craft Holiday",1.6,,700.0,False,False
,Bridal Fashion Anklets & Leg Chains,5,Faux Pearl Decor Bridal Garter Belt For Wedding Cute,1.8,5,,True,True
,Not ranked,7,9pcs 80s Fancy Dress For Women 80s Costume Accessories Set Lips Print T-Shirt Adult Tutu Skirt Lace Headband Neon Earrings Necklace Leg Warmers Fishnet Gloves Bracelet,16.6,,400.0,True,False
,Not ranked,0,Layered Cuff Ring,1.5,,70.0,False,False
,Not ranked,10,"4pcs Stainless Steel Napkin Ring, Modern Leaf Design Napkin Ring For Home",2.97,,100.0,True,False
,Not ranked,11,1pc Gold-Colored 6cm Small-Sized Irregular Shaped Metal Hair Claw Geometric Plate Hair Clip Suitable For Daily Wear Elegant,1.6,,600.0,True,False
,Women Glasses & Eyewear Accessories,11,"2pcs Unisex Red-White-Blue Flag Themed Pentagram Eyeglasses Decoration, Stylish Eyewear For Independence Day Celebrations",2.66,6,,True,True
,Not ranked,0,Cubic Zirconia Leaf Charm Necklace,1.7,,100.0,False,False
,Not ranked,20,"4pcs/Set Copper Inlaid Cubic Zirconia Earrings, Including Star, Moon, Flower And Pentagram Shape, Suitable For Women's Daily Wear, Dating, Parties, Weddings, Etc.",1.76,,500.0,True,False
,Black Hair Bands,5,1pc Solid Hair Band For Daily Use For Girls Hairstyles Casual,1.9,2,,True,True
,Not ranked,45,"Rimless Aviator Sunglasses With Gradual Tinted Lens For Women And Men, Vintage Style Fashionable Sun Glasses Perfect For Driving, Beach Party",2.08,,900.0,True,False
,Not ranked,0,2 Pcs Individual Simple Neutral Stainless Steel Cross Bangle Combination Suitable For Daily Wear Holiday Gifts,4.9,,800.0,False,False
,Not ranked,0,Geometric Decor Drop Earrings,1.6,,2100.0,False,False
,Not ranked,0,Boots Drop Earrings,1.9,,1800.0,False,False
,Women Belly Ring,0,"10pcs Stainless Steel CZ Stone Belly Button Rings For Women, Crop Navel Rings Body Piercing Jewelry Set",3.5,2,,False,True
,Not ranked,0,24pcs/pack Simple Square 4.6cm Imitation Zirconium Ear Studs Decor In Silver Color Suitable For Daily Wear,1.6,,2600.0,False,False
,Women Bracelets,0,RINTOLER 12pcs/set Textured Metal Bangle,2.8,9,,False,True
,Not ranked,0,1pc Sanrio Hello Kitty Y2K Necklace Cute Cartoon KT Cat Pendant Necklace Fashion Kawaii Anime Jewelry For Women Girls Gifts,1.5,,1100.0,False,False
,Not ranked,49,Cute Rhinestone Bee Brooch Women Party Accessories Insect Faux Pearl Corsage Brooches Cardigan Suit Clothing Accessories Gift,0.87,,900.0,True,False
,Not ranked,20,"Trendy Cat Eye Anti-Blue Light Eyeglasses For Reading, Gaming, TV And Phones Clear Glasses Accessories",3.6,,4300.0,True,False
,Women Earring Sets,0,"6pcs Simple Metallic Square Shaped Copper Earrings For Women, Holiday, Dating, Daily Wear Gifts",2.0,7,,False,True
,Not ranked,0,1 Pair Fashion Cubic Zirconia Stud Earrings For Women For Wedding Engagement Anniversary Party Jewelry Valentine's Day Gift,1.9,,5400.0,False,False
,Not ranked,6,"6 PCS Hair Bows For Women, Satin Hair Ribbon Hair Bows Metal Bow Hair Clips With Long Tail, Tassel Bowknot Hair Clips Hair Barrettes Hair Accessories For Women Girls Teens Kids Cute",2.9,,1400.0,True,False
,Not ranked,0,"5paris Colorful Matching Women's Summer Cute Earrings 6 Pairs Of White Clouds, Teddy Bears, And Duck Lady Earrings(Product Pattern Random)",2.4,,1300.0,False,False
,Not ranked,0,Starfish & Shell Decor Bracelet 5pcs,2.9,,6600.0,False,False
,Boho Hair Bands,26,Floral Print Hair Band Boho For Summer,1.77,4,,True,True
,Not ranked,6,Sanrio Hello Kitty 50pcs Officially Licensed Vinyl Sticker Waterproof UV Scratch Resistant Great For Mom Dad Grand Mother Father Teacher Sister Brother Boy Girl Friend Funny Valentine'S Day Gifts Badtz-Maru Pompompurin Little Twin Stars Mimmy Hangyodon Tuxedo Sam Rilakkuma,3.3,,1900.0,True,False
,Customized Fashion Word Necklaces,0,"Customized Double Layer Dual Tone Heart Lace Car Flower Name Necklace, Father's Day Gift, Mother's Day Gift, Valentine's Day Gift, Birthday, Anniversary, Graduation, Christmas, Elegant Family Present For Friends And Classmates",15.1,10,,False,True
,Not ranked,0,"3pcs Simple Rhinestone Clip On Earrings Set For Women, Perfect For Parties, Holidays, Dates And Daily Wear",1.3,,5300.0,False,False
,Women Collar & Accessories,6,"1pc Women's Fashionable Bow Tie With Zipper, Arrowhead-shaped Knot Design",1.6,3,,True,True
,Not ranked,6,2pairs Tortoiseshell Round Frame Sunglasses Travel Accessories Boho Sunglasses Beach Sun Glasses,4.8,,1500.0,True,False
,Not ranked,20,Heart Charm Necklace,1.44,,2800.0,True,False
,Men Beanie Hat,6,Autumn Winter Knitted Hat Men Fashion Street Punk Hip Hop Cap Balaclava Black Beanie Casual,3.1,3,,True,True
,Women Jewelry Sets,0,"1set Fashionable Snake Chain Necklace & Bracelet For Women, Suitable For Daily Wear, Party, Festival And Gift Giving",1.5,7,,False,True
,Not ranked,20,Minimalist Textured Layered Necklace,1.68,,1600.0,True,False
,Not ranked,18,"1pc Luxury Men's Quartz Watch, 2pcs Bracelets Men's Business Casual Gold Stainless Steel Watch",3.12,,800.0,True,False
,Not ranked,36,1pc Fashionable Classic Geometric Alphabet Pendant Necklace Metallic Hip-Hop Men's Party Accessory,0.96,,400.0,True,False
,Not ranked,20,2 Pcs Cuff Bangle Bracelet For Women Open Wide Wire Bracelets Gold Wrist Cuff Wrap Bracelet Adjustable,2.64,,9600.0,True,False
,Not ranked,10,"6pcs Women Solid Fashion Hair Band For Daily Decoration,Short Hair Non Slip Elastic Sweat Hairbands Soft Fabric Hair Bands Workout Yoga Running Sport Thin Hair Wrap Casual",1.97,,1000.0,True,False
,Not ranked,1,1pair/2Pcs 4mm Width Gold Color Stainless Steel Love Earrings For Women Ladies Hoop Earings Jewelry,1.88,,9000.0,True,False
,Not ranked,0,2pcs/Set [Authorized] Disney The Little Mermaid Charms For Bracelets Necklace Link Chain Bangles For Women Girl Gift Fashion Accessories,3.4,,300.0,False,False
,Men Fashion Glasses,7,1pc Unisex Polarized Photochromic Sunglasses For Driving With Day & Night Lens Elegant Shades Accessories,2.8,5,,True,True
,Hair Styling Tools,7,"3Pcs Hair Rollers Set, Satin Heatless Curling Set - Hair Rollers, Headband Hair Curlers & Hot Rollers, To Sleep In, High Resilience Rubber Filling, Softer Durable",4.0,8,,True,True
,Not ranked,17,2pcs Butterfly Decor Alligator Hair Clip,2.0,,,True,False
,Not ranked,7,Spring/Summer Margarita Cocktail Printed Baseball Cap Y2k Fashion Casual Mesh Cap Breathable Comfortable Unisex Suitable For Summer Beach Shopping Size Adjustable,2.8,,30.0,True,False
,Not ranked,8,Elegant Minimalist Chain Belt,3.3,,300.0,True,False
,Not ranked,0,"1pc Fashionable And Charming Vintage Style Dance Party Clover & Five Flowers Bracelet, Suitable For Women's Daily Wear And Mother's Day Gift, Flower Bracelet For Holiday Gathering, Beach Style Lucky Grass Chain Bracelet, Rope Bracelet",1.6,,3800.0,False,False
,Not ranked,0,1pc Fashionable Simple Heart Shaped Rhinestone Decorated Alloy Waist Chain For Women Dress,3.9,,1200.0,False,False
,Customized Fashion Word Earrings,0,"Customized Personalized Acrylic Name Golden Bamboo-Shaped Earrings, Studs, Danglers, Mother's Day, Valentine's Day, Birthday, Anniversary, Graduation, Christmas, Housewarming Gift",13.7,1,,False,True
,Casual Women Glasses Sets,20,"3pcs Fashion Women's Pc Frame Clear Lens Glasses With Solid Or Tortoise Shell Color, Fashion Accessory Perfect for Reading, Gaming, TV and Phones",6.56,10,,True,True
,Not ranked,0,Bead & Star Decor Musical Note Charm Layered Bracelet,1.5,,3000.0,False,False
,Not ranked,0,"African Bracelets 3mm, Bangles and Bangles From Dubai, Lndian Colors, Gold, , Wedding Jewelry, Gift",3.5,,4300.0,False,False
,Women Dangle Earrings,2,1pair Women's Multicolor Woven Large Round Disc Dangle Earrings,1.96,9,,True,True
,Not ranked,0,CZ Zirconia Crystal 26 A-Z Letters Pendant Necklace For Men Women Punk Initials Name Necklace Fashion Hip Hop Jewelry,2.7,,2800.0,False,False
,Not ranked,0,Minimalist Hoop Earrings,1.4,,,False,False
,Not ranked,0,Geometric Charm Necklace,1.2,,60.0,False,False
,Not ranked,0,2pcs Cubic Zirconia Decor Ring,2.3,,300.0,False,False
,Not ranked,0,1pc Simple Twist Cuff Bracelet For Couple,3.7,,1800.0,False,False
,Not ranked,61,4PCS New Women Extra Large Hair Claw Clip Crab Barrette Girls Ponytail Hair Claws Bath Clip Fashion Hair Accessories Gift Headwear,0.67,,400.0,True,False
,Not ranked,7,"1pc Shiny Satin Ribbon Bow Barrette Hair Clip With Large Tail, Suitable For Daily Wear, Party And Festival Cute",1.4,,10000.0,True,False
,Not ranked,0,5pairs Rhinestone Decor Earrings,2.4,,300.0,False,False
,Not ranked,0,1pair Bohemian Style Antique Metal Mandala Flower Petal Earrings Suitable For Women's Daily Wear,1.8,,3600.0,False,False
,Not ranked,7,"1pair Ladies' Shiny Elastic Plain Gloves For Christmas, New Year's, Party & Weddings",4.1,,60.0,True,False
,Not ranked,37,1pc Women's Hairband Headband Embellished With 19 Rhinestone Flowers And Claw Chain Elegant Tiaras,1.45,,300.0,True,False
,Not ranked,0,"5pcs/set Simple And Versatile Fashionable Casual Chain & Bead Decor Bracelet Set Suitable For Daily Commute, Gathering, Banquet, Both Men & Women Can Wear It",1.6,,4600.0,False,False
,Not ranked,40,Checkered Pattern Heart Charm Layered Necklace,1.2,,,True,False
,Women Quartz Watches,0,"New Casual Fashion Ladies' Bracelet Watch, Cute Round Dial Decorated With Crystals, Rhinestone Embellished Watchband, Alloy Quartz Watch, Gift",3.7,7,,False,True
,Not ranked,0,Fashionable and Popular Men Simple and Stylish Cuff Bangle Stainless Steel for Jewelry Gift and for a Stylish Look,4.0,,300.0,False,False
,Not ranked,0,83-4pcs/Set Fashionable Delicate Vintage Heart-Shaped Faux Pearl & Cubic Zirconia Blingbling Wave Chain Rhinestone Hollow Out Ring Necklace Earrings Bracelet Pierced Earrings Multi-Element Jewelry Accessories Set For Holiday Party Dating Gift Daily Wear (No Box),1.8,,2900.0,False,False
,Black Hair Claws,9,1 Piece Black 8 Ball Golf Club Hair Claw Clip For Women Street,3.2,7,,True,True
,Not ranked,8,"1pc Women's Candy-Colored Chiffon Breathable Scarf, Fashionable & Casual, Multifunctional Shawl, All Seasons, Sunscreen And Headgear, Beach Vacation Towel Bandana,Hair Band,Head Band Ideal For Dressing Up Your Look",2.2,,1300.0,True,False
,Not ranked,66,"1pair Vintage Square Frame Polarized Sunglasses, Unisex Trendy Sports Sunglasses, For Cycling Fishing Shopping Driving Photograph Summer Beach Party Travel Vacation Sunglasses, Ideal Choice For Gifts Casual Shades Accessories",0.78,,500.0,True,False
,Not ranked,6,Flower Decor Hair Clip,1.5,,100.0,True,False
,Not ranked,5,4pcs/Set Bohemian Style Tassel & Tree Of Life Pendant Multi-Layered Wood & Beaded Bracelets,2.0,,2900.0,True,False
,Not ranked,10,1 Set Of 2pcs Unisex Sweet & Cool Style Beaded Bag Pendants Metal Black & White & Silver Bear Heart Cross Pendant Keychain For Couples Bag Accessories Gift Accessories Decor For Teen Girls Women College Students Rookies & White-Collar Workers Car Accessories Women Key Chain Charms Key Lanyard School Supplies Teacher Gifts Back To School Teacher Accessories,3.5,,700.0,True,False
,Not ranked,0,"1pc Bohemian Style Glossy Bangle Bracelet, Suitable For Daily Wear And Vacation",2.7,,100.0,False,False
,Not ranked,31,"2pcs/Set Dandelion & Sakura Design Dual-Colored Carved Silicone Apple Watch Band 38/40/41/42/44/45/49mm, Compatible With Apple Watch Strap Ultra/9/Se/8/7/6/5/4/3/2/1",3.3,,800.0,True,False
,Not ranked,18,"1pair European And American Style Chunky Chain Design Interlocking Circle Pendant Earrings, Fashionable Accessory For Women Daily Wear",1.23,,400.0,True,False
,Not ranked,0,6Pcs/12Pcs Chunky Gold Hoop Earrings For Women Open Trendy Gold Plated Hoop Earrings Set,2.4,,400.0,False,False
,Not ranked,6,"Street 10pcs/Set Women's Red Oil Drop, Star, Waterdrop Pattern Back Head Hair Clips, Durable And Suitable For Daily, Home, Commuting And College Outfit Decoration, Simple And Cute Style",1.5,,3500.0,True,False
,Not ranked,10,Plain Silicone Watchband Compatible With Huawei Watch Fit,1.89,,30.0,True,False
,Not ranked,0,Cubic Zirconia Decor Ring,2.1,,200.0,False,False
,Not ranked,6,Camel and White Plush Skin Color Lining Cute Lolita Fox Ear Headband Animal Ear Accessory Cat Ear Hairband,3.3,,100.0,True,False
,Not ranked,7,"1pc Women's Gold Square Buckle Multicolor Pu Belt, Fashionable And Suitable For Daily Wear Casual",2.6,,2000.0,True,False
,Not ranked,0,"1pc Enamel Pin Cute Brooch For Hat, Backpack, Clothing, Decoration, Gift",1.5,,500.0,False,False
,Not ranked,5,Solid Fuzzy Bucket Hat,3.6,,300.0,True,False
,Not ranked,0,SHEIN VCAY Bohemian Plastic Round Dangle Earrings For Women For Holiday,3.1,,1200.0,False,False
,Not ranked,0,Two Tone Geometric Drop Earrings,1.6,,1400.0,False,False
,Women Baseball Cap,7,"MLB Licensed Los Angeles Dodgers LA Fashionable Embroidered Soft Top Baseball Cap, Comfortable Outdoor Sports Sun Protection Adjustable Cap For Men & Women, Suitable For All Seasons,Holiday GiftFather's Day Gift",3.9,1,,True,True
,Not ranked,18,1pair Fashionable Creative Minimalist & Vintage Bohemian Style Uncommon Design Earrings For Women's Daily Wear,1.32,,1000.0,True,False
,Not ranked,0,"Cross Necklace For Men Boys, Silver Gold Rope Chain Cross Pendant, Waterproof And Non Fading, Fashionable Jewelry Gift For Family, Dad, Brothers And Friends, Perfect Christmas Jewelry Gift",2.1,,1000.0,False,False
,Not ranked,0,3pcs Shell Decor Necklace,2.5,,2300.0,False,False
,Not ranked,48,1pc Pearl Decor Elegant Women's Heart Shaped Sunglasses With Diamond & Pearl Detail Cute,1.46,,800.0,True,False
,Not ranked,20,Water Drop Earrings,1.76,,3600.0,True,False
,Not ranked,6,Elegant 2pcs Unisex Square Frame Full Rim Beach Sunglasses For Daily Decoration,2.9,,900.0,True,False
,Not ranked,0,"3pairs/set Vintage Style Antique Bronze Geometric Design Ear Hoop & Stud Earrings For Women, Suitable For All Seasons And Everyday Wear, Work And Street Style",1.6,,4600.0,False,False
,Not ranked,33,Alloy Rhinestone Wings Design DIY Pendant,0.67,,100.0,True,False
,Not ranked,3,1pc Style Vintage Hollow Out Flower Pattern Dangle Earring Popular Trendy Women's Ear Jewelry,1.65,,3500.0,True,False
,Not ranked,0,1 Pc Boho Embroidered Star Decor Game Day Friendship Couple Bracelet,1.8,,800.0,False,False
,Boho Women Hair Accessories,14,2pcs Flower Decor Alligator Hair Clip For Daily Casual Outing Wear Boho,1.2,5,,True,True
,Not ranked,6,DAZY Metal Hair Claw For Daily Use For Girls Hairstyles Casual Party,1.7,,100.0,True,False
,Not ranked,59,DAZY Minimalist Hair Claw For Daily Use For Girls Hairstyles Casual,0.69,,100.0,True,False
,Not ranked,0,Fashionable and Popular Men's 10pcs Minimalist Bracelet for Jewelry Gift and for a Stylish Look,2.1,,100.0,False,False
,Not ranked,0,Snake Decor Mismatched Earrings,1.2,,300.0,False,False
,Not ranked,0,Leopard Print Geometric Drop Earrings,1.7,,300.0,False,False
,Not ranked,10,"1pc Korean Creative Clear Liquor Bottle Shaped Bag Jewelry, Plastic Material Bag Pendant For Men And Women, Can Be Matched With Portable Bags Key Chain Charms School Supplies Teacher Gifts Back To School Teacher Accessories",1.8,,1100.0,True,False
,Not ranked,6,"29Pcs Game Series Shoe Charms For Clogs Sandals, PVC Shoe Decorations Accessories For Christmas, Birthday, Party, Gift Shoes Pins For Teens Men Women And Adults",2.9,,200.0,True,False
,Not ranked,7,3PCS New GM Sunglasses Personality Female Celebrity Style Male Sunglasses Driving Anti-UV Fashion Tea Shade Retro Sunglasses Stylish Trendy Sunglasses For Women And Men Small Studded Round Sunglasses Minimalist Sunglasses Celeb Style Sunglasses Korean Fashion High-End Unisex Sunglasses New Sunglasses For Men And Women Retro European And American Cross-Border Wholesale Sunglasses Vintage Small Frame Ins Yellow-Orange Lenses,3.8,,300.0,True,False
,Not ranked,22,Bead Charm Choker,1.09,,1400.0,True,False
,Not ranked,42,1pc Gorgeous Boho Silver Plated Ring Opal Promise Ring - Sparkling Rhinestones & Colorful Lights Ring For Girls,0.76,,200.0,True,False
,Not ranked,0,3pcs Metal Beach Leisure Women's Ball Chain Ankle Set,1.7,,1300.0,False,False
,Women Toe Rings,0,2024 New Arrival 12pcs Gold-Color Hollow Out Heart Beach-Themed Women's Toe Rings,1.8,2,,False,True
,Not ranked,0,Star Decor Layered Bracelet,2.1,,2200.0,False,False
,Not ranked,0,14pcs/Set Boho Vintage Ring Set: Punk Gothic Star Moon Sun Geometric Shape Elegant Silver Ring Gift Set Birthday Anniversary Mother's Day Christmas Day Jewelry Gift Set Girl/Mom/Wife/Grandmother/Best Friend/Aunt,1.9,,800.0,False,False
,Not ranked,0,1pc Stainless Steel Braided Design Cuff Bangle,2.2,,8400.0,False,False
,Not ranked,0,Random Strawberry Charm Anklet,1.4,,100.0,False,False
,Not ranked,58,Trendy Men Manta Bracelet Handmade Adjustable Cord Bracelet multi-layer Beach Surfing Nautical Bracelet Outdoor Bracelet,0.68,,400.0,True,False
,Not ranked,29,"An Exquisite Retro And Fashionable Turquoise Ladies"" Open Bangle With A Randomly Textured Main Stone, Perfect For Anniversary And Birthday Gifts, Parties And Events.",1.77,,300.0,True,False
,Not ranked,0,1 PC Simple Cubic Zirconia Ring For Women For Valentine's Day Gift Wedding Anniversary Party Jewelry,1.6,,200.0,False,False
,Bag Charms,12,"Cherry Pendant, 1pc New Arrival Big Cherry Shaped Crystal Pendant, Keychain Pendant School Supplies Teacher Gifts Back To School Teacher Accessories",7.8,1,,True,True
,Not ranked,40,Beaded Decor Chain Square Bag,6.0,,,True,False
,Not ranked,0,3pcs Butterfly Pendant Necklace,1.6,,100.0,False,False
,Women Glasses Sets,14,"3pairs Unisex Heart Shaped Glasses In Red, White And Blue, Patriotic Sunglasses For Independence Day Party Decor",2.66,7,,True,True
,Not ranked,1,10pcs Bohemian Style Multicolor Rice Bead Chain Anklet And Bracelet Set,1.29,,7300.0,True,False
,Men Long Necklaces,0,1pc Picture Stone Rose Quartz Wood Beads Necklace Long Tassel Strand Necklaces Yoga Jewelry For Women Men,3.5,7,,False,True
,Not ranked,23,1pc Luxury Micro Pave Multicolored Eye -Shaped CZ Cross Pendant Necklace Copper 18K Gold Plated Jewelry Women Necklace,2.39,,1000.0,True,False
,Not ranked,6,"10/30/50/100/200/400Pcs Random Series DIY Charms For Shoae Key Chain Sandals Beach Bags, PVC Shoe Charms For Clogs Premium Quality Popular Decorations Accessories Great Gifts For Christmas, Birthday, Party",1.5,,40.0,True,False
,Not ranked,0,Cubic Zirconia Leaf Decor Cuff Bracelet & Cuff Ring,2.9,,300.0,False,False
,Jewelry Making,0,1 Box 10000pcs 3mm Seed Beads For Jewelry Bracelet Making Kit 24 Colors Randomly Bracelet Making Kit For Girls Adults Friendship Bracelet Kit For Jewelry Making DIY Craft Gift,9.1,8,,False,True
,Not ranked,20,1pair Long Tassel Threader Earrings Wave Shaped Simple Long Chain Earrings Elegant Earrings For Women,1.36,,5200.0,True,False
,Not ranked,20,"24-36pcs/Set Fashionable Simple Multi-Layered & Wide Face & Geometric Design & Faux Pearl & Drop Earrings Set For Party, Date, Gift, Daily Wear",3.52,,3300.0,True,False
,Not ranked,8,"1pc Men's Black Fashionable Pilot Sunglasses, Suitable For Driving And Daily Wear, Lightweight And Trendy Vintage",2.2,,1400.0,True,False
,Not ranked,0,1pair Minimalist Stainless Steel Chain Earrings For Women Daily Decoration,1.7,,600.0,False,False
,Not ranked,0,"2pcs Bohemian Style DIY Handmade Woven Baroque Pearl Pieces Wrapped Jewelry Australian White C Design Earrings Suitable For Daily Dresses, Tank Tops, Beach Parties And Banquets",2.2,,7000.0,False,False
,Not ranked,19,"One Baroque Shaped Pearl Necklace For Men, Simulated Pearl Beaded Collar, Simple And Stylish INS Style Men Necklace, Elegant Accessory",1.46,,100.0,True,False
,Not ranked,0,3pcs Evil Eye Detail Beaded Bracelet,1.7,,600.0,False,False
,Not ranked,11,"Eytlptoc 2024 New Smartwatch, Black, Pink, Or White, Large Screen Full Touch Display, (Make/Receive Calls) Compatible With Men/Women IPhone Android IOS Phones. Smartwatch With Call Function, Message Notification, Heart Rate, Sleep Monitoring, Step Counter, Fitness Exercise Modes. A Caring Gift For Men And Women, Friends, Or Birthday.",9.0,,4000.0,True,False
,Not ranked,6,White Faux Pearl Chain Design Dangle Earrings Elegant Minimalist Style Delicate Female Gift Bride Accessories Wedding,1.7,,3800.0,True,False
,Not ranked,0,Fashionable and Popular Men Stone Beaded Bracelet for Jewelry Gift and for a Stylish Look,1.4,,500.0,False,False
,Not ranked,0,2pcs Color-Blocked Cute Waist-Shaped Silicone Watch Bands (Adjustable And Waterproof) And Silicone Protective Hollow Out Watch Case Compatible With Apple Watch Band 38/40/41/42/44/45/49mm And Apple Watch Series Ultra/SE/9/8/7/6/5/4/3/2/1,2.5,,300.0,False,False
,Not ranked,18,3pcs Crumpled Polka Dot Pattern Scrunchie,1.4,,,True,False
,Men Fashion Glasses,7,"1pair Men's Luxurious Rimless Rectangle Sunglasses, Classic Fashion Eyewear For Daily Life And Outdoor Travel, Uv400 Protection Vintage",2.6,6,,True,True
,Not ranked,10,"Sport Silicone Band Compatible With Apple Watch Band 40mm 38mm 41mm 44mm 45mm 42mm 49mm Women Men,Soft Wristband Waterproof Replacement Sport Strap Compatible With Apple Watch Band Series 9 8 7 6 5 4 3 2 1 SE Ultra",1.71,,30.0,True,False
,Not ranked,7,1pc Women's Metal Oval Frame Vintage Double Beam Aviator Sunglasses For Vacation Shades Beach Accessories,4.0,,2800.0,True,False
,Not ranked,0,1 Piece Classic Stainless Steel Roman Digital Women Ring Flat Tray Design Gold Black White Orange Four Color Rings For Women Men,2.6,,1100.0,False,False
,Not ranked,0,"1pair New Gold-Plated Sunflower Stainless Steel Stud Earrings For Women, Rainbow Month Best Gift For Teacher",1.9,,400.0,False,False
,Not ranked,52,Tiny Mustard Seed Pendant Keychain For Men Stainless Steel Hollow Out Move Mountains Key Chains Christian Jewelry Gift,0.87,,1300.0,True,False
,Casual Women Fashion Glasses,20,"Trendy Oval Frame Fashion Glasses Fit For Outdoor, Vacation Vintage Shades Beach Accessories",2.8,10,,True,True
,Not ranked,27,Disney 50Pcs Alice In Wonderland Officially Licensed Stickers Pack Cartoon American Film Vinyl Waterproof Sticker Decals For Water BottleLaptop Phone Skateboard Scrapbooking Gutair Gifts For Party Supply Funny Valentine'S Day Gift Alice The White Rabbit The Hatter The Queen Of Hearts,2.56,,600.0,True,False
,Not ranked,60,1pc Cute Creative Flower Plush Keychain Plush Flower Accessories Fashionable Bag Pendants Mobile Phone Accessories Key Rings Daily Use Commuting And Dating Fashionable For Men And Women Gift Gift Accessories Decor Present Car Accessaries Women Key Chain Charms Cute Stuff,1.31,,200.0,True,False
,Not ranked,0,"10pcs Colorful Butterfly Charms For Jewelry Making, Alloy Animal Butterfly Pendants For Necklace Bracelet Earrings DIY Craft Supplies",1.6,,100.0,False,False
,Not ranked,7,1pc Women Fascinators Millinery Hat Party Wedding Hat Wide Brim Fedora Rhinestone Kentucky Derby Headpiece Hair Accessories Headwear,12.5,,40.0,True,False
,Not ranked,10,Rhinestone Flower Decor Hair Claw Elegant,1.9,,200.0,True,False
,Men Accessories,5,"MLB Licensed New York Yankees Baseball Team Caps Fashionable NY Embroidery Soft Top Comfortable Outdoors Sun Protection Adjustable Caps, Unisex, Suitable For All Seasons, Festive Gifts And Valentine Day Gifts",3.7,7,,True,True
,Women Masks & Visor Hat,9,1Pc Sun Visor Hat Women Men Girls Adjustable Sport Beach Golf Headwear Outdoor UV Protection Sunhat Clear Cap,3.1,5,,True,True
,Not ranked,0,"19pcs Fashionable Hollow Heart-Shaped Glitter Butterfly Layered Anklet Set, Ideal For Women To Wear On Vacation, Parties, Dates Or Daily Outfits, And As Gifts",5.2,,2900.0,False,False
,Not ranked,0,DAZY Minimalist Hoop Earrings,1.4,,9100.0,False,False
,Not ranked,41,7pcs Plaid Print Scrunchie,1.35,,100.0,True,False
,Not ranked,0,"1pc Fashionable And Sweet Copper Zirconia Embedded Droplet Flower Bracelet, And 1pc Droplet Flower Necklace Jewelry Set For Women, Suitable For Daily Gatherings, Parties, Dates And Other Occasions",3.0,,3200.0,False,False
,Not ranked,7,"1pc Polarized Cycling Sunglasses With Colorful Film Lens, Outdoor Sports Sun Glasses",4.3,,60.0,True,False
,Black Women Exercise & Fitness Belt,28,"1pc Women Sports Waist Trimmer, Tightening Bodyshaper With Zipper, Abdominal Binder Corset, Waist Slimming Belt For Weight Loss",4.59,1,,True,True
,Not ranked,0,10pairs/set Faux Pearl Decor Hoop Earrings,3.9,,10000.0,False,False
,Not ranked,7,"5 Pcs Men 80s 90s Hawaiian Costume Set 90s Neon Shirt Beach Shirts Outfits For 80s Summer Beach Hawaiian Funny Party, Hip Hop Outfit Set For Men Funny Rapper Rocker DJ Accessories Kit For Cosplay Party",18.9,,200.0,True,False
,Men Ring Sets,0,Set Of 10 Men's Rings With Star And Rhinestone Embellishments,1.9,5,,False,True
,Not ranked,61,Tassel Decor Drop Earrings,0.55,,300.0,True,False
,Not ranked,0,1pair Fashionable Minimalist Ear Cuffs For Women For Party,1.5,,5400.0,False,False
,Not ranked,0,"5pcs Women\ Luxurious Gold-Plated Alloy Butterfly Bracelet Set With Rhinestones, A Gift For Women, Graduation Season Gift",2.3,,2600.0,False,False
,Silver Women Belts,37,"1pc Silver Rhinestone Belt, Personalized Sparkle Wide Waist Belt, Fashionable And Versatile Punk Style Waistband For Daily Wear Or Jeans Decoration Party",3.93,6,,True,True
,Not ranked,0,"1pc Summer Cool & Luxurious Clover & Flower Bracelet For Women, Vintage Artistic & Premium Handmade Bracelet, Suitable For Daily Wear, Mother's Day Gift, Beach Vacation, Etc.",1.8,,1000.0,False,False
,Not ranked,6,"1pc New Personality Star Buckle Head Elastic Waist Belt, Black Color Pu Material Street",3.0,,3300.0,True,False
,Not ranked,9,Cute 5pcs Fruit Detail Goblet Charm Keychain,3.2,,100.0,True,False
,Not ranked,20,"3pairs Simple Geometric C Shaped Acrylic Earrings For Women, Vintage Style Everyday Wear",1.76,,7100.0,True,False
,Not ranked,0,24pcs DIY Candy Charm,2.6,,50.0,False,False
,Not ranked,0,Geometric Charm Layered Necklace,2.3,,2300.0,False,False
,Fine Earrings,0,2pcs 925 Silver 2.0mm Round Cubic Zirconia Opened C-shaped Hoop Earrings,2.7,6,,False,True
,Not ranked,20,Rhinestone & Heart Charm Bracelet,1.12,,2800.0,True,False
,Not ranked,0,"Ficcino Handwriting Style Alphabet Letter Gold-plated Inlaid Pendant Necklace, Women's Golden Snake Chain Collarbone Chain, Daily Wear Accessory And Festival Anniversary Gift With Gift Box",3.6,,9100.0,False,False
,Men Necklace Sets,20,Fashionable and Popular 2pcs Men Rectangle Decor Chain Necklace Stainless Steel for Jewelry Gift and for a Stylish Look,1.6,1,,True,True
,Men Pendant Necklaces,0,1 Pc Trendy Stainless Steel Chain Baseball 00-99 Athletes Jersey Number Necklace for Men,1.9,7,,False,True
,Not ranked,18,"1pair Vintage Fashionable Water Drop Shaped Forest Inspired Hollow Out Butterfly & Flower Pendant Earrings, Women Gift Jewelry",1.32,,800.0,True,False
,Not ranked,0,"9pcs/Set Women's Fashionable Shiny Star Shaped Australian Crystal & Zirconia Earrings Set, Suitable For Parties, Weddings, Dates Or Weddings",3.0,,7500.0,False,False
,Not ranked,0,"1 Set Of 14pcs Bohemian Style Handmade Colored Beaded Layered Bracelet, Unisex Fashionable Star & Rice Bead Bracelet Set For Daily Wearing, Perfect For 4th Of July Holiday Gift",2.9,,900.0,False,False
,Not ranked,35,"360 Rotating (S&M Can't Rotating) Earrings Holder Jewelry Organizer Multi-Layer Jewelry Rack Display Classic Stand Holes Grooves For Necklaces Earrings Piercings, Gift For Valentine's Day",2.99,,2000.0,True,False
,Headwear & Hats,7,Captain's Yacht Sailors Hat Snapback Adjustable Sea Cap Navy Costume Accessory (1 Pc),3.9,6,,True,True
,Not ranked,27,60pcs Rhombus Tassel Hair Rings Golden Small Braids Hair Accessories Street Personalized Festival Hair Clips,1.02,,1000.0,True,False
,Not ranked,20,"1pair Fashionable High-End Exaggerated Personality Faux Pearl Round Hoop Earrings, Formal Accessory For Women's Evening Party, Dance Floor, Gift",1.6,,5500.0,True,False
,Not ranked,0,1pair Metallic Round Stud Earrings,2.2,,300.0,False,False
,Not ranked,0,1 Pc Creative Stainless Steel Twist Chain Number 23 Pendant Necklace for Ladies Daily,2.8,,800.0,False,False
,Women Belts Sets,20,3pcs Square Buckle Belt Western dress belt,2.72,4,,True,True
,Not ranked,0,Hollow Out Leaf Drop Earrings,1.4,,1600.0,False,False
,Not ranked,38,10PCS Random Style Men's And Women's Leather Bracelet Classical Festive Women Gift,2.16,,300.0,True,False
,Not ranked,0,6pcs Fashionable Simple Earrings Set Suitable For Daily Wear By Women,2.0,,7600.0,False,False
,Not ranked,7,"1pc Women's Printed Letter MASTERS Washed Baseball Cap, Adjustable Outdoor Sunscreen Casual Hat For Spring And Autumn Travel Beach Vacation, Men's Sun Hat Y2K Style Youth Cap",3.8,,800.0,True,False
,Not ranked,0,Heart Pendant Necklace,1.2,,60.0,False,False
,Not ranked,0,"Stainless Steel, Heart Decor Navel Belly Ring For Women And Men, Punk Piercing, A Fashionable Body Jewelry Gift For Any Occasion",1.3,,1500.0,False,False
,Not ranked,8,3pcs Women Cat Eye Plastic Frame Ombre Lens Spicy Fashion Glasses For Street Snap Musical Festival Outdoor Party Accessories,4.7,,400.0,True,False
,Not ranked,0,Pet Tassel Drop Earrings,2.4,,2900.0,False,False
,Not ranked,8,1pair Americana USA Flag Color Acrylic Star Drop Earrings For Women Girl For American Party 4th Of July Independence Day In The United States Accessories Jewelry,1.38,,3600.0,True,False
,Not ranked,0,"1000pcs 2mm Cross Stitch Beads Mix Color Dyed Rice Beads Set, Suitable For DIY Bracelet Necklace Jewelry Making",1.1,,20.0,False,False
,Not ranked,0,6pcs/set Black Punk Skull & Star Shaped Alloy & Pu Leather Bracelet,2.4,,4600.0,False,False
,Women Fashion Glasses,20,1pair Women Square Frame Fashion Glasses,2.8,10,,True,True
,Not ranked,57,DAZY Straight Shape Hair Claw Casual,0.69,,700.0,True,False
,Not ranked,0,Fashionable and Popular 2pcs Men Cartoon Figure Charm Necklace Alloy for Jewelry Gift and for a Stylish Look,2.2,,,False,False
,Not ranked,4,1pc Minimalist Cuff Bangle Copper Jewelry,2.39,,1900.0,True,False
,Not ranked,9,"1pc Solid Color Hairband Bowknot Women, Hair Tie With Bow For Ponytail Holder Elegant",2.1,,100.0,True,False
,Petticoats,20,White Black Lolita Cute Boneless Puffy Skirt Cosplay Underskirt Women Petticoats Tutu Dress With Satin Ribbon,8.0,8,,True,True
,Not ranked,47,Boho Vintage Spiral Marble Pattern Colorful Party Holiday Decor Drop Earrings,0.96,,1600.0,True,False
,Bridal Fashion Earrings,31,"Elegant 1 Pair Of French Vintage Artificial Pearl Earrings, Suitable For Women To Wear In Daily Life, Weddings, Parties, Banquets, And Other Occasions",0.96,8,,True,True
,Not ranked,6,"Unisex Paisley Print Pirate Hat With Tie Back Headwrap Cap, Perfect For Daily Casual Wear Bonnet Hair Bonnet Turban",1.5,,1300.0,True,False
,Not ranked,8,"1pc To 4pcs/Set Pink Love & Frosted Transparent Square Large Lightweight Plastic Hair Claw Clips, Fashionable, High-Grade, Sweet And Elegant Hair Ornament For Daily Use In Going Out, Tying Hair, Washing Face Or Bathing, Makeup And Matching Clothes Casual",1.2,,1000.0,True,False
,Bridal Belts,9,1pc Embroidery Flower Bridal Garter Belt,3.0,7,,True,True
,Not ranked,0,"1pair Bohemian Style Rhinestone Beaded Pineapple Watermelon Drink Cup 'VACAY MODE' Letter Dangle Earrings, Suitable For Women's Vacation Wear",2.7,,60.0,False,False
,Women Chain Necklaces,2,1pc Fashionable Simple Basic Collar Multi-layer Necklace,1.86,5,,True,True
,Not ranked,0,Travel Jewelry Case Small Travel Jewelry Organizer Box Jewelry Holder Organizer Gift For Girls Women Valentine's Day Gift & Patch Initial A-Z Excluding Box,1.5,,1500.0,False,False
,Not ranked,0,New European And American Personality Color Block Color Natural Stone Beaded Handmade Beaded Necklace,5.2,,900.0,False,False
,Not ranked,0,"Copper Snake Decor Nose Cuff For Women And Men, Punk Non Piercing, A Fashionable Body Jewelry Gift For Any Occasion",1.0,,700.0,False,False
,Not ranked,0,20pcs Alloy Starfish & Flower DIY Pendant,2.2,,200.0,False,False
,Not ranked,12,"1pc Women's Fashionable Y2K Contrast Color Handmade Hollow Out Crochet Hat, Suitable For Daily Wear And Outfits",4.6,,10.0,True,False
,Not ranked,26,1pc Popular Sweet And Cool American Flag Independence Day Acetic Acid Square Hair Clip For Home And Street Hairstyling Decoration,1.25,,1400.0,True,False
,Men Earrings,20,15Pairs/Set Hip Hop Stainless Steel Cross & Cone Decor Earrings For Men Women For Daily Decoration Jewelry Gift,4.8,2,,True,True
,Not ranked,0,"3pcs/set New Fashion Stainless Steel Women's Arrow Shaped Necklace, Delicate Platinum Necklace, Snake Chain Necklace, Minimalist Platinum-colored Layered Necklace, Ladies' Gold Jewelry Gifts",2.6,,5100.0,False,False
,Not ranked,0,"1 Pair Hello Kitty 18k Gold Plated Stainless Steel Red Enamel Bow Hello Kitty Stud Earrings ,Women And Teen Gifts",3.5,,1900.0,False,False
,Not ranked,8,8pcs Ditsy Floral Print Scrunchie Boho,2.4,,500.0,True,False
,Not ranked,0,Geometric Charm Layered Necklace,1.6,,5600.0,False,False
,Not ranked,9,"1pc Custom Music Tag Keychain With Photo Personalized Scannable Music Song Key Chain Gifts For Him Unique Gift For Her/Him, Boyfriend, Girlfriend, Lover, Wife, Husband, Ideal For Valentine's Day, Mother's Day, Birthdays, Anniversaries, Graduation, Weddings, Father's Day,",2.1,,500.0,True,False
,Men Fashion Glasses,7,1pair Men Minimalist Sunglasses Beach Black Shades Make A Bold Statement With These Men's Punk Metal Glasses Elegant,4.3,1,,True,True
,Not ranked,7,1pc Straw Woven Hat + 1pc Straw Woven Bag,5.5,,100.0,True,False
,Men Belts,8,1pc Men Cross Pendant Multi-Layered Metal Fashion Accessory Hip Hop Punk Style Chain For Pants Street,3.3,4,,True,True
,Not ranked,9,"Women's Multicolor Square Pc Frame Sunglasses For Sunshade Fashion Occasions Such As Travel, Vacation And Music Festival Shades Beach Accessories",2.1,,600.0,True,False
,Not ranked,0,1pair Chinese Style Hollow Out Flower Carving Long Trendy & Personalized Earrings Suitable For Daily Wear By Women,1.6,,1100.0,False,False
,Not ranked,7,"1pc Women's IN Style Long Ribbon Scarf With Faux Silk Feel, Can Be Tied As Hairband Or Neck Scarf, Spring And Summer",1.3,,100.0,True,False
,Not ranked,0,2pairs Rhinestone Decor Earrings & 1pc Ear Cuff,2.1,,200.0,False,False
,Not ranked,20,"Mini Flower & Bead Decor Top Handle Chain Box Bag, Perfect Bride Purse For Wedding, Prom & Party Events Mini Flower Decor Evening Bag, Elegant Rhinestone Clutch Bag, Women's Exquisite Dinner Bag For Party",19.2,,1100.0,True,False
,Not ranked,0,"Randomly Sent Multi-Size Fashionable Minimalist Rhinestone Inlaid Ring Set, Suitable As Gifts Or For Daily Wear",1.1,,900.0,False,False
,Not ranked,7,1pc Women's Kentucky Derby Fascinators Tea Party Hat Mesh Floral Feather Hair Clip Fascinator Headwear For Wedding Cocktail,5.6,,700.0,True,False
,Not ranked,45,Twist Design Hoop Earrings,0.77,,1500.0,True,False
,Not ranked,8,"1pc Women White Woven Belt With Buckle, Elastic PP Straw Bohemian Belt Ideal For Beach Vacation",3.3,,700.0,True,False
,Not ranked,0,"1pc Fashionable Simple Bowknot Accent Ring For Women, Suitable For Daily Wear, Birthday Party And Other Occasions",1.8,,6000.0,False,False
,Not ranked,7,"1 Piece, UV Large Rave Hand Fan With Bamboo Ribs For Dance Music Festival Party Performance And Gifts Cute",5.6,,1200.0,True,False
,Not ranked,0,1pc 925 Sterling Silver Cross Pendant Collarbone Chain With Starry Sky Design For Women,2.2,,3700.0,False,False
,Not ranked,20,"5pcs Landscape Style Kraft Paper Gift Bags, Shopping Bags, Packaging Bags With Handles",5.52,,1300.0,True,False
,Not ranked,10,Plain Silicone Watchband Compatible With Huawei Watch Fit,1.8,,30.0,True,False
,Not ranked,11,"Flower Charm Keychain Holiday Style Cute Colorful Floral Design Key Ring Holder Car Bag Pendant Ornaments For Women Souvenir Birthday Gift Floral Design Bag Charm Fashion Bag Accessories Shoulder Bag Crossbody Bag Handle Bag Handbag Party Holiday Gift Birthday Valentine's Day Stylish Fashion Trendy Minimalist For Teen Girls Women College Students Teacher Gift Accessories Decor BLACK FRIDAY Present Funny Gifts,Funny Gift Car Accessories Women Key Chain Charms School Supplies Teacher Gifts Back To School Teacher Accessories",1.7,,1100.0,True,False
,Men Baseball Cap,7,"MLB Licensed New York Yankees Baseball Team Caps Fashionable NY Embroidery Soft Top Comfortable Outdoors Sun Protection Adjustable Caps, Unisex, Suitable For All Seasons, Festive Gifts And Valentine Day Gifts ,Father's Day Gift",5.1,7,,True,True
,Not ranked,0,1 PC Simple Cubic Zirconia Ring For Women For Valentine's Day Gift Wedding Anniversary Party Jewelry,1.6,,6000.0,False,False
,Not ranked,4,Knot Decor Headband,2.2,,800.0,True,False
,Not ranked,0,"36pcs Geometric Simple Style Pearl Earrings, Perfect Gift For Women To Wear On Vacations And Dates",4.8,,4100.0,False,False
,Not ranked,22,"1pc Women USA Flag Embroidered Baseball Cap Vintage Washed Sun Hat, Suitable For Spring And Autumn Traveling, Beach Parties",3.12,,200.0,True,False
,Not ranked,12,DAZY Flower Drop Earrings,1.32,,200.0,True,False
,Not ranked,22,1pc Vintage Gemstone Inlaid Special Design Ring That's Suitable For Women's Daily Wear,1.32,,900.0,True,False
,Not ranked,77,"1 Pair Of Korean Delicate Crossed Ear Studs, Exquisite Diamond Inlaid, Lightweight Luxury, Unique And High-End Design Ear Jewelry",0.3,,100.0,True,False
,Not ranked,0,"1pc Multilayered Metallic Chunky Chain Necklace With Faux Pearls, Geometric Cubes, And Figure Pendant",3.2,,5000.0,False,False
,Not ranked,0,Rhinestone Starfish Decor Faux Pearl Drop Earrings,1.6,,1500.0,False,False
,Not ranked,71,"1pc Exquisite Multi-layer Premium Jewelry Storage Box, Earring Necklace Ring Organizer, Velvet Flip Lid Drawer Style Trinket Case",2.35,,200.0,True,False
,Not ranked,0,2 Simple Stainless Steel Couple Woven Bracelets As A Valentine's Day Gift For Your Loved One,3.0,,100.0,False,False
,Not ranked,0,3pcs/set Flower Decor Necklace,2.2,,8200.0,False,False
,Not ranked,10,"1pair European And American Fashionable Earrings Heart Shaped With Diamond Design, Exaggerated Large Hoop, Embossed Love, Long Dangle Earrings For Women",1.53,,900.0,True,False
,Not ranked,46,1pc A-Z 26 Gold Initials Name Necklace Pendant Letter Alphabets Necklace Stainless Steel Women Choker gift for Women,0.87,,1100.0,True,False
,Not ranked,7,1pc Women Shell Decor Scallop Trim Boho Straw Hat For Summer Bow,6.4,,1000.0,True,False
,Not ranked,8,"Charming Glittery Rhinestone American Flag Headband - Wide-Brimmed, Anti-Slip Knot Style - Perfect For Women & Girls, Independence Day Fashion Accessory Tiaras",4.5,,700.0,True,False
,Not ranked,5,Flower & Faux Pearl Decor Hair Claw Elegant,1.8,,70.0,True,False
,Not ranked,0,"1pc Punk Metal Retro Spider Pendant Necklace, Men Accessory Suitable For Parties And Daily Life",1.4,,3700.0,False,False
,Textile DIY & Tools,70,"2pcs/Set Alphabet Embroidered Iron-On Patches, Clothes Mend Sticker, Suitable For Clothing And Hat Diy Craft Decoration",0.45,9,,True,True
,Not ranked,8,"Party 1pc Diamond Shape Charm Keychain,Keyring Keychain Keytag Key Ring Chain Tag Door Car,Key Ring For Car, Bag Decoration,Gift",1.2,,30.0,True,False
,Not ranked,38,2pairs Flower Decor Stud Earrings,0.87,,1100.0,True,False
,Boho Women Glasses & Eyewear Accessories,8,1pair Rice Spike Decor Fashion Glasses For Outdoor Boho Shades Beach Accessories,3.3,7,,True,True
,Not ranked,7,1pc Elegant Boho Women Metal Decor Belt For Dress Decoration,3.9,,1200.0,True,False
,Not ranked,46,Fashionable and Popular Men's Stainless Steel Minimalist Hoop Earrings for Jewelry Gift and for a Stylish Look,1.19,,600.0,True,False
,Not ranked,20,Bow Decor Hair Clip For Daily Use For Girls Hairstyles Casual Elegant,2.72,,3600.0,True,False
,Not ranked,44,"1pc Fashionable Creative Minimalist Bohemian Style Wedding/Engagement Ring With Unique Design, Suitable For Women's Daily Wear",0.96,,900.0,True,False
,Not ranked,22,1pc Fashion Copper Faux Pearl Pendant Necklace For Women For Daily Life,1.25,,1100.0,True,False
,Not ranked,23,1pc Copper Plated Gold Color Initial Pendant With Heart-Shaped Detail,1.46,,300.0,True,False
,Not ranked,0,"6pcs/Set Fashionable Vintage Geometry Joint Knuckle Ring Set For Women, Ideal For Party, Dating Or Daily Wear, Great Gift For Fashionista",1.9,,2000.0,False,False
,Not ranked,0,One Handmade Exquisite Faux Pearl Bracelet,3.8,,1400.0,False,False
,Vintage Sunglasses,7,1pc Vintage Aviator Sunglasses With Leopard Print & Double Bridge Design For Fashionable European And American Style Boho Shades Beach Accessories,2.6,10,,True,True
,Not ranked,40,Simple & Delicate Small Cat's Eye Stone Romantic Blue Stud Earrings For Daily Wear & Commuting,0.9,,1000.0,True,False
,Not ranked,0,"1pc Clear Gift Bag, Simple Hollow Out Handle Design PVC Gift Wrapping Bag For Party",1.6,,3200.0,False,False
,Not ranked,0,8pcs Round & Oval Decor Ring,1.8,,4600.0,False,False
,Not ranked,10,"1pc Luxury Seashell Necklace In Bohemian , Including Conch, Starfish And Shell Pendant, With Randomly Colored Beads. Fashionable Pearl Pendant For Collarbone, Perfect As A Gorgeous Jewelry Gift For Lover, Besties Or Mom",2.79,,500.0,True,False
,Not ranked,64,Leaf Drop Earrings,0.62,,1300.0,True,False
,Not ranked,4,"Top Luxury Waterproof Men's Watch With Date Display, Stainless Steel Quartz Wrist Watch For Men Father",10.4,,100.0,True,False
,Not ranked,0,"Fashionable Simple Watch With Mesh Strap, Classic Waterproof Gold Round Dial Men's Wristwatch Father",11.0,,300.0,False,False
,Not ranked,13,"1 Set Of 12 Pieces And 1 Set Of 2 Pieces Stainless Steel Vacation-Style Earring Set Nose & Lip Decoration Gift For Graduation, Teacher, Bestie, Student Or Date 18K Gold Earrings (Note: To Make It Easier For Sisters To Shop Happily! This SKC Comes In Different Sizes And Specifications Such As 1 Pair (2 Pieces) And 1 Set (12 Pieces). Please Select The Desired Size When Purchasing To Avoid Any Misunderstandings. Thank You Very Much For Your Support)",1.22,,200.0,True,False
,Women Stud Earrings,0,Fashion Zinc Alloy Flower Stud Earrings For Women For Daily Decoration,1.3,9,,False,True
,Not ranked,11,2pcs Cartoon Spaceman Design Magnetic Attraction Keychain Casual,1.6,,200.0,True,False
,Not ranked,13,Plush Cartoon Bear Shaped Keychain Cute Key Ring Or Backpack Decoration Doll Doll Bag Pendant Gift For Girls(Keychain Color Random) Carebears Key Chain Charms Cute Stuff Therian Plush Keychain,2.8,,1000.0,True,False
,Not ranked,0,"(3pcs/Set) Punk Style Exaggerated Glossy Round Opening Ring, Geometric Curved Surface Ring, And Geometric Glossy Cross Ring. European And American INS Niche Design Geometric Ring Set (3 Rings). Color-Preserving And Thick Rings Jewelry, Suitable For Women's Daily Wear, Various Holiday Gifts, Graduation Season, Student Gifts, Back-To-School Gifts, Gifts For Teachers.",2.4,,300.0,False,False
,Not ranked,9,1pc Men's Washed Pure Color Cap Baseball Cap Casual,3.0,,1200.0,True,False
,Not ranked,8,1pc Colorful 3D Creative Resin Fridge Magnet Sticker Decorative Cute Resin Fresh Fridge Magnet For Home Decoration Gifts,2.3,,,True,False
,Not ranked,0,Faux Pearl Decor Flower Drop Earrings,1.9,,4300.0,False,False
,Not ranked,0,Cubic Zirconia Decor Earrings,2.4,,9400.0,False,False
,Women Necklace Sets,2,3pcs Simple And Stylish Metal Shell Starfish Necklace Set Suitable For Women Daily And Vacation Wear In Summer,1.86,5,,True,True
,Not ranked,0,"1pc Apple Watch Band Classic Magnetic Mesh Band For Men And Women Compatible With Apple Watch Band 45mm, 49mm, 38mm, 40mm, 41mm, 42mm, 44mm, Compatible With Apple Watch Series 9 Ultra/Se/8/7/6/5/4/3/2/1, Fashionable Sport Bracelet Smart Watch Strap Compatible With Apple Watch Band Bracelet Watchbands Compatible With Apple Watch Strap Accessories,Apple Watch,,Bracelet Apple Watch,Watchbands For Smartwatch",3.2,,2000.0,False,False
,Not ranked,7,Rhinestone & Heart Decor Ring,1.3,,70.0,True,False
,Not ranked,10,5pcs/set Random Fashion Dice DIY Pendant For Women For DIY Jewelry Making,1.8,,200.0,True,False
,Belts Storage,6,"1pc Multifunctional Belt Hanger, Stainless Steel Solid Metal Coated Storage Organizer For Tie, Scarf, Belt",2.9,1,,True,True
,Not ranked,7,Flower Decor Head Wrap Bonnet Hair Bonnet Turban,5.6,,200.0,True,False
,Not ranked,31,1pc Full Diamond Star Shaped Cross Pendant Necklace,0.96,,2200.0,True,False
,Not ranked,8,"1pc Men's Spring Summer Autumn Outdoor Camouflage Sun Hat For Climbing, Fishing, Running, Jungle Or Casual Style",3.5,,400.0,True,False
,Not ranked,28,"1pc USA Flag Independence Day Star Print Knot Headband, Sweat-Absorbing Yoga Running Sports Decoration Party Hairband",1.45,,500.0,True,False
,Not ranked,0,"8pcs/Set Fashion Colorful Waterdrop Stud Earrings, UV Color Retention Plating, Lightweight CCB Material, Smooth Metallic Finish Jewelry",2.1,,2900.0,False,False
,Not ranked,0,1set Simple And Fashionable Bow Design Earrings (set Of Earrings),1.5,,6200.0,False,False
,Women's Brooch,7,"Elegant 13pcs Random Style Women's Clothing Accessories Set, Including Waist Pin, Clip, Adjust Buckle, Brooch, Prevent Sagging Button",2.7,2,,True,True
,Not ranked,0,Flower Pattern Hoop Earrings,2.2,,7100.0,False,False
,Not ranked,8,"Cute Animal Ear Headband, Fashionable Accessory For Dress Up, Evil Wolf Or Wolf Design",8.5,,100.0,True,False
,Not ranked,0,Fashionable Irregular Geometric Charm Necklace For Women For Daily Decoration,4.8,,7200.0,False,False
,Not ranked,36,2pcs Yin & Yang Decor Couple Bracelet,0.96,,200.0,True,False
,Women Chain Necklaces,0,"1Pc Stainless Steel Heart Shaped Pendant With 26 English Letters Design, Personalized Name Necklace For Couples On Birthday Initial Necklace",1.7,8,,False,True
,Not ranked,42,ROMWE 1pc Random Butterfly Pendant Necklace,0.76,,100.0,True,False
,Not ranked,0,"1pc Fashionable & Versatile Gold Plated Venetian Circle Pendant Necklace For Women, Perfect Gift For Stylish Ladies On Dates And Other Occasions",1.5,,3000.0,False,False
,Not ranked,0,Geometric Drop Earrings,1.8,,5300.0,False,False
,Not ranked,51,DAZY Beaded Cuff Hoop Earrings,0.69,,300.0,True,False
,Not ranked,0,"18pcs/Set Bohemian Style Beaded Bracelet With Shell And Starfish Design, Suitable For Women To Wear On Vacation And Daily Life",5.4,,4300.0,False,False
,Not ranked,0,55 Pieces Tooth Gems DIY Teeth Crystal Flat Back Glass Gemstone Multi Shaped Crystal Gem For Teeth,2.2,,10.0,False,False
,Not ranked,0,"12-48pcs/Set Simple & Fashionable Heart, Flower, Wave, Twist Stud Earrings, Perfect For Festival, Party, Date And Daily Wearing",1.5,,7600.0,False,False
,Headbands,6,1pc Lace Embroidered Flower Headband Set Boho,1.6,6,,True,True
,Women Hijab,7,1pc Women Fashion Solid Color Scarf Hijab Soft Islamic Head Scarf Multifunctional Sunscreen Headscarf All-Match Beach Vacation Shawl Long Scarf Suitable For Daily Wear,5.4,3,,True,True
,Bridal Fashion Anklets & Leg Chains,22,2pcs Floral Embroidery Appliques Bridal Thigh Belt Garter,2.42,8,,True,True
,Women Piercing Tools,0,"4pcs/Set Disposable Safe And Easy To Use Nose & Ear Piercing Gun Kit, Fashionable Body Jewelry Gift For Men And Women",2.6,1,,False,True
,Not ranked,6,2/12 Pcs Bow Streamer Side Clips Set Elegant Long Ribbon Bow Hair Pins Back Head Top Clips Half Tied Hair Accessories,2.9,,600.0,True,False
,Not ranked,0,"1pair Chic Copper Inlaid Rhinestone Geometric Circle Earrings, Perfect For Date Or As Gift",2.1,,6700.0,False,False
,Not ranked,0,Men Watch 1pc Men's Black Pu Strap Gold Dial Calendar Fashion Quartz Watch Watch For Men Father's Day Gifts,2.3,,700.0,False,False
,Not ranked,29,1pc Women 11cm Ribbon Bow ABS Resin Hair Clip Suitable For Daily Wear In A Bag,1.28,,300.0,True,False
,Not ranked,0,"10pcs/set Fashionable Metal Bracelets, Western Bohemian Style, Vintage And Minimalist, For Daily Wear By Men And Women",2.8,,10000.0,False,False
,Not ranked,7,"Polarized Round Sunglasses For Men And Women - Retro Style For Driving, Beach, And Travel Shades Beach Accessories",4.2,,1600.0,True,False
,Not ranked,0,2pcs Gothic Vintage Punk Style Cross Star Charm Necklaces For Women,2.0,,9800.0,False,False
,Not ranked,4,"3pcs Personalized Fashion Multi-Colored Star & Shaped USA Beaded Bracelets Set For Women And Men, Ideal For Daily Wear And Independence Day",1.73,,5400.0,True,False
,Not ranked,0,Silicone Strap Square Pointer Quartz Watch,3.1,,200.0,False,False
,Not ranked,0,Knot Decor Long Necklace,2.5,,2200.0,False,False
,Not ranked,0,Open Locket Heart Pendant Necklace,1.6,,1500.0,False,False
,Not ranked,20,"1pc Roman Numerals Detail Bangle, Stainless Steel Jewelry",2.56,,4700.0,True,False
,Not ranked,0,"5pcs Bohemian Style & Hippie Jewelry Set For Women, Creative Fashionable Vintage Floral & Crystal & Bullet & Eye Shape Pendant Multicolor Beaded Necklace. (peach Filigree Pieces Color Random)",2.9,,4600.0,False,False
,Not ranked,9,Disney 50PCS Toy Story Officially Licensed Sheriff Woody Buzz Light Year Slinky Dog Vinyl Waterproof Stickers Gifts Cartoon For Water Bottles Laptop Bumper Notebook Computer Phone Hard Hat Car And Decals,3.2,,400.0,True,False
,Not ranked,2,1pc Men Stainless Steel Cross Pendant With Twisted Rope Chain Hip Hop Rap Rock Fashion Diamond-Inlaid Necklace,1.86,,1300.0,True,False
,Not ranked,0,1pc 2 In 1 Screen Protection Film & Case & 1pc Watchband Compatible With Apple Watch,2.4,,40.0,False,False
,Wedding accessories,20,2pcs Women's 'Bride To Be' Rhinestone Letter Hair Clip For Bride Party,1.44,10,,True,True
,Black Hair Claws,5,"Halloween Horror Skeleton Claw Hair Clip Gothic Style Hair Accessory For Kids And Couples, Perfect For Halloween And Easter Gift Street",1.8,1,,True,True
,Not ranked,0,"Apple Watch Case 2pcs Apple Watch Band Apple Watch Strap Hard Pc Material Case With Rose Gold-Plated Frame And Screen Protector, Compatible With Apple Watch Strap Se, Series 6, 5, 4, 3, 2, 1. Fashionable Ladies Wristband Replacement Compatible With 38mm, 40mm, 41mm, 42mm, 44mm, 45mm Smartwatch Applewatch Band Apple Watch Case",5.8,,1900.0,False,False
,Not ranked,0,Full Rhinestone Metal Watch Band Compatible With Apple Watch,5.6,,1600.0,False,False
,Women Belts,8,1pc Women's Multipurpose Fashionable Multicolor Pu Belt With Gold Square Buckle For Daily Wear Casual,2.57,5,,True,True
,Not ranked,0,"10pcs/5pcs/1pc Hepburn Style Simple Black And White Bowknot Clutch Bag, Necktie, Silk Scarf Mini Gift Handbag Suitable For Summer Weddings, Party Favors, Birthday Parties, Festivals, Father's Day, Mother's Day, Graduation Season, Surprise Gifts For Family, Couples, Friends, Children",1.3,,1000.0,False,False
,Not ranked,0,"1pair Fashionable Rose Flower Shaped Earrings For Women, Versatile Accessory For Holidays",1.9,,200.0,False,False
,Not ranked,11,1PC Sports Ball Baseball Softball Wooden Beaded Wristlet Bracelet Keychain Pu Leather Alloy Car Keyring Backpack Bag Hanging Pendant Charm Game Day Gift For Women Girls,3.3,,20.0,True,False
,Not ranked,20,"1pc Simple, Fashionable And Elegant Four-leaf Clover-shaped Cubic Zirconia Inlaid, 18k Gold Plated, Low Allergy Titanium Steel Necklace, Suitable For Women's Daily Wear",1.84,,10000.0,True,False
,Not ranked,7,1pc Hair Extension Curly Wig Hair Bun Accessories for Women Hair Buns Girls Hair Accessories Hair Accessories for Girls Hair Volume Invisible Hair Pad High Temperature Wire Miss,1.4,,1900.0,True,False
,Not ranked,30,Minimalist Hoop Earrings,0.77,,1200.0,True,False
,Not ranked,0,Stainless Steel Smooth 18K Gold Plated Chunky Ring For Women Girls Daily Jewerly,2.0,,1800.0,False,False
,Not ranked,12,"Cherry Bag Charm, Cherry Keychain,Bag Accessiores,With Clip For Bag, Sparkling Resin & Metal Accessory For Purses And Bags For Women",6.7,,200.0,True,False
,Not ranked,0,"1pair (2pcs) Gold Tone Smooth & Snake Skin Patterned Metal Bangle Bracelets With Overlapping Visual Effect, Alloy, Trendy And Fashionable For Couple's Date, Friend's Gathering, Daily Outfits",5.0,,100.0,False,False
,Not ranked,0,1pc Simple Stainless Steel Hollow Out Geometric Design Men's Necklace,1.4,,1900.0,False,False
,Not ranked,0,Fashion Men's Lock Chain Necklace/stainless Steel Waterproof & Anti-fading Chain/simple Silver Men's Chain/gift For Him,2.1,,2000.0,False,False
,Not ranked,0,Flower Drop Earrings,1.5,,2600.0,False,False
,Not ranked,0,Faux Pearl Beaded Necklace,1.5,,800.0,False,False
,Not ranked,0,"Star Shaped Glitter American Flag Cheerleader Earrings, European Style, For July 4th Independence Day",1.5,,100.0,False,False
,Not ranked,34,Natural Turquoise Bracelet Turtle Bracelet Turtle Hand Skewers Made Of Turquoise Turquoise Beaded Bracelet Vintage Cute Turtle Design Turquoise Summer Beach Jewelry Party Gift For Turtle Lovers,1.45,,60.0,True,False
,Not ranked,0,Minimalist Solid Choker,1.0,,,False,False
,Women Ear Cuffs,20,3pcs Single Side C Shaped Ear Cuff,1.6,7,,True,True
,Not ranked,7,Disney 1PC Officially Licensed Sequin White Colour Mouse Ears Headband Glitter Cute Hair Band Bow Head Hoop Can Be Used As Women Princess Birthday Party Gift.,5.3,,900.0,True,False
,Not ranked,0,Rhinestone Star Decor Cuff Ring,1.3,,2000.0,False,False
,Not ranked,0,3pcs Euramerican Style Simple Design Engagement Ring With Blue Turquoise Stone For Women,1.7,,900.0,False,False
,Casual Headbands,6,"1pc Ladies' Bohemian Style White Sponge Hairband, Fashionable And Versatile Headband For Daily Wear, Bathing, Makeup And Outfits Matching",1.6,7,,True,True
,Not ranked,0,1pc Women's Stainless Steel Round Pendant Beaded Bracelet For Fashionable Day-to-day Wear,2.7,,3100.0,False,False
,Not ranked,7,1pair Long Bridal Gloves,2.7,,100.0,True,False
,Not ranked,42,"Floral Engraved Bands Compatible With Apple Watch Band 44mm 40mm 38mm 41mm 45mm 49mm 42mm Women, Soft Silicone Cute Rose Flower Pattern Sport Strap For Apple Watch Bands Series Ultra Ultra 2 SE 9 8 7 6 5 4 3 2 1",1.1,,,True,False
,Not ranked,7,"1pc Moonlight Silk Chain Geometric Printed Headband Bandana Scarf Bandana,Hair Band,Head Band Ideal For Dressing Up Your Look",4.1,,3200.0,True,False
,Not ranked,50,"1pc Women's Gold-Color Alloy Bracelet Featuring A Heart-Shaped Watch Case With Arabic Numerals On The Watch Dial, Delicate Quartz Watch With Adjustable Drawstring Strap For Easy Wearing, Suitable For Daily Decoration Holiday",1.7,,1300.0,True,False
,Women Necklace Sets,0,"3pcs/Set Fashionable Simple Multi-Layered Link Chain Necklace, Niche Premium Neck Chain For Sweaters",2.2,8,,False,True
,Not ranked,46,Fashionable and Popular 2pcs Men Heart Design Glow In The Dark Ring Stainless Steel Punk Hip Pop Style for Jewelry Gift and for a Stylish Look,1.03,,100.0,True,False
,Not ranked,0,"5pcs/Set Colorful Exaggerated Gold-Plated C-Shaped Acrylic Resin Earrings With Rice Beads Inlay, Versatile",2.0,,1500.0,False,False
,Women Scarves & Scarf Accessories,6,"1pc Ladies' Fashionable Multifunctional Bandana With Brown Flowers, Twill Silk Scarf For Sun Protection, Beach Square Scarf, Hair Accessories Bandana,Hair Band,Head Band Ideal For Dressing Up Your Look",3.0,5,,True,True
,Not ranked,31,Fashionable and Popular Men's Copper 1pc Oval Decor Ring Copper Jewelry for Jewelry Gift and for a Stylish Look,0.96,,800.0,True,False
,Not ranked,8,Boho Colorful Feather Headdress New Head-Mounted Feather Colored Headwear Adjustable Chief Headdress Fancy Dress Party,2.2,,100.0,True,False
,Not ranked,0,"1pair European And American Style Liquid Metal Irregular Water Drop Earrings, Sweet And Cool Design, Geometric, Suitable For Daily Wear Of Women",1.4,,6700.0,False,False
,Not ranked,0,1 PC Retro Style S925 Sterling Silver Rings Wedding Jewelry For Women Fine Jewelry,6.2,,100.0,False,False
,Not ranked,0,2pcs Cubic Zirconia Eternity Band Ring Delicate Jewelry Party Wedding Engagement Decor For Women Girls Gift,2.6,,200.0,False,False
,Not ranked,3,5pcs Minimalist Beaded Bracelet,1.84,,6000.0,True,False
,Not ranked,6,1pair Acrylic Black Frame Glasses Clear Glasses Accessories,3.3,,4800.0,True,False
,Not ranked,0,1pc Dainty Sideways Initial Heart Necklace Personalized 26 Letter A-Z Name Choker Necklace For Women Teen Girls Match Daily Jewelry Gifts,2.5,,3100.0,False,False
,Not ranked,8,Ombre Lens Fashion Glasses Elegant Shades Beach Accessories,3.6,,300.0,True,False
,Not ranked,6,6pcs Simple Hair Claw Boho,1.6,,200.0,True,False
,Not ranked,0,"6pcs/Set Ladies' Fashionable, Elegant, Simple And Sweet, Handmade Adjustable Beaded Faux Pearl Bracelet Suitable For Daily Wear And As A Gift For Friends",2.4,,5400.0,False,False
,Not ranked,0,1pc Bohemia Style Wide Band Bracelet With Crystal Rhinestone Decor Wrapped Wire Bracelet Multi-layered Pu Leather Magnetic Clasp Bracelet For Women,2.9,,2600.0,False,False
,Not ranked,0,30g Random Mix Fashionable Sea Shell & Starfish Shaped Pendant Zinc Alloy Decoration Pendant Diy Jewelry Making Accessories For Summer Holiday,2.0,,500.0,False,False
,Women Belts & Belts Accessories,7,"1pc Women's Paisley & Paisley Pattern Jacquard Print Scarf Large Square Shawl Fashion Headscarf For Travel Party Boho Bandana,Hair Band,Head Band Ideal For Dressing Up Your Look",2.8,10,,True,True
,Not ranked,6,1 Butterfly Pattern Hair Scarf Boho,1.6,,100.0,True,False
,Not ranked,0,Water Drop Decor Earrings Boho Multicolor Teardrop Shaped Drop Earrings Vintage Decor For Women Girls Gift,1.4,,1000.0,False,False
,Not ranked,7,"1 Piece, UV Large Rave Hand Fan With Bamboo Ribs For Dance Music Festival Party Performance And Gifts",5.5,,700.0,True,False
,Not ranked,0,"2pcs Simple Vintage Pearl Tassel Earrings, Women's Elegant Fashion Jewelry",1.4,,10000.0,False,False
,Not ranked,0,1pc Bohemian Flower Pattern Starfish Pendant Necklace For Women For Vacation,2.2,,10000.0,False,False
,Not ranked,0,Rhinestone Decor Brooch,1.8,,70.0,False,False
,Not ranked,0,Disc Charm Layered Necklace,1.3,,2700.0,False,False
,Not ranked,8,"Cute 1pc Sweet & Lovely Fireworks Castle Cartoon 3D Glitter Ear Headband For Holiday, Travel, Festival And Girl Dress Up",2.4,,400.0,True,False
,Not ranked,0,"1pair Bohemian Vacation Style Handmade Braided Round Earrings With Raffia, Ivory, Pink & Orange Colors Suitable For Daily Wear",2.0,,1700.0,False,False
,Not ranked,13,"1pc Unisex Pink Silicone Band 1.79'' Touch Screen Multifunctional Electronic Smart Watch With Various Sports Modes, Camera Control, Social Media Notifications, Bluetooth Function, Suitable For Android And IOS Systems.",8.4,,300.0,True,False
,Boho Hair Ties,4,"12 Pieces Satin Hair Scrunchies Silky Elastic Bands Skinny Solid Hair Ties Ropes Ponytail Holder For Women Girls Hair Accessories Decorations, 2 Sizes (Black) Casual",2.4,4,,True,True
,Not ranked,0,1pc Personality Plump 3D Letter Pendant Stainless Steel Snake Chain Women New Irregular Alphabet Necklace,2.7,,2400.0,False,False
,Not ranked,6,"1pc Blue Light Blocking Plain Glasses Frame Unisex Fashionable Oversized Eyeglasses For Reading, Work And Computer Use, Latest Design",1.6,,1900.0,True,False
,Not ranked,20,"1pc Gold-colored Stainless Steel Chain Plated With 18k Gold, Vintage & Stylish Butterfly Pendant With Green Enamel & Rhines Detail, Versatile For Men & Women As Couples Matching Accessory For Streetwear, Party, And Daily Casual Outfits",1.84,,1200.0,True,False
,Not ranked,6,DAZY Butterfly Design Hair Claw Elegant,1.6,,100.0,True,False
,Not ranked,0,1 Pair American Independence Day USA Beaded Tassel Earrings,2.9,,1200.0,False,False
,Watch Accessories & Tools,20,1pc Apple Watch Band Apple Watch Strap Big Brand Fashion Creative Cute Design Double Heart Luxury Embellished Crystal Shiny Rhinestone Gold Metal Bracelet Suitable For Series Se S9 8 7 6 5 4 3 2 1 Series Detachable Fashion Trend Ladies Replacement 38mm40mm41mm42mm44mm45mm49mm Smart Apple Watch Strap Watch Lovers Gift,3.84,8,,True,True
,Not ranked,0,"1pair Bowknot Design Earrings, High-End & Unique & Tassel Dangle & Double Wears & Fresh Style",1.6,,800.0,False,False
,Not ranked,0,7pcs Butterfly & Letter Charm Necklace,4.1,,2800.0,False,False
,Not ranked,0,Cubic Zirconia Flower Decor Ring,1.3,,1200.0,False,False
,Not ranked,0,"1pc Unisex Pink Silicone Strap Smart Electronic Watch, 2.05-Inch TFT HD Touch Screen, Temperature/Weather Forecast, Bluetooth, Sports Info Reminder, Alarm Clock, Date Checking, Call Reminder, Compatible With Android And IOS System, Suitable For Gifts And Other Occasions",15.7,,40.0,False,False
,Storage & Organization,4,"1pc 3-Tier 18-Grid Transparent Adjustable Stackable Compartment Slot Plastic Storage Box For Organizing Toys, Jewelry, And Accessories",5.4,6,,True,True
,Jewelry Making Charms,0,Random 50pcs Jewelry Making Charms Assorted KC Gold Enamel Plated Charms Pendant For DIY Necklace Bracelet Earrings Jewelry Making Finding,2.2,7,,False,True
,Not ranked,0,"12pcs Simple Fashion Twisted Design Wide Plate Earrings Set, Great For Dating, Holiday, Gifts, Women's Daily Wear",1.8,,4200.0,False,False
,Not ranked,5,1pc Women's Simple And Elegant Leopard Print Velvet Cat Ear Headband For Daily Use And Commuting,2.0,,40.0,True,False
,Not ranked,0,"1pc Personalized Delicate Initial Pendant Necklace, Customized Engraved Letter Pendant Necklace, Cable Chain, Customized Minimalist Name Necklace, Women's Personalized Jewelry Gift, Bridesmaid Gift",1.5,,100.0,False,False
,Not ranked,0,1pc Cute Bee Shaped Belly Button Ring With Cz Stone Decoration,1.7,,500.0,False,False
,Women Exercise & Fitness Belt,8,Slimming Sweat Sauna Waist Trainer With Mobile Phone Pocket For Women - Tummy Control Belly Belt For Weight Loss And Workout Gym Accessories,3.5,4,,True,True
,Wedding Decoration,5,10PC Transparent Acrylic Table Plate Guest Name Reserved Table Number DIY Wedding Banquet Party Event Decoration,1.8,8,,True,True
,Not ranked,0,1pc Luxury 925 Sterling Silver Bright Silver Color Fully Cz Paved Bracelet For Women Party And Gift Wedding Engagement Bridal Jewelry,7.4,,300.0,False,False
,Not ranked,9,1pc Stylish Breathable Men Solid Casual Baseball Cap For Daily Life,3.2,,9000.0,True,False
,Not ranked,0,"1pc Fashionable Pink Crystal Bracelet, Luxury Elegant Flower Shaped Women's Jewelry Accessory, Birthday Party Gift",1.9,,3500.0,False,False
,Not ranked,65,1pc Transparent Pvc Daisy Flower Printed Gift Packaging Bag,0.81,,500.0,True,False
,Not ranked,0,"European And American Style Colorful Rhinestone Waterdrop Shaped Big Hoop Earrings For Men And Women, Perfect For Beach Holiday, Handmade Beaded Circle Stud Earrings",2.5,,800.0,False,False
,Not ranked,0,30pcs mix color tulip and 30pcs leaf glass beads,2.0,,1200.0,False,False
,Boho Women Glasses & Eyewear Accessories,8,Vintage Square Oversized Thick Frame Plastic Sunglasses Unisex Fashion Classic Outdoor Travel Beach Vacation Uv Protection Eyewear Sunglasses Beach Sun Glasses,3.7,4,,True,True
,Not ranked,8,1PC Wood Display Easels Mr Mrs Wedding Love Rustic Wedding Engagement Decor Frame Painting Poster Weeding Table Decor Diy Tripod,1.2,,400.0,True,False
,Not ranked,0,4pcs/Set Vintage Fashion Colorful Resin Women Rings,1.9,,900.0,False,False
,Not ranked,0,Water-drop Tassel Charm Necklace,1.8,,800.0,False,False
,Not ranked,0,"12pairs/set Vintage Geometric Round Shaped Earrings Set For Women With Tassel, Shell & Big Ring Design, Bohemian Drop Oil Ear Jewelry For Travel, Party, Daily, Work Wear",1.6,,7400.0,False,False
,Customized Keychains & Accessories,5,"1pc Custom Photo Keychain, Personalised Engraved Music Code Keychain, Personalised Music Code Keyring, Personalized Music Code Acrylic Keychain, Custom Music In Your Pocket Keychain, Birthday Gift, Anniversary Gift, Valentine's Day Gift, Father's Day Gift, Mother's Day Gift, Gift For Him/Her",1.9,3,,True,True
,Not ranked,40,Rhinestone Decor Bird Brooch,1.08,,100.0,True,False
,Not ranked,0,Chain Design Cuff Bracelet,1.7,,400.0,False,False
,Not ranked,0,6pairs Geometric & Faux Pearl Decor Hoop Earrings,1.8,,1900.0,False,False
,Men Beaded Necklaces,0,1pc Baseball Bead Necklace For Boys Pollyanna Rhinestone Necklace Baseball Drip Accessories Maroon Gray White,3.3,2,,False,True
,Not ranked,0,1pc Cubic Zirconia Decor Stud Earrings & 1pc Ear Cuff Copper Jewelry,2.0,,60.0,False,False
,Not ranked,0,"Cross-Border Valentine\ Day Gift: Multi-Color Teardrop Crystal Pendant Earrings, Fashionable And Versatile Clothing, Suitable For Parties And Daily Wear",2.3,,600.0,False,False
,Not ranked,31,Minimalist Hoop Earrings,0.97,,400.0,True,False
,Silver Women Belts & Belts Accessories,12,"6pcs Combination Set No-drill Adjustable Waist Button For Jeans, Metal Button With No-sew Resizing For Jeans",1.5,2,,True,True
,Not ranked,22,Moon & Star Pendant Layered Necklace,1.79,,2000.0,True,False
,Not ranked,8,"1pc Chain Print Bandana Classic Square Scarf For Decoration Bandana,Hair Band,Head Band Ideal For Dressing Up Your Look",1.2,,200.0,True,False
,Not ranked,32,Circle Decor Threader Earrings,1.09,,300.0,True,False
,Men Long Necklaces,0,Fashionable And Popular Men Stone Decor Tassel Charm Necklace For Vacation And For A Stylish Look,4.5,3,,False,True
,Not ranked,0,Solid Layered Open Hoop Earrings,1.4,,100.0,False,False
,Not ranked,0,3pcs Fashionable & Simple Men's Stainless Steel Personality Chain Necklace,3.9,,700.0,False,False
,Not ranked,0,"3 Pairs Exquisite Fashionable Versatile Copper & Zirconia Golden Women Earrings Set, With Multiple Styles Of Studs, Clasps & Drops, Ideal Ladies Jewelry Gift",3.6,,1700.0,False,False
,Not ranked,41,One Female Cute Daisy Flower Shaped Silicone Keychain Creativity Colorful Beaded Silicone Bracelet Bag/Key Hanger Pendant Perfect As A Gift For Friends And Mothers,1.06,,300.0,True,False
,Not ranked,0,"1pc French Retro Irregular Acrylic & Baroque Pearl Necklace For Mother's Day & Summer Boho Style, Creative Ot Clasp, Versatile Collarbone Chain For Women's Daily Wear",2.7,,800.0,False,False
,Not ranked,0,Minimalist Solid Necklace,2.6,,200.0,False,False
,Not ranked,0,Fashionable and Popular Men Vintage Titanium Steel Ring Stainless Steel for Jewelry Gift and for a Stylish Look,1.4,,500.0,False,False
,Not ranked,0,1pair Simple Earrings,1.8,,100.0,False,False
,Not ranked,0,1pc Fashion Stainless Steel Cubic Zirconia Decor Hollow Out Cross Layered Cuff Ring For Women For Decoration Gift,2.0,,6200.0,False,False
,Not ranked,0,1pc Sanrio Kawaii Hello Kitty Bracelet Girls Shiny Bead Bangle For Best Friend Hand Chain Birthday Gift,1.4,,2100.0,False,False
,Men Single Ring,0,1pc Punk Style Silver Metallic Wire Letter Ring,1.7,3,,False,True
,Women Body Chains,0,1pc Minimalist Metallic Wire Detail Bracelet For Women,1.8,1,,False,True
,Not ranked,7,"12pcs Square Fashion Sunglasses For Women, Outdoor Party Style",9.9,,700.0,True,False
,Not ranked,0,1 Psc Summer Minimalist Style Multi-Layer Geometric Ring Accessory Magnet Buckle Leather Bracelet For Women Light Luxury Symmetrical Leather Couples Hand Jewelry Gift,2.3,,2900.0,False,False
,Not ranked,0,"3-7pcs Fashion Beaded Bracelet Set, Virgin Mary Beaded Multi Layered Pearl Bracelet Set, Personalized Cross Copper Beaded Bracelet Women's Bracelet, Bohemian Style Pearl Copper Beaded Multi Layered Beaded Bracelet Set, Valentine's Day Gifts, Festival Gifts, Anniversary Gifts, Daily Wearing, Attending Events, Exquisite Gifts For Women",3.0,,300.0,False,False
,Not ranked,0,"Halloween Ghost Face Pumpkin Black Cat Pendant Earrings For Women, Vintage Double-Sided Wooden Ear Jewelry, Halloween Party Gift",1.5,,80.0,False,False
,Customized Fashion Jewelry,0,"Customized Daily Name Necklace, Personalized Name Necklace, Birthday Gift For Her",5.8,4,,False,True
,Not ranked,0,2/4/6/12pcs- Hangover Bag Gift Bag Bachelorette Party Decoration Bachelorette Party Gift Bachelorette Bride Shower Bag With Drawstring Party Wedding Gift Bachelor Party (Cross),2.0,,300.0,False,False
,Not ranked,5,Strawberry Print Bow Decor Hair Clip Cute,1.8,,2600.0,True,False
,Not ranked,0,"16pcs Stainless Steel Golden Yellow Ring With Adjustable Opening And Color Decoration, Suitable For Daily Decoration Or Gift Giving, The Pattern And Color Will Be Shipped Randomly",6.0,,1500.0,False,False
,Not ranked,51,DAZY Minimalist Hoop Earrings,0.69,,300.0,True,False
,Not ranked,0,"1 Pc Green Aventurine Bead Bracelet, Adjustable , Minimalist Bracelet, Natural Stone Bracelet, Dainty Bracelet, Gemstone",2.6,,2300.0,False,False
,Not ranked,0,1pair Glamorous Rhinestone Decor Drop Earrings For Women For Party,1.9,,1200.0,False,False
,Not ranked,0,1pc Luxury S925 Sterling Silver Charm Ice Flower Rectangular Ring For Women For Proposal Engagement Party Wedding Bridal Jewelry,15.6,,400.0,False,False
,Not ranked,6,"12pcs/set Multicolor Yarn Starter Kit For Crocheting Beginners, 160g Crochet Thread Craft Supplies",4.9,,300.0,True,False
,Not ranked,8,12pcs Women Simple Hair Clip Casual,2.4,,200.0,True,False
,Women Chain Necklaces,0,"1pc Silver/Gold Colored Glass Necklace, Clavicle Chain Sexy Party & Year-End Meeting & Date Fashion Accessory, Valentine\ Day Gift.",1.7,4,,False,True
,Not ranked,6,2pcs Gingham Pattern Bow Decor Alligator Hair Clip Cute,1.7,,4000.0,True,False
,Not ranked,6,Random 10/20/50PCS Shoe Charms Cartoon PVC Shoe Decoration For Clog Shoe Buckle Gift Sandal Shoe Accessories,1.7,,100.0,True,False
,Not ranked,0,6pcs/set Hip-hop Punk Style Golden Bamboo Joint Circle Earrings For Women Street Dance Jewelry,2.3,,6400.0,False,False
,Women Layered Necklaces,0,1pc Minimalist Metal Coin & Portrait Decor Bold Multilayer Chunky Chain Necklace With Exaggerated Design And Elegant Style,1.7,9,,False,True
,Not ranked,20,1pc Exquisite & Fashionable Minimalist European Style Textured Wide Cuff Bracelet,1.68,,1000.0,True,False
,Fine Necklaces,0,"One Women 925 Sterling Silver Double-Layered Star & Moon Pendant Necklace, Exquisite Chain Elegant Fashion Jewelry Gift",8.7,8,,False,True
,Not ranked,0,"12 Pairs/set Vintage Style Antique Silver Geometric Hollow Out Drop Earrings, Combination Of Different Styles For Women, Suitable For Daily Life, Work, Street Snap And Retro Dressing, Four Seasons Wearable",3.9,,800.0,False,False
,Not ranked,42,Planet & Spaceman Mismatched Drop Earrings,0.87,,600.0,True,False
,Not ranked,0,4pcs/set Disc Charm OT Buckle Bracelet,1.6,,10000.0,False,False
,Not ranked,0,"1 Set Of 2024 Fashionable And Popular New Pearl Earrings, Bracelet And Necklace Set, Bohemian Style, Simple And Fresh Jewelry With Mother's Day Gift For Ladies To Wear In Daily Life, Parties And Banquets.",2.3,,1800.0,False,False
,Not ranked,0,BRASS TONE FINISH FOR WALL OR DESK DISPLAY/MEDALLA DE SAN BENITO EXTRA GRANDE 5 PULGADAS,6.0,,200.0,False,False
,Party Hats,0,"Bride White Pearl Embellished Baseball Cap Sun Hat, Perfect For Wedding Decoration/bride To Be Bachelorette Party/bridal Shower/honeymoon Trip/wife Gift",5.6,6,,False,True
,Women Ear Wraps,12,"1pair Vintage Dandelion Design Fashionable Simple Earrings For Women, Wedding/Engagement/Anniversary Gift",1.32,1,,True,True
,Not ranked,26,DAZY Butterfly Shape Hair Claw Street,1.33,,500.0,True,False
,Not ranked,0,"1 Pair Of Fashionable Alphabet Shaped Hoop Earrings With Hollow-Out Design, Glossy Metallic Hoop Earring For Women To Wear On Daily, Party And Holidays",1.7,,1600.0,False,False
,Not ranked,48,"1pc Women's Ultra-Light & Oversized Frame Fashion Glasses, Versatile Street Style Sunglasses With Unique Silver Hinge Design, Suitable For Driving, Daily Life And Outdoor Travel Accessories, Uv Protection Shades Beach Accessories",1.35,,600.0,True,False
,Fine Wedding & Engagement,0,"1pair Fashionable S925 Sterling Silver Ear Studs With Natural Freshwater Pearl, Perfect For Women Daily Wear And Occasions Such As Wedding And Party Holiday",4.9,1,,False,True
,Not ranked,0,1pc Gold Women Fashionable Chain Design Stainless Steel Apple Watch Band Apple Watch Strap Band Apple Watch Band Apple Watch Strap Strap Band Compatible With Apple Watch Band Apple Watch Strap Band Apple Watch Band Apple Watch Strap Strap SE/Ultra/9/8/7/6/5/4/3/2/1 Compatible With 38/40/41/42/44/45/49mm,5.2,,1500.0,False,False
,Not ranked,0,1pair Geometric Pattern Round Drop Earrings,1.5,,2800.0,False,False
,Not ranked,5,DAZY Butterfly Design Hair Claw Elegant,1.8,,400.0,True,False
,Not ranked,22,"24pcs Simple Imitation Faux Pearl, Metallic Element, Geometric & Twisted Design Wide Hoop Earrings Set For Women, Suitable For Vacation, Date, Gift Or Daily Wear",2.18,,1700.0,True,False
,Not ranked,0,Men Roman Numeral Decor Ring Silver Stainless Steel Fashionable Popular Jewelry Gift Party,1.2,,10.0,False,False
,Not ranked,15,"2pcs Women's Jelly Patent Large Claws Hair Clips In Pink, Beige Colors. Fashionable, Versatile, Elegant And High-End Hair Accessories. Suitable For Daily Use, Outdoor Activities, Showering, Face Washing, Hairstyling, Makeup And Clothes Matching. Casual",2.04,,3200.0,True,False
,Not ranked,0,2 Pcs/Set New Trendy Stainless Steel Initial Pendant Bead Chain Necklace Set For Women,2.9,,300.0,False,False
,Not ranked,8,1pc Minimalist Solid Baseball Cap Casual,4.8,,2700.0,True,False
,Not ranked,0,"1pc Fashionable Minimalist & Punk Style Multi-Element Metal Geometric Cuff Bracelet, Women's Bold Gold & Silver Open Cuff Bracelet, Daily Wear Decorative Charm Jewelry Gift",2.2,,200.0,False,False
,Women Beaded Necklaces,0,1pc Fashion ABS Faux Pearl Starfish Shell Charm Necklace For Women For Decoration Gift Party,3.4,1,,False,True
,Not ranked,20,Chain Decor Layered Bracelet,1.84,,1900.0,True,False
,Not ranked,0,Beaded Round Decor Drop Earrings,1.9,,100.0,False,False
,Not ranked,5,"1PC Baseball Charm Keychain, Bag Pendant Bag Charm Key Chain,Sport,Bag Purse Charm Casual",1.9,,1300.0,True,False
,Not ranked,0,1pc Red And Blue New Independence Day Silicone Watch Band For 38/40/41/42/44/45/49mm Apple Watch Series Ultra/SE/8/7/6/5/4/3/2/1,2.7,,,False,False
,Not ranked,0,1pc Fashionable Gold Small Cross Pendant Necklace Suitable For Women's Daily Wear,2.7,,3900.0,False,False
,Not ranked,0,Fashionable and Popular Men Glow In The Dark Stone Charm Necklace Copper for Jewelry Gift and for a Stylish Look,3.0,,100.0,False,False
,Not ranked,0,"1pair Unique Exaggerated Colorful Flower Earrings, Jinshan Flower Earrings",2.0,,1200.0,False,False
,Not ranked,11,"2 PCS Large Double Hair Ribbons Elegant Hair Bows For Women,Hair Ribbons,Bow Hair Clips,Bow Clips,Hair Ribbon Bow Clip,Hair Ribbons For Women,Large Hair Barrettes For Women",1.6,,500.0,True,False
,Not ranked,6,Elegant Metal Frame Black Shades Fashion Glasses,3.2,,5700.0,True,False
,Not ranked,0,"1pc Women's Vintage Quartz Watch With Elastic Strap, Fashionable Barrel Shape Design, Simple & Elegant",2.8,,900.0,False,False
,Not ranked,5,1 Pcs Hair Bows For Women Big Bow Hair Clips For Girls Silky Satin Large Hair Ribbons Oversized Long Tail Hair Bows Hair Barrettes Hair Accessories Gifts,1.8,,1700.0,True,False
,Not ranked,8,Flower & Bead Decor Rope Belt Boho,2.3,,300.0,True,False
,Women Layered Necklaces,1,1pc Personalized European And American Cross Pendant Multi-Layer Adjustable Women Necklace Gift Party,1.88,4,,True,True
,Not ranked,0,Xiacheng 4-9 Pairs Rattan/ Leopard Pattern Handmade Dangle Earrings Bohemian Vacation Style Holiday Ornaments,5.6,,300.0,False,False
,Not ranked,0,8pcs Minimalist Ear Cuff Copper Jewelry,1.5,,500.0,False,False
,Not ranked,8,"1pc Wedding Hair Accessories, Bridal Hair Accessories For Wedding Hair Piece, Wedding Hair Piece For Brides, Bridal Headpiece, Bride Hair Accessories Wedding, Bridal Hair Comb,Bridesmaid Hair Clip Pins Royal Tiaras",3.7,,400.0,True,False
,Not ranked,20,108pairs Rhinestone Decor Stud Earrings,2.96,,1000.0,True,False
,Not ranked,0,"1pc Metallic Simple Style Exaggerated Bangle, Trendy, Chic, Great For Dating Gift",2.1,,4200.0,False,False
,Not ranked,26,"1pc 18K Gold Plated Women's Wide Cuff Bracelet, Stainless Steel Stretchable Bangle, A Gift For Mom",1.77,,500.0,True,False
,Not ranked,42,"40pcs Flower Hair Rings Braids Decoration, Metal Pendant Hair Accessories For Y2k Festival Party, Punk Style And Girls Street",0.87,,1000.0,True,False
,Not ranked,7,"1pc 90cm Paisley Bandana Scarf For Daily Wear, Headband, Waistband, Silk Scarf Bandana,Hair Band,Head Band Ideal For Dressing Up Your Look",2.8,,1600.0,True,False
,Not ranked,7,"1pc Unisex Large Red Cherry Embroidery Patch Mesh Ponytail Cap, Adjustable Outdoor Casual Baseball Cap",4.0,,1500.0,True,False
,Not ranked,20,6pairs Exaggerated Fashion Faux Pearl & Rhinestone C-Shaped Hoop Earrings Set,1.68,,5100.0,True,False
,Not ranked,13,Men Minimalist Chain Necklace Stainless Steel Jewelry Gift For Men Fashionable,4.2,,70.0,True,False
,Not ranked,11,5pcs Solid Telephone Wire Hair Tie Casual,1.7,,400.0,True,False
,Not ranked,0,12pairs New Arrival Black Earrings Set Including Circluar Faux Pearl Stud Earrings,3.4,,1600.0,False,False
,Gift Wrap Bags,0,"1pc, Large PVC Gift Bag With Ribbon, Cute Daisy Pattern Handled Gift Wrapping Bag For Wedding Gift, Sale, Small Business Supplies, Shopping Bag, Party Bag, Wedding Birthday Party Gift Bag, Craft Tote Bag, Party Favors, Birthday Decor",2.4,7,,False,True
,Not ranked,0,"1pc Acrylic Necklace Hanger With 12 Diamond Shaped Hooks For Wall-Mounted Jewelry Storage, A Gift For Girls And Ladies",2.2,,2300.0,False,False
,Not ranked,22,Anti-Blue Light Women's Vintage Square Irregular Cat Eye Eyeglasses With Printed Plain Lenses Clear Glasses Accessories,3.43,,1800.0,True,False
,Not ranked,0,2pcs Faux Pearl Decor Brooch,1.2,,40.0,False,False
,Not ranked,7,Womens Sun Straw Hat Wide Brim UPF 50 Summer Hat Foldable Roll Up Floppy Beach Hats For Women,6.2,,,True,False
,Not ranked,54,"1400pcs Round Letter Beads for Jewelry Making,31 Style White A-Z Alphabet Acrylic Beads Kits Heart Beads for Bracelets Making (4 * 7mm)",3.25,,2900.0,True,False
,Not ranked,20,Cubic Zirconia Decor Stud Earrings,1.52,,100.0,True,False
,Casual Hair Bands,9,6pcs Sports Yoga Headband Casual,2.09,3,,True,True
,Fine Chain Bracelets,0,"1pc Stylish S925 Sterling Silver Simple And Aesthetic Style Clover Shaped Bracelet, Perfect For Daily Wear And Party Wear",5.9,2,,False,True
,Silver Women Waist Accessories,7,"4Pcs Invisible Adjustable Waist Trimmer & Button Fixer, Slimming Clothes Accessories",2.8,1,,True,True
,Not ranked,7,"10pcs/20pcs/30pcs White Foldable Paper Fans, Handheld Bamboo Paper Folding Fans, For Wedding Favors, Parties, Home Decor, Travel Souvenirs, DIY Portable Chinese Style Fans, Wedding Reception Gifts, Birthday Party Decoration, Painted Fans For Christmas Valentine's Day New Year's Gifts, Home Room Decoration",9.9,,100.0,True,False
,Not ranked,11,18x20mm 10pcs Chunky Round Mix Colorful Color Stock Resin Rhinestone Ball Beads For Kids Bubblegum Necklace Jewelry,3.3,,700.0,True,False
,Not ranked,0,3pcs/Set Natural Shell And Wood Beaded Elastic Bracelets For Beach Vacation,2.4,,2700.0,False,False
,Not ranked,8,2pcs Wing Decor Hair Clip For Everyday Styling Suitable For Campus Dating Vacation Daily Travel Cute,1.1,,100.0,True,False
,Not ranked,20,Faux Pearl & Butterfly Decor Headband Elegant Tiaras,1.6,,300.0,True,False
,Not ranked,14,"3pcs/set European And American Fashionable Titanium Steel Open Bangle For Women, Simple Minimalist Everyday Accessory",2.84,,1100.0,True,False
,Not ranked,34,"1pc Cute Mini Baking Tool Keychain Set, Unisex Kitchen Utensil Charm For Backpack, Wallet, Handbag, Car Keyring Street",0.86,,600.0,True,False
,Not ranked,0,Fashionable and Popular Men Horse Charm Bracelet Punk Hip Pop Style Alloy Material for Jewelry Gift and for a Stylish Look,1.6,,50.0,False,False
,Not ranked,71,1pc Candy Color Pleated Turban Cap Head Wrap Trendy Elastic Hijab Hat Beanie Chemo Hats Bonnet Hair Bonnet Turban,0.53,,700.0,True,False
,Not ranked,0,Cartoon Graphic Round Stud Earrings,1.4,,400.0,False,False
,Not ranked,0,Heart Charm Necklace & Bracelet,2.1,,,False,False
,Not ranked,0,2pcs Color Block Beaded Bracelet,1.6,,500.0,False,False
,Not ranked,0,3pcs Stone Decor Ring,1.7,,300.0,False,False
,Not ranked,0,"1pc Stainless Steel Men's Necklace, Simple Fitness Style, Square Serpentine Chain, Unisex Basic Thin Silver Collarbone Chain",2.1,,1200.0,False,False
,Not ranked,49,Faux Leather Halloween Costume Eye Shield,2.5,,60.0,True,False
,Not ranked,11,"1pc Athletic Sweat-Absorbent Headband For Running, Fitness, Workout Casual",1.7,,2800.0,True,False
,Not ranked,0,Sun Detail Ring,1.3,,8700.0,False,False
,Not ranked,5,4pcs Minimalist Style Stacking Rings 14k Gold Plated Paved Shining Zirconia Engagement / Wedding Ring Evening Party Decor Luxury Jewelry,2.0,,1800.0,True,False
,Not ranked,0,2pcs Fashionable Minimalist Geometric Teardrop Earrings,1.7,,9100.0,False,False
,Women String Bracelets,0,"2pcs Color-block Braided Bracelet, Best Friends Gift",3.1,6,,False,True
,Not ranked,6,"1pc Crystal Cartoon Keychain, Cute And Healing, Best Gift For Friends And Children",3.1,,200.0,True,False
,Not ranked,70,1pc Guitar & Star Shaped Fashionable Keychain Bag Pendant Bag Accessories Gift Gift Accessories Decor For Teen Girls Women College Students Rookies & White-Collar Workers Present Key Chain Charms Keyrings School Supplies Teacher Gifts Back To School Teacher Accessories,0.75,,1900.0,True,False
,Not ranked,49,"1pc Women's European And American Style Square Frame, Wide Leg, Unisex Flat Glasses, Fashionable Retro Street Shooting Sunglasses Shades Beach Accessories",2.05,,1100.0,True,False
,Not ranked,42,Round Pendant Necklace,0.87,,1300.0,True,False
,Not ranked,0,"1set Personalized & Niche Layered Metal Chain Necklace Set, Sweet & Cool Snake Skin Pattern Geometric Pendant Necklace",2.5,,900.0,False,False
,Not ranked,0,1 Piece Of New Disney Series Animation Peripheral Winnie The Pooh Cute Piglet And Tigger Winnie The Pooh Oil Dripping Small Animal Bracelet,2.9,,500.0,False,False
,Not ranked,10,"2pcs/Pack Country Style Black Metal Wheat & Harvest Napkin Ring Suitable For Home, Kitchen, Restaurant, Event, Festival, Wedding, Party, Hotel, Cottage, Family Gathering Table Decoration",1.8,,50.0,True,False
,Not ranked,0,DAZY Faux Pearl Decor Necklace,1.6,,200.0,False,False
,Not ranked,40,1pc Mesh Hat Baseball Caps Quick Dry Curved Brim Unisex Vintage Washed Distressed Hats Adjustable Low Profile Unstructured Trucker Cap Dad-Hat Solid Color Hip-Hop Cap For Men Women For Outdoor Trave Gifts,2.52,,600.0,True,False
,Not ranked,14,"1pc Unisex Fun & Cute Transparent Strawberry Shaped Keychain, Simple Sweet Key Ring For Bags",1.9,,700.0,True,False
,Women Watches,0,"Vintage Roman Scale Elastic Band Ladies Quartz Wrist Watch, Fashion Casual",3.3,4,,False,True
,Not ranked,0,2pcs Faux Pearl Decor Round Charm Necklace,1.5,,700.0,False,False
,Not ranked,79,1pc Flower Detail Earrings Copper Jewelry,0.27,,1800.0,True,False
,Not ranked,6,"1pc Beach Style Woven Rattan Stretch Belt With Round Buckle, Holeless Elastic Waistband, Adjustable Width For Vacation",2.9,,700.0,True,False
,Not ranked,10,"6pcs/Pack White Faux Crystal Flower Hair Clips For Girls' Hair Accessories, Including Side Hair Clips, Bangs Clips, Princess Headbands, Braids Clips, Etc. Boho",1.8,,1500.0,True,False
,Not ranked,7,3pcs Women Metal Square Buckle Casual Belt For Daily Life,5.1,,500.0,True,False
,Not ranked,0,1pc Exaggerated Minimalist Style Colorful Irregular Resin Bangle,2.9,,800.0,False,False
,Not ranked,0,Faux Pearl Decor Layered Leg Chain,2.0,,60.0,False,False
,Not ranked,7,"Bow Decor Hair Tie For Women Girls, Seamless Thick Black Hair Band, Elastic Hair Ties No Damage Ponytail Holder Cute",1.4,,100.0,True,False
,Not ranked,0,"Small Vintage Pocket Watch, Antique Brass Dreamy Key Quartz Pocket Watch, Retro Thin Chain Quartz Pocket Watch",2.8,,80.0,False,False
,Not ranked,0,1pair Resin Geometric Pendant Earrings For Women Fashion Accessory,2.9,,2400.0,False,False
,Not ranked,0,1pc European & American Style Exaggerated Geometric Irregular Multi-Layer Necklace,4.3,,2700.0,False,False
,Hanging Jewelry Organizers,19,"1 Piece, Hanging Jewelry Organizer Storage Roll With Hanger Metal Hooks Double-Sided Jewelry Holder For Earrings, Necklaces, Rings On Closet, Wall, Door, 1 Piece, Medium, Black",10.25,8,,True,True
,Not ranked,0,Women Watch Round Pointer Quartz Watch,2.4,,80.0,False,False
,Not ranked,4,1pc Thin Geo Buckle Skinny Belt,2.5,,1300.0,True,False
,Not ranked,20,1pc Coffee Bean Shaped Pendant Necklace With Stainless Gold Plating,2.56,,5300.0,True,False
,Not ranked,21,1pair Geometric Hollow Out Graphic European & American Style Vintage Statement Stud Earrings,1.27,,1600.0,True,False
,Not ranked,7,1pc Y2k Style Metallic Square Frame Sunglasses With Double Beam And Sun Protection Shades Beach Accessories,3.9,,4800.0,True,False
,Not ranked,8,DAZY 1pc Women Minimalist Solid Hair Claw For Daily Life Casual,1.2,,100.0,True,False
,Not ranked,5,"20/10/5/1pc 63in * 39in, Outdoor Wedding Chair Back Decoration,White Wedding Arch Decoration, Fabric, Tulle White Fabric For Wedding Ceremonies, Swings, And Background Decoration, Birthday Party Decor, Stage, Swing, Tent, Wedding Table And Chair Decoration",2.0,,300.0,True,False
,Not ranked,0,"1pair Creative Cartoon Orange & Kiwi Fruit Pendant Earrings, Personality Design Suitable For Women And Girls, Perfect For Daily Wear, Date, And Festival Gifts",1.2,,3500.0,False,False
,Men Glasses & Eyewear Accessories,10,"1pc Fashionable Black Unisex Oversized Y2K Personality Sunglasses For Driving, Sports And Beach In Summer Casual Shades Accessories",1.71,3,,True,True
,Not ranked,0,Heart Design Hoop Earrings,1.7,,300.0,False,False
,Not ranked,28,European And American Bride Crown Cross-Border Colorful Rhinestone Headband Baroque Alloy Crown Wedding Dress Accessories Hair Accessories,2.95,,1000.0,True,False
,Not ranked,0,2pcs Couple Game Console Charm Bracelet,2.0,,200.0,False,False
,Not ranked,0,"1pair Metallic Edged Crystal & Clear Glass Women Earrings, Shiny & Luxurious Ear Hook Earrings, Suitable For Daily Wear, Parties, And Gifts",2.6,,2900.0,False,False
,Men Ring Sets,0,5pcs/Set Stylish Stainless Steel Roman Letter Mesh Frosted Swivel Ring Twisted Decorative Gold Men's Ring Set Suitable For Everyday Matching Use Festive Jewellery,3.7,7,,False,True
,Women Chokers,20,Minimalist Chain Necklace,1.28,3,,True,True
,Not ranked,0,5pcs/set Minimalist Nose Ring With Ball Screw Clamp Jewelry Tool Stainless Steel Fashion Punk Perfect Piercing For Women & Men Body Jewelry Gift,6.0,,500.0,False,False
,Not ranked,50,1pc Plain Napkin Ring,0.95,,70.0,True,False
,Not ranked,20,Elegant 1pc Women's Polygon Gradient Color Rimless Sunglasses,2.64,,3600.0,True,False
,Not ranked,0,"Hot-Selling Simplicity Silicon Nurse Watch For Women Quartz Wristwatch, Manufacturer Wholesale, , Suitable For Beautiful Nurses And Students.",2.2,,100.0,False,False
,Headbands,59,Solid Hair Band Casual,0.83,10,,True,True
,Not ranked,0,"10pcs/pack 12mm Baby Supplies Silicone Letter Beads White With Black Letters, Diy Pacifier Chain Teethers",2.3,,100.0,False,False
,Not ranked,0,1PC Dainty Mini Bow Ribbon Pendant Necklace For Women Girls Minimalist Bow & Beaded Snake Chain Stackable Necklace Stainless Steel Adjustable Chain Fashion Jewelry Accessories(Sold Separately),1.7,,300.0,False,False
,Not ranked,8,"1pc Unisex Printed Sponge Mesh Cap, Adjustable Size Trucker Cap, Baseball Cap, Sun Hat For Daily Use, Traveling, Hiking, Climbing, Beach, Vacation",3.3,,100.0,True,False
,Not ranked,8,1pc Chic Plush Orchid Pearl Flower Design Shark Hairclip For Autumn And Winter Boho,2.3,,900.0,True,False
,Not ranked,0,Minimalist Threaded Earrings,1.7,,700.0,False,False
,Not ranked,0,Faux Pearl Decor Ring,1.3,,7500.0,False,False
,Not ranked,49,Stainless Steel Birth Month Flower Necklace For Women Snowdrop Daisy Rose Pendant Neck Chains Jewelry Gifts,0.87,,1400.0,True,False
,Bracelet Making Kits,0,"5/10PCS Randomly Italian Charms Bracelet Sets, Assorted Charms And Opening Tools,9mm Modular Charm Bracelet Link Handmade DIY Jewelry Gifts",1.6,9,,False,True
,Not ranked,6,1pc Cute Smiling Face Dopamine Molecule Hair Clip,2.9,,200.0,True,False
,Not ranked,0,"1pc Bracelet, Korean Style Micro-Inlaid Cubic Zirconia Fashionable & Elegant Double H-Shaped Bangle Bracelet With Clasp, Great Gift For Best Friends",5.2,,500.0,False,False
,Not ranked,0,1pair Boho Style Multicolor Statement Layered Tassels Earrings Orange Green Black Pink Earrings For Daily Vacation Festival Party Gift,1.7,,800.0,False,False
,Not ranked,0,Disc Charm Earrings,1.7,,400.0,False,False
,Wedding Decoration,53,"1 Pack, Vintage Married Banner, Paper Flag, Photo Booth Background Props Sign Garland Banner For Lovers Adults, Indoor Outdoor Scene Decor, Home Room Wall Decor, Wedding Summer Beach Party Supplies",0.95,3,,True,True
,Not ranked,44,Ladies' Fashion Steel Strap Simple Small Dial Quartz Wristwatch With Numeric Scale + Heart Shaped Jewelry Set (6pcs/Set),1.75,,40.0,True,False
,Not ranked,8,"1pc Bride Bridal Veil With Beadwork, European And American Style, Perfect For Wedding Or Bachelorette Party",3.7,,100.0,True,False
,Not ranked,0,New Arrival Tassel Long Simple European And American Exaggerated Necklace,2.4,,900.0,False,False
,Not ranked,0,Cartoon Panda Decor Drop Earrings,1.8,,300.0,False,False
,Not ranked,0,Rhinestone Rectangle Drop Earrings,2.0,,3400.0,False,False
,Party Hats,1,"1pc Straw Hat Travel Vacation Beach Party Wide Brim Sun Hat For Women, Foldable And Versatile",6.34,2,,True,True
,Bag Accessories,10,1pc Rhinestone Decor Bling Glitter Wrist Strap With Keyring Wristlet Keychain For Clutch And Key Holder Key Chain Charms Key Lanyard,3.5,9,,True,True
,Not ranked,20,6pcs Solid Wide Headband,3.6,,2300.0,True,False
,Customized Fine Rings,0,1pc S925 Sterling Silver Custom Birthstone & Custom Name Love Heart Cubic Zirconia Customized Ring For Women Fine Ladies Jewelery Gift Anniversary Gift,16.5,5,,False,True
,Not ranked,6,"1pc Gold Stainless Steel Bracelet Plated With , Featuring Cubic Zirconia Geometric Shapes, French Minimalist Style, Fashionable Vintage All-Match Accessory, Perfect For Gift, Suitable For Women, Couples, Daily Wear, Street Style, Parties And Festivals.",3.2,,,True,False
,Not ranked,0,1pc Vintage Promise Ring Inlaid Waterish Zirconia Engagement Wedding Ring For Brides Evening Party Decor Gift For Your Love,2.5,,3300.0,False,False
,Not ranked,0,Rhinestone Eye Drop Earrings,2.0,,300.0,False,False
,Not ranked,0,"50pcs/pack 8mm Glass Pentagram Beads With Middle Hole, Electroplated Loose Spacer Beads For Diy Necklace, Bracelet, Earring, Etc.",1.7,,400.0,False,False
,Not ranked,0,Fashionable and Popular 3pcs Men Roman Numeral Detail Ring Stainless Steel for Jewelry Gift and for a Stylish Look,2.4,,,False,False
,Not ranked,7,Street Starfish & Shell Charm Keychain,1.3,,2500.0,True,False
,Not ranked,0,"1pc Fashionable Minimalist Heart Pendant Necklace For Women, Perfect For Daily Wear And Festive Gifts",1.3,,3200.0,False,False
,Not ranked,7,1pc Elegant Women Tea Party Fascinator Teardrop Hat Elastic Mesh Headwear Derby Pillbox Hat Feather Kentucky Cocktail Wedding Girl Gift,6.3,,200.0,True,False
,Jewelry Making,0,10pcs Japanese Anime Cute Kitty Resin Cartoon Hair Accessories DIY Jewelry Making Pendant,1.5,7,,False,True
,Not ranked,8,Elegant 1pair Aviator Frame Fashion Glasses,3.5,,7500.0,True,False
,Not ranked,0,"1pair Black & White Checkerboard Pattern Simple C Shaped Hoop Earrings, Suitable For Women's Daily Wear",1.6,,4000.0,False,False
,Not ranked,20,1pair French Style Personality Vintage Minimalist Daily Women's Copper Earrings,1.28,,10000.0,True,False
,Not ranked,7,1 Piece Personalized Acrylic Book Hair Claw Clip,2.7,,500.0,True,False
,Not ranked,0,6pcs/set European And American Fashion Trend Spiral Design Ring Set,1.8,,1200.0,False,False
,Not ranked,0,Fashionable and Popular Men Geometric Charm Necklace Stainless Steel for Jewelry Gift and for a Stylish Look,1.4,,20.0,False,False
,Men Baseball Cap,10,"One Unisex Sponge Mesh Cap With Adjustable Size, Truck Driver Cap, Baseball Cap, Sun Hat, Father Cap, Suitable For Daily Use, Outing, Traveling And Hiking",3.23,5,,True,True
,Not ranked,0,"1pc Elegant, Simple, Fashionable, Novel, And Creative Geometric Design Enamel Zinc Alloy Ring With Elastic And Adjustable Band, In Purple And Blue, Suitable For Women's Daily Wear, Parties, Meetings, Birthdays, And As Gifts",2.2,,,False,False
,Not ranked,20,1pc stainless steel fashionable popular minimalist ring jewelry for daily decoration,1.12,,4400.0,True,False
,Not ranked,0,1 Pair Of Elegant & Charming Round Earrings With 0.03Microns Thick 18k Gold Plating On Copper,1.8,,2400.0,False,False
,Not ranked,8,Tortoiseshell Frame Fashion Glasses Boho Sunglasses Beach Sun Glasses,3.5,,300.0,True,False
,Not ranked,42,1pc Metal Mini Cute Dog Animal Brooch For Women Men Hats Brooches Decor Animal Coat Pinss Enamel Pins Bag Lapel Badges Jewelry Gift,0.87,,100.0,True,False
,Not ranked,0,A European and American style Roman numerals black and white shell inlaid with diamonds fashion senior women's stainless steel bracelet suitable for daily wear,2.2,,100.0,False,False
,Not ranked,0,"Metal Band Bracelet Compatible with Apple Watch Series 9 8 SE 7 6 5 4 3 2 1 Ultra 2 1, Apple Watch Bands for Women Men, Chain Design Adjustable Bands Compatible With Apple Watch 38mm 40mm 41mm 42mm 44mm 45mm 49mm",5.1,,1000.0,False,False
,Not ranked,20,1pc Women Bead Decor Bohemian Woven Belt For Holiday Boho,2.96,,2200.0,True,False
,Petticoats,7,"New Arrival American Independence Day Tutu Mesh Skirt, Adult Multicolor Fluffy Tulle Skirt",4.1,4,,True,True
,Not ranked,15,1 Piece Stretch Jersey Turban Stretchy Head Wrap Knit Headwraps Urban Hair Scarf Head Wrap Solid Color Ultra Soft Extra Long Breathable Head Band Tie For Women Casual,4.4,,80.0,True,False
,Hair Ties,6,"3pcs Plaid Print Y2K Scrunchies For Daily Hair Styling, Suitable For Travel, Campus And Vacation Elegant",1.6,1,,True,True
,Not ranked,0,"1pair Resin Geometric Pendant Earrings For Women, Trendy Jewelry",2.9,,1900.0,False,False
,Not ranked,0,Diamond Necklaces For Women 14K Gold Plated Emerald Birthstone Necklace For Women Mothers Dainty Gold Necklace Blue Green Cubic Zirconia Pendant Necklace Birthday Gifts For Women Girls Jewelry,3.7,,300.0,False,False
,Not ranked,0,Simple Stainless Steel Strap Quartz Watch,3.4,,20.0,False,False
,Not ranked,18,1pc French Fashionable Elegant Ladies' Pearl Strap 30m Waterproof Oval Quartz Wristwatch For Daily Wear Holiday,8.9,,1700.0,True,False
,Boho Women Sunglasses,28,Vintage Square Sunglasses Men Women Plastic Fashion Classic Design Decorative Outdoor Travel Beach Vacation Uv Protection Eyewear Sunglasses Beach Sun Glasses,1.73,9,,True,True
,Not ranked,6,43pcs Mixed Sunflower Style Hair Coils With Gold Wire Cord Boho,1.7,,2900.0,True,False
,Casual Women Fashion Glasses,6,1pair Women Square Frame Mirror Fashion Glasses Street Shades Beach Accessories,3.1,5,,True,True
,Not ranked,8,"4-Tier Eyeglasses Display Stand, Sunglasses & Glasses Organizer Rack",3.3,,20.0,True,False
,Not ranked,7,Street Sewing Machine Keychain,1.4,,70.0,True,False
,Not ranked,6,Street Letter Charm Keychain,1.6,,400.0,True,False
,Not ranked,0,Trendy Style 2pcs Fashionable Iron Heart & Pearl Decor Anklet For Women Daily Decoration,1.3,,1200.0,False,False
,Not ranked,5,1pc Women Silver Sexy Four-Row Diamond Waist Chain Suitable For Daily Match With Jeans And Dresses,3.5,,1100.0,True,False
,Not ranked,20,1pc women TR round fashion glasses anti blue light for daily use,2.96,,400.0,True,False
,Not ranked,0,6pairs Minimalist Cuff Hoop Earrings,2.4,,2800.0,False,False
,Not ranked,7,"Women's Pink Ombre Western Cowboy Hat Men's Colorful Wide Brim Straw Hat, Summer Outdoor Sun Protection Jazz Cap Beach Hat",12.0,,100.0,True,False
,Not ranked,7,1pair Unisex One-Piece Y2K Fashion Glasses For Outdoor Street,4.1,,2500.0,True,False
,Customized Gift Packaging,11,"1 Piece Of Customized Women's Jewelry Storage Box With Personalized Name, Fashionable And Personalized Leather Jewelry Storage Box,Exquisite And Memorable Holiday Gift For Mom On Mother's Day, Best Friends, And Anniversaries.",5.1,1,,True,True
,Not ranked,0,3pcs Chunky Chain Stacking Necklace Set Women Golden Multilayer Necklace Jewelry Gift,2.8,,1600.0,False,False
,Not ranked,0,"1pc Men Watch Silver Stainless Steel Strap Glamorous Rhinestone Decor Date Round Dial Quartz Watch, For Daily Life Holiday",3.7,,600.0,False,False
,Women Rings,2,15pcs Gemstone & Rhinestone Decor Ring,2.35,9,,True,True
,Not ranked,6,3Pcs American Flag Hair Claw USA Red White Blue Hair Clip Girls Independence Day Hair Accessories Holiday Hair Accessories Party Costume Accessories Supporter Accessories,1.7,,1100.0,True,False
,Not ranked,0,7pcs Y2K Crystal Bow Angel Wings Heart Pendant Necklace For Women Sweet Cool Girl Clavicle Chain Trendy Aesthetic Jewelry Accessories Best Friend Gifts,4.9,,200.0,False,False
,Not ranked,0,"1 Pair Of Minimalist Metal Long Tassel Earrings, Designed With Light Luxury, Small-Scale And Unique Ear Studs, New Fashion, Exquisite And Versatile Earrings For Daily Wear By Women",1.8,,900.0,False,False
,Not ranked,0,"2 Pieces Watch Strap + Watch Case Set Sold Together, Anti-Collision And Anti-Scratch Soft Material Tpu Fully Wrapped Apple Watch Case Screen Integrated Protective Case With Chain Metal Adjustable Strap Compatible With Apple Watch Series Ultra 2 1 S9 8 7 6 5 4 3 2 1 Series Smartwatch38Mm40Mm41Mm42Mm44Mm45Mm49Mm Men And Women Party Event Gifts New Products Apple Watch Band Apple Watch Case",5.4,,2500.0,False,False
,Not ranked,7,"Faux Pearl Chain Large Bow Keychain Minimalist Fashion Bag Pendant Car Keychain Personalized Ribbon Bow Tie Pendant Suitable For Women Bag Accessories Gift, Gift, Accessories, Decor For Teen Girls Women College Students,Rookies & White-Collar Workers Car Accessaries Women Key Chain Charms,Bag Pendant Bag Accessories Faux Pearl Keychain Cute Faux Pearl Beaded Bracelet Keychain Vintage Charm For Women And Girls' Purse Bag Backpack Car Charm Ribbon Pearl Pendant Valentine'S Day Macrame Key Chain Charms",1.4,,100.0,True,False
,Not ranked,0,Rhinestone Star & Moon Charm Layered Necklace,2.3,,2100.0,False,False
,Not ranked,0,1pair Rectangle Dried Flower Resin Drop Earrings Suitable For Women's Daily Wear,2.4,,900.0,False,False
,Not ranked,9,"8pcs Women's Hair Claw Set Black White Brown Geometric Shapes, Trendy And Versatile Perfect Hair Claws For Daily Life, Outdoor Activities, Shower, Face Washing, Makeup, Music Festivals, Parties, All Seasons",3.1,,300.0,True,False
,Not ranked,29,18pcs Women Bohemian Style Glass Bead & Seed Bead Stackable Colorful Bracelets,1.77,,1400.0,True,False
,Not ranked,0,1pc Snake Design Ear Cuff,1.1,,800.0,False,False
,Not ranked,50,1pc Men Solid Fashion Tie For Daily Life Casual,1.46,,200.0,True,False
,Not ranked,0,"12pairs/set Vintage Bohemian Geometric Shape Colorful Tassel Earrings Set With Elements & Turquoise Inlay For Women, Suitable For All Seasons, Work, Daily Life, Performance, Street Snap, Personalized Accessories",1.9,,800.0,False,False
,Not ranked,28,"Street A Versatile Stainless Steel Keychain Accessory For Supermarket Cart, Anti-Lost Tag, Keyring Card",1.01,,200.0,True,False
,Not ranked,0,"6pcs/Set Fashionable Minimalist Ccb Material Irregular Round Bead & Geometric Square Beaded Bracelet For Vacation, Travel, Shopping, Photography, Bar, Nightclub, Casual, Daily Outfit Matching & Wearing",2.1,,1000.0,False,False
,Not ranked,0,925 Sterling Silver Initial Letters Necklace 14K Gold Plated 26 A-Z Alphabet Pendant Necklace,7.7,,100.0,False,False
,Not ranked,34,"1 Pair Of Bohehian Wooden Geometric Circle Earrings, Lightweight And Exaggerated, Double-Sided Hollow Design, Beautiful Color Earrings For Women",0.86,,800.0,True,False
,Not ranked,0,"1pc Sweet & Fresh Personality S925 Sterling Silver Flower Necklace With Rhinestone & Hollow Out Floral Pendant For Women, Gift For Everyday Wear & Accessory",9.4,,100.0,False,False
,Not ranked,6,3pcs Solid Headband Casual,1.6,,300.0,True,False
,Not ranked,7,"MLB Baseball Team Authorized Los Angeles Dodgers LA Fashionable Elaborate Embroidery Soft Top Outdoor Sports Sunshade Adjustable Baseball Cap, Suitable For Four Seasons Sun Protection, Men And Women Fashion Style",3.9,,50.0,True,False
,Not ranked,32,"13 Grid Box, Blue And Pink Acrylic Flower Beads, Heart-Shaped Beads, Small Scissors, Thread Can Be Used To Make Bracelets, Necklaces, And Rings",4.02,,800.0,True,False
,Not ranked,20,Fashion Blue Flower Pattern Enamel Copper Earrings For Women Girls Party Banquet Ear Gold Color Sweet Accessories Gift 2019,2.24,,1700.0,True,False
,Not ranked,21,"1PC Aloe And Cactus Ring Holder Dish, Ceramic Plant Jewelry Dish Bracelet Earrings Necklace Organizer Tray, Decorative Succulent Trinket Dish For Wedding, Birthday Gifts, Home Decor",7.26,,80.0,True,False
,Not ranked,8,2pairs Men's Multicolored Wrap-Around Y2k Sunglasses Suitable For Outdoor Cycling Street Shades Accessories,3.4,,2100.0,True,False
,Not ranked,0,1pc Exquisite Cross Pendant Necklace Inlaid With Rhinestone,1.5,,10000.0,False,False
,Vintage Sunglasses,9,1pair Vintage Plastic Frame Geometric Eyeglasses Shades With Changeable Legs For Outdoor Travel Fashionable Decorative Sunglasses Shades Beach Accessories,3.2,2,,True,True
,Not ranked,7,1pc Women Tape Decor Boho Straw Hat For Vacation Casual,7.9,,2800.0,True,False
,Not ranked,0,"1pair Brand New Design Concept Medium-Sized Exaggerated Water Drop Shaped Earrings In Gold, Women's Daily Wear Decoration",1.5,,3600.0,False,False
,Men Quartz Watches,0,1pc Fashionable Business Calendar Men's Quartz Wristwatch With Stainless Steel Strap,3.0,7,,False,True
,Not ranked,9,Letter Decor Belt With Punch Tool,3.0,,500.0,True,False
,Not ranked,0,1pc Simple & Fashionable Silver Twisted Chain Bracelet Suitable For Daily & Dating Wear Gift Jewelry (One Size=20cm),1.3,,500.0,False,False
,Not ranked,0,Simple Fashion Glasses,5.3,,,False,False
,Not ranked,5,1pc Unisex Square Shaped Anti-Blue Light Glasses With Nail Decoration Clear Glasses Accessories,1.9,,1200.0,True,False
,Not ranked,8,1pc Delicate Simple 18k Gold Plated Cross Pendant Stainless Steel Necklace With Micro-inlaid Cz Stone,2.2,,2800.0,True,False
,Women Tooth Jewelry,0,"1Set Tooth Gemstone Kit Holiday Party Decoration Make Up Accessories For Women With UV Light,Glue For Mother's Day Valentine's Day 100Pcs Sparkly Clear & AB Crystals",3.5,2,,False,True
,Not ranked,82,Street Dollar Sign Pendant Keychain,0.22,,2600.0,True,False
,Not ranked,0,Flower Design Earrings,3.3,,2400.0,False,False
,Not ranked,7,"1pc Minimalist Elegant Silky Lightweight For Outdoor Solid Bandana Bandana,Hair Band,Head Band Ideal For Dressing Up Your Look",2.7,,5100.0,True,False
,Not ranked,0,"1pair Earrings & 1pc Pendant Necklace, Fashionable Personalized Statement Jewelry Set For Women/girls, Ideal Gift For Holidays/vacations",3.1,,4800.0,False,False
,Not ranked,44,"1pc Dainty Thin Gold Color Herringbone Necklace, Simple Stainless Steel Chain Necklaces for Women Trendy",0.96,,1300.0,True,False
,Not ranked,0,"1pair Women's Teacher's Day Drawing Book Style Student Earrings, Guitar Cat Design Earring, Gift For Teachers And Students",1.5,,2000.0,False,False
,Not ranked,7,Minimalist Wide Brim Straw Hat Boho,6.3,,1900.0,True,False
,Not ranked,12,Fashion Plush Fox Tail Keychain Plush Fox Tail Pendant Car Keychain Cute Fluffy Tassel Pompom Key Chains Charm Bag Keyring Holder Gifts Accessories For Women Men (Please Note That Due To Different Production Batches Slight Color Differences Are Allowed) Therian Tail Plush Keychain,5.8,,100.0,True,False
,Not ranked,0,Plain Silicone Watchband Compatible With Huawei Watch Fit,2.1,,60.0,False,False
,Women Ear Cuffs,0,2 Pcs Golden Silver Color Metal Cuff Earrings Set for Women,1.5,10,,False,True
,Not ranked,31,DAZY Fashionable Simple Basic Stud Earrings Suitable For Daily Outfits,0.96,,500.0,True,False
,Not ranked,44,1pc Cartoon Star Shaped Fashionable Keychain Bag Pendant Valentines Car Accessaries Women Key Chain Charms Cute Keychain,0.96,,400.0,True,False
,Not ranked,20,"European And American Style Multi-Color Rhinestone Water Drop Shape Big Hoop Earrings, Unisex, Vacation Fashion Accessory, Handmade Round Beaded Ear Stud Hoop",2.0,,2800.0,True,False
,Not ranked,0,1PC Banquet Fashion Retro Personalized Dragonfly Ring For Women'S Dating Party Princess Bride Wedding Engagement Jewelry Accessories Decoration Valentine'S Day Gift,2.1,,3400.0,False,False
,Not ranked,0,DAZY Letter Detail Geometric Layered Pendant Necklace,1.9,,60.0,False,False
,Not ranked,0,"1pc European & American Retro Cross Pendant Necklace, 14K Gold Plated, High Color Retention, Unisex Couple Chain Necklace, Holiday Gift",9.2,,10.0,False,False
,Not ranked,0,"Set Of 10 Pieces Vintage Minimalist Multi-Element Geometric Hollow Out Open Rings For Women, Ideal For Daily Wear And Party Decoration Jewelry Set",2.3,,4200.0,False,False
,Not ranked,20,4pcs/set Retro Stylish Multilayer Wooden Beaded Men's Bracelet,1.44,,4300.0,True,False
,Square Women Fashion Glasses,7,1pc Metal Y2k Style Futuristic Square Double Beam Unisex Trendy Personality Sun-Shading Sunglasses Elegant Shades Beach Accessories,4.3,10,,True,True
,Not ranked,12,Hammered Metal Big Hoop Earrings Jewelry Gifts,1.32,,1000.0,True,False
,Not ranked,0,"1set/3pcs Simple & Stylish Conch Shell Pendant Necklace & Exaggerated Conch Shell Stud Earrings Set For Women, Ocean Style",4.6,,5500.0,False,False
,Not ranked,25,"3pcs Simple And Personalized Thin Headbands, Refreshing And Narrow Hair Hoop, Elastic Hair Accessories",1.28,,400.0,True,False
,Not ranked,7,2pcs Rhinestone & Faux Pearl Decor Bridal Thigh Belt Garter,3.8,,100.0,True,False
,Not ranked,0,Heart Pendant Necklace,1.3,,600.0,False,False
,Not ranked,8,Women Paisley Print Fringe Trim Fashion Multifunction Hat For Daily Decoration Bonnet Hair Bonnet Turban,2.4,,500.0,True,False
,Not ranked,8,"1pc 118 Inches White Transparent Mesh Tablecloth, Wedding Decor Tablecloth For Banquet Reception Centerpiece, Chair Back Cover, Suitable For Wedding Decoration, Bridal Shower, Gift Party & Holiday Events",3.7,,100.0,True,False
,Not ranked,20,Elegant 3 Packs 2000s Style Women Skinny Leather Belt Adjustable Thin Waist Belt Fashion Buckle Belt For Dress And Jeans Pants,6.8,,3300.0,True,False
,Not ranked,10,2pcs/set Water Drop Copper Cubic Zirconia Pendant Double Layered Delicate Necklace With Chain,2.16,,1100.0,True,False
,Not ranked,20,"1pc Women's Sunscreen & Uv Protection Classic Casual Holiday Style Knitted Shawl/Poncho With Acrylic Decor, Perfect For Outdoor Travel",3.84,,300.0,True,False
,Not ranked,0,1pc Fashion New Boho Style Gold Plated Beige Enamel Cloisonne Bracelet Bangle Jewelry For Girls And Women,3.6,,10.0,False,False
,Fine Necklaces,0,"1pc Fashionable S990 Silver & Enamel Heart Shaped Bead Blue Heart Pendant Necklace With Cute Pink Heart Shaped Silicone Pendant, Women's Fashionable Jewelry",9.8,6,,False,True
,Costumes & Accessories,10,1pair Halloween Costume Party Prank Prop Vampire Zombie Denture Teeth With 5g Denture Adhesive,1.8,3,,True,True
,Not ranked,5,Contrast Trim Bow Decor Scarf Hair Tie Cute,1.8,,100.0,True,False
,Jewelry Making Kit,0,800Pcs White Mixed Acrylic Pearl Polished Loose Beads Set Elegant For DIY Jewelry Decors Handmade Craft Jewelry Making Supplies And Creating A Mobile Phone Chain,3.0,5,,False,True
,Not ranked,0,"Hollow Drop-Shaped Woven Pendant Earrings With Vintage Holiday Style, Handmade Ear Accessories, Cute Gift For Ladies And Girls",1.5,,2000.0,False,False
,Not ranked,20,Vintage 1pc Women's Rimless Rectangle Lens Fashion Eyeglasses For Traveling,3.2,,2500.0,True,False
,Not ranked,5,Metal Buckle Belt,1.9,,600.0,True,False
,Not ranked,23,"2pcs Headband Holder,Clear Jewelry Organizer For Teen Girl Women Gifts, The Perfect Headband Display Organizer",11.83,,,True,False
,Not ranked,20,Men Rhinestone Decor Round Pointer Quartz Watch Holiday,4.24,,600.0,True,False
,Not ranked,0,32pcs Women's Love Earrings,4.8,,3100.0,False,False
,Not ranked,7,DAZY Minimalist Hair Claw For Daily Use For Girls Hairstyles Casual Cute,2.7,,60.0,True,False
,Not ranked,0,Textured Round Stud Earrings,1.4,,70.0,False,False
,Not ranked,0,New Mini Bubble Balloon Initial Letter Pendant Necklace Gold Plated Personalized Chunky Alphabet Necklace Charm Jewelry,2.4,,2500.0,False,False
,Not ranked,9,Tiger Head Buckle Litchi Pattern Camel/Black Belt Elegant,3.2,,20.0,True,False
,Not ranked,0,"Compatible With Apple Watch Series 7/6/5/4/3/2/1/se, Thin H-link Stainless Steel Metal Watch Band",5.7,,500.0,False,False
,Not ranked,0,1pc Minimalist Metallic Wire Design Women's Arm Cuff,1.8,,6000.0,False,False
,Not ranked,0,"1pc Fashionable Faux Pearl Shell Luxury Summer Necklace, Suitable For Ladies To Wear On Beach, Best Gift For Girls",1.8,,800.0,False,False
,Not ranked,8,"1pc Women's Luxury Style Faux Pearls , Crystals & Rhinestone Decor Hair Comb, Perfect For Bridal Updo Royal Boho Tiaras",3.7,,1200.0,True,False
,Vintage Sunglasses,8,3pairs Tortoiseshell Frame Sunglasses For A Trendy Vintage Look Sunglasses Beach Sun Glasses,4.7,1,,True,True
,Not ranked,4,"1pair Ladies' Handmade Woven Rattan Drop Earrings, Boheima Style, With Floral Detail, Vintage Design, Geometric Shape, Daily Accessories",2.5,,1900.0,True,False
,Not ranked,0,1 Pair Elegant Cute Simplicity Fashion 14k Gold Plated Sunflower Originality Dangle Earrings Women Summer Fashion Accessories,1.4,,7800.0,False,False
,Men Quartz Watches,0,Men Watch 1pc Men's Fashionable Round Dial Quartz Watch With Black Pu Strap And Calendar Function Watch For Men Father's Day Gifts,2.3,4,,False,True
,Not ranked,44,6pcs Bible Verse Cross Keychain Christian Key Chain Ring Purse Bag Backpack Charm Car Ornament Earbud Case Cover Accessories Christmas Gift,1.46,,1500.0,True,False
,Not ranked,0,"1pc Simple And Fashionable Hollowed Out Diamond Inlaid Sanrio Hello Kitty Necklace, Suitable For Daily Wear",1.5,,1800.0,False,False
,Not ranked,10,Rimless Sunglasses For Women Men Luxury Brand Vintage Sun Glasses Fashion Shades UV400 Travel Outdoor Sunglasses,2.7,,1300.0,True,False
,Not ranked,0,Flower Decor Bracelet,2.6,,700.0,False,False
,Not ranked,0,3pcs Men Faux Pearl Decor Necklace,2.9,,200.0,False,False
,Not ranked,8,1pc Single Layer Long White Lace Bridal Veil With Train And Metal Hair Comb,10.6,,400.0,True,False
,Not ranked,0,Cubic Zirconia & Star Decor Threader Earrings,2.0,,100.0,False,False
,Not ranked,0,Rhinestone Decor Hoop Earrings,1.7,,100.0,False,False
,Not ranked,0,"1pc Punk Style 18K Gold Plated Stainless Steel Spiral Wrapped Multi-Layer Single Ring Suitable For Daily Wear, Wedding And Gifts For Couples, Men And Women",3.3,,1800.0,False,False
,Bead Style Charms,0,1pc Original Beads Love Hot Air Balloon Cartoon Style DIY Accessories Cat Eye Pendant Beaded Gifts Wild Model,3.4,1,,False,True
,Not ranked,35,Rhinestone Butterfly Charm Crystal Beaded Bracelet,0.65,,1100.0,True,False
,Wedding Umbrellas,6,"1pc, Vintage White Paper Umbrella For Women - Perfect For Weddings, Parties, And Photography - DIY Painting Supplies And Party Decor",1.5,5,,True,True
,Not ranked,0,Fashionable and Popular Men Leaf Design Ring Stainless Steel for Jewelry Gift and for a Stylish Look,1.7,,800.0,False,False
,Not ranked,50,"Party Rhinestone Decor Strap Keychain For Gifts, Wallets, School Bags, Backpacks, And Satchels",0.85,,200.0,True,False
,Not ranked,0,"One Handmade Bohemian Style Ceramic Beaded Necklace For Women, Adjustable Length",2.6,,400.0,False,False
,Not ranked,0,"4pcs Fashionable Y2K Heart And Star Shaped Earrings, Exquisite Party Jewelry, Suitable For Women Daily Wear",2.1,,1200.0,False,False
,Not ranked,10,"Unisex Printing Decor Adjustable And Amusing Trucker Baseball Cap With Sponge Mesh, Suitable For Daily And Outdoor Activities Such As Traveling, Hiking, Swimming, Beach And Mountain Climbing",2.52,,700.0,True,False
,Not ranked,5,"1 Pair Women Narrow Square Plastic Sunglasses, Simple Casual Style, Suitable For Daily Commute Shades Beach Accessories",2.0,,800.0,True,False
,Men Beaded Bracelets,0,"1 Piece Of Disney Marvel Universe Series Fashionable, Cute And Cool Spider-Man Element Pendant Handmade DIY Beaded Versatile Bracelet",4.0,8,,False,True
,Not ranked,8,Boho 1pc Plastic Women Fashionable Square Sunglasses For Holiday Shades Beach Accessories,2.4,,2800.0,True,False
,Not ranked,0,"1pc Stainless Steel Chain #8 Billiard Element Necklace, Gold/Silver Chain Optional, Y2K Fun Ball Couple Necklace, Sports Party Necklace, Women's Fashion Pendant Necklace, Sports Style, Personality Rock Style Necklace, Men's Fashion Punk Necklace",1.4,,1300.0,False,False
,Not ranked,0,Cubic Zirconia Decor Squirrel & Pine Mismatched Earrings,2.5,,,False,False
,Not ranked,7,"1pc Women's Solid Color Double-Layered Silky Satin Drawstring Elastic Band Fashion Sleeping Cap, Soft Breathable Casual Daily Hair Care Hat Silk Bonnet Satin Bonnet",2.5,,400.0,True,False
,Women Sunglasses,5,1pair Classic Lens Sunglasses For Outdoor Elegant Sunglasses Beach Sun Glasses,3.8,7,,True,True
,Not ranked,20,20pcs/set Fashionable Stainless Steel Nose Ring Stainless Steel For Women & Men No Piercing Needed Septum Body Jewelry,3.6,,3300.0,True,False
,Not ranked,5,Vintage Oval Sunglasses For Women Men Small Metal Frame Sunglasses Ladies Sunglasses,3.5,,600.0,True,False
,Not ranked,0,Geo Pendant Layered Necklace,2.1,,4000.0,False,False
,Not ranked,6,1pc Fashionable Sweet Style Ribbon Bowknot & Heart Shaped Mobile Phone Chain Pendant Bag Keychain Charm Mother's Day Gift,1.7,,700.0,True,False
,Not ranked,0,"1pair Fashionable Cubic Zirconia Decor C-shaped Multi-layer Stud Earrings, Suitable For Daily Wear",2.0,,3800.0,False,False
,Women Waist Chains,10,2pcs Women's Simple Sparkling Beaded Handmade Waist Chain For Summer,1.8,4,,True,True
,Not ranked,7,"Chain Pattern Bandana Fashionable Elegant Square Scarf Ideal For Going Out & Dressing Up Your Look Bandana,Hair Band,Head Band Ideal For Dressing Up Your Look",2.7,,80.0,True,False
,Not ranked,50,"10Pcs Glass Bell Flower Beads Cap Transparent Wind Chime Beads 23mm Glass Beads Jellyfish Beads For Wind Chimes Handmade Jewelry For Bracelets, Necklaces, Earrings, Handicrafts, Wind Chimes, Ornaments Or Other Jewelry Crafts. Embrace Symbolic Power With Our Glass Wind Chime Flower Beads. The Wind Is Blowing Gently, And These Beads Are A Blessing From Afar. They Symbolize Blessings And Tender Love, And Are Perfect For Expressing Affection To Your Loved Ones",0.85,,10.0,True,False
,Not ranked,9,Oval Frame Fashion Glasses Vintage Shades Beach Accessories,3.2,,1300.0,True,False
,Not ranked,0,Single Row Cubic Zirconia Women's Ring,1.7,,1100.0,False,False
,Women Beanie Hat,48,Street 1pc Ladies' Jacquard Knit Hat With Soul Pattern Suitable For Daily Wear,1.51,3,,True,True
,Not ranked,7,Street House Design Keychain,1.3,,200.0,True,False
,Not ranked,0,3pcs Minimalist Bangle,2.6,,3900.0,False,False
,Not ranked,0,"1pc Vintage Silver Winged Dragon Ring, Powerful Symbol & Adjustable Open Ring For Jewelry Accessory Gift",2.2,,600.0,False,False
,Not ranked,0,3pcs Metallic Texture Pearl Bead & Disc Pendant Necklace Set (Random Quantity Of Discs),2.5,,3300.0,False,False
,Not ranked,5,"1pc Creative Mini Woven Bag Zipper Purse, Small Bag Card Bag Key Bag,Suitable As A Gift To A Friend",1.9,,400.0,True,False
,Not ranked,8,1pc Fuzzy Trim Cowboy Hat Cowgirl Hat For Women Party,5.7,,4100.0,True,False
,Not ranked,0,"1pc Vintage Minimalist Tree Vine/branch & Leaf Design Women's Ring, For Wedding, Party, Festival, Casual And Daily Wear",1.8,,1600.0,False,False
,Not ranked,0,"12pcs Stainless Steel Gold, Silver Stylish Simple Bracelet Set, Suitable For Daily Decoration Or Gift Giving",5.0,,900.0,False,False
,Not ranked,0,Faux Pearl Decor Stud Earrings,1.6,,100.0,False,False
,Not ranked,0,Fruit Detail Acrylic Earrings,2.0,,,False,False
,Not ranked,1,Minimalist Cuff Bangle,2.57,,3300.0,True,False
,Not ranked,0,"66pcs/Set Fashionable Elegant Simple Delicate Ring Set In Heart, Butterfly, Flower, Leaf, Droplet, Geometric, Pearl-Like & Wide Metallic Styles For Holidays, Parties, Dating & Daily Wear (Without Box)",4.9,,400.0,False,False
,Not ranked,34,"6pairs Elf Ears For Cosplay, Anime Party, Costume, Halloween, Vampire, Fairy, Goblin",4.22,,200.0,True,False
,Not ranked,20,"5/20/30pcs Ocean Beach Seashell & Conch Pendant DIY Jewelry Making Accessories For Bracelet, Necklace, Earring, Phone Chain",2.48,,80.0,True,False
,Not ranked,7,Geometric Frame Black Sunglasses For Daily Life Sunglasses Beach Sun Glasses,3.9,,2400.0,True,False
,Not ranked,0,1pc Customized Name Necklace - Personalized Name Jewelry - Minimalist Handwritten English Name Alphabet Necklace - Gift For Mom,4.9,,300.0,False,False
,Women Necklace Sets,2,3pcs/set Shell & Starfish Charm Necklace,1.86,2,,True,True
,Not ranked,35,1pc Wrapped Design Hair Tie Casual,0.97,,700.0,True,False
,Not ranked,0,2pcs Men Beaded Bracelet,1.6,,300.0,False,False
,Not ranked,0,Rhinestone & Star Decor Earrings,1.4,,600.0,False,False
,Not ranked,10,5pcs 5cm Square Claw Hair Clips & Hair Claw Set Casual,2.8,,1600.0,True,False
,Not ranked,22,"Superb White Flower Earrings For Women, Long Tassel Design With High Sense Of Style, Popular And Chic Ear Accessories That Bring Sweetness",1.33,,800.0,True,False
,Not ranked,46,Graduation Hat Charm Necklace,0.75,,,True,False
,Not ranked,5,"1pc Checkerboard Pattern Hair Clip For Women, Suitable For Daily Wear, Party, Going Out Casual",1.8,,3400.0,True,False
,Not ranked,6,"1pc, Fashion Letter Geometric Zinc Alloy Brooch, Horror Ghost TV Ghost Film Funny Metal Brooch, Versatile Clothing Accessories Medal Badge",1.6,,10.0,True,False
,Not ranked,51,DAZY Textured Cuff Hoop Earrings,0.69,,100.0,True,False
,Not ranked,0,"1pair Fashionable & Elegant Faux Pearl Drop Earrings In Simple Teardrop Design, Perfect For Parties And As A Versatile Gift For Women",1.5,,9100.0,False,False
,Not ranked,0,"2pcs/set Ball Decor Navel Belly Ring For Women And Men, Punk Piercing, A Fashionable Body Jewelry Gift For Any Occasion",1.3,,100.0,False,False
,Not ranked,52,"Street 1pc Doctor/Nurse Themed Keychain With Thermometer And Stethoscope Design, Creative Alloy & Glass Pendant, Ideal Gift For Medical Students And Friends",0.87,,200.0,True,False
,Not ranked,0,"1pc Gold-colored European-style Double-layer Beaded Titanium Steel Chain Necklace For Women, Daily Wear",1.8,,1800.0,False,False
,Boho Hair Bands,27,Floral Print Hair Band Boho,1.17,8,,True,True
,Not ranked,5,1pair European And American Minimalist Twist Two Layer Press Pattern Clip-on Earrings,2.0,,4300.0,True,False
,Not ranked,0,"1pc Women Luxurious Flower Full Rhinestone Bracelet Compatible With Apple Watch Band Apple Watch Strap Band Apple Watch Band Apple Watch Strap Strap Strap 38/40/41/42/44/45/49mm, Compatible With Apple Watch Band Apple Watch Strap Band Apple Watch Band Apple Watch Strap Strap Ultra/Se/9/8/7/6/5/4/3/2/1 And Other Smartwatch Accessories Apple Watch Band Apple Watch Strap Band Apple Watch Band Apple Watch Strap Strap Strap",6.2,,400.0,False,False
,Women Long Necklaces,0,Rectangle Charm Y Lariat Necklace,1.3,8,,False,True
,Not ranked,46,"3pcs/Set Fashionable Simple Heart Pendant Necklace & Earrings Set For Women, Vacation/Party/Dating/Casual Wear, Gold Or Silver Color Optional",0.87,,900.0,True,False
,Not ranked,7,1pc Women's Y2k Retro Oval Frame Wraparound Sunglasses Uv400 Protection For Daily Wear Shades Beach Accessories,2.7,,800.0,True,False
,Not ranked,1,1pc Jewelry Organizer Hanging Holder For Necklaces Rings Earrings Display Stand,4.95,,3300.0,True,False
,Not ranked,6,1pc Wide-Brimmed Solid Color Shiny Faux Silk Y2k Headband For Summer,1.6,,300.0,True,False
,Not ranked,36,2pcs Sunflower Stud Earrings,0.96,,1100.0,True,False
,Not ranked,0,"European And American New Fashion Touchdown Sport Cap, Game Day, Millet Letter Creative Handmade Earrings",3.5,,700.0,False,False
,Not ranked,7,3pcs Minimalist Round Buckle Belt,5.5,,2100.0,True,False
,Not ranked,9,Elegant 1pc Women Minimalist Skinny Belt,2.9,,1400.0,True,False
,Not ranked,6,1pc Women Letter Embroidered Baseball Cap,3.3,,600.0,True,False
,Not ranked,50,10pcs Plaid & Floral Print Scarf Hair Tie Boho,1.8,,100.0,True,False
,Not ranked,5,1pair Vintage Red Heart Shaped Zinc Alloy Hoop Earrings With Gold Tone For Thanksgiving Accessories,1.8,,10000.0,True,False
,Not ranked,0,Cubic Zirconia Decor Stud Earrings,1.7,,1500.0,False,False
,Not ranked,6,1pc Women Symmetrical Buckle Elastic Casual Stretch Belt For Dress Decoration,2.9,,2200.0,True,False
,Not ranked,50,3pack Contrast Binding Uniform Costume Set & Mask,7.5,,,True,False
,Petticoats,7,"1pc Women's 45cm White Boneless Lolita Soft Gauze Petticoat Skirt, With High Elasticity",8.1,1,,True,True
,Not ranked,0,A Simple Light Luxury Elegant 14K Gold Plated Exquisite Small Cross Pendant Collarbone Chain Necklace,1.6,,900.0,False,False
,Not ranked,0,Fashionable and Popular Men Minimalist Pendant Necklace Stainless Steel Punk Hip Pop Style for Jewelry Gift and for a Stylish Look,2.1,,40.0,False,False
,Women Quartz Watches,0,"Luxurious Diamond-Encrusted Ladies' Square Steel Strap Watch With Simple Design, Gift Box And Adjusting Tool Included Holiday",7.3,10,,False,True
,Not ranked,11,2pcs Couple Geometric Charm Keychain,1.7,,70.0,True,False
,Not ranked,0,"1pc Fresh European & American Style Fashionable Sexy Literary & Retro & Elegant & Cute Bracelet, Multicolor Circular Wide Polyresin Texture Ombre Semi-Transparent Exaggerated Geometric 3d Bohemian Acrylic Wristband, Hand Accessory",4.1,,3000.0,False,False
,Not ranked,50,"1pc Elegant And Simple S925 Sterling Silver Pearl Geometric Ingot Necklace, Women's Light Luxury Collarbone Chain, Girl's Birthday Gift, Holiday Summer Outfit",4.8,,,True,False
,Not ranked,0,1pc Fashionable White Cubic Zirconia Cross Pendant Necklace For Men Daily Decoration For Valentine's Day Gift,2.1,,900.0,False,False
,Not ranked,0,2 Pcs Of Spider + Cat Pendant Fashion All-Match Magnetic Attractive Pendant Beaded Elastic Adjustable Couple Bracelets,2.3,,10000.0,False,False
,Not ranked,0,3pairs Rhinestone Decor Earrings,4.3,,2600.0,False,False
,Not ranked,31,"1pc Vintage Turtle Ring With Teardrop Shaped Rhinestone In Bohemian Style, Perfect For Daily Wear",0.96,,1900.0,True,False
,Men Single Ring,0,1pc Men's Simple Gold-plated Relief Face Alloy Ring,1.4,4,,False,True
,Men Quartz Watches,0,"1pc Men Gold Stainless Steel Strap Glamorous Rhinestone Decor Square Dial Quartz Watch, For Party Holiday",5.1,5,,False,True
,Not ranked,0,1pair Unique Design Minimalist & Elegant Cat Eye Stone C Shaped Ear Cuff,2.2,,3900.0,False,False
,Not ranked,0,3pcs Lock & Key Charm Chain Necklace,2.8,,2000.0,False,False
,Not ranked,38,"2pcs Women's Fashionable Multicolor Sparkling Rhinestone Circle Hoop Earrings With Glittering Crystals, Elegant & Sexy Style, Suitable For Parties/Daily Wear",0.8,,1200.0,True,False
,Not ranked,0,Rhinestone Decor Geometric Drop Earrings,1.5,,4400.0,False,False
,Not ranked,0,"5pairs/Set Seastar & Seashell Design Earrings Set, Ocean Style, Suitable For Women, Festival & Party Wearing",1.6,,8500.0,False,False
,Not ranked,26,Men Wolf & Letter Graphic Trucker Hat Street,3.48,,1200.0,True,False
,Not ranked,26,1pc Minimalist Stainless Steel Necklace Suitable For Both Men And Women,0.96,,1100.0,True,False
,Fedora Hat,7,"1pc Unisex Solid Color Unique Shiny Rhinestone Tassel Hat, Schwester Bachelorette Cap, New Vintage Novelty KJ Gift Hat Wide-Brimmed Hat, Spring Summer Bright Colors, BR Colorful, Vibrant, Classy Aesthetic, BR Fashionable And Elegant, Suitable For Western-Themed Events, Parties, Engagement Parties, Cosplay, Graduation Ceremonies, Masquerades, Festivals, Weddings, Birthday Celebrations, Music Festivals",12.8,1,,True,True
,Men Ring Sets,0,4pcs/set Black Embossed Design Ring,2.8,1,,False,True
,Fittings DIY & Tools,71,"1pc 'take It Easy' Embroidered Iron-On Patch, Vintage Patch, Hippie Patch For Jacket, Backpack, Jeans, Hat And Clothes",0.43,5,,True,True
,Not ranked,0,22pcs/Set Fashionable Faux Pearl & Heart Decor Ring For Women For Daily Decoration,2.1,,2000.0,False,False
,Not ranked,6,7pcs Heart & Star Pattern Cuff Bangle,2.16,,10000.0,True,False
,Boho Hair Clips,17,1pc Women Flower Decor Fashion Alligator Hair Clip For Hair Decoration Boho,1.33,2,,True,True
,Not ranked,0,"Personality Europe And America Style Elastic Rope Hand String, Ins Unpopular Handmade Beads Copper Plated Gold Bracelet For Women",2.2,,4900.0,False,False
,Not ranked,0,"1pair Elegant Water Drop Shaped Pearl Stud Earrings, Simple, Vintage Design",1.5,,4200.0,False,False
,Not ranked,6,3pcs Poker Card Embroidered Fabric Patch Badge DIY Clothing Pants Hat Bag Shoe Decoration Iron On Patch,1.6,,100.0,True,False
,Not ranked,0,Cubic Zirconia Decor Cuff Ring,1.7,,3000.0,False,False
,Not ranked,0,"4pcs Exaggerated Personality Circle C-Shaped Spiral Hollow Cylinder Line Large Silver Ear Clips, Fashionable Earrings Suitable For Women's Daily Parties, Banquets And Weddings",2.1,,3500.0,False,False
,Not ranked,6,DAZY 3pcs Minimalist Solid Scrunchie Casual,1.5,,100.0,True,False
,Not ranked,0,"10pcs Graphic Print Gift Bag, Modern Bow Decor Paper Gift Wrapping Bag For For Party, Holiday",2.6,,100.0,False,False
,Not ranked,0,1pc Fashion Business Men's Three Sub-Dial Scale Number Quartz Watch Set With Stainless Steel Strap,3.9,,1400.0,False,False
,Not ranked,7,2pairs Tortoiseshell Cat Eye Sunglasses Travel Accessories Boho Shades Beach Accessories,3.8,,1900.0,True,False
,Not ranked,50,"5pcs/set Women's Jeans/dresses Decorative Chain Belt With Circular Buckle, Black & White Color, Suitable For Daily Wear",3.2,,2800.0,True,False
,Not ranked,34,"1pc Sports Style Wooden Ball Beaded Keychain/Bracelet With Key Ring, Perfect Gift For Parents, Teachers, And Friends",1.86,,800.0,True,False
,Not ranked,4,"Gold/Sliver Ankle Bracelets For Women,14K Gold Anklets For Women Waterproof Link Heart Beads Herringbone Rhinestone Anklets Set Layered Anklet Bracelets For Women Gold Jewelry Gift",2.5,,2100.0,True,False
,Not ranked,6,"1pc Paisley Print Bandana Women Scarves Women Big Square Scarf Bandana,Hair Band,Head Band Ideal For Dressing Up Your Look",2.9,,3800.0,True,False
,Women Waist Chains,5,2pcs Beaded Waist Chain Gold Body Chain & Belly Chain Belt Adjustable Women's & Girl's Beachwear Waist Jewelry Sexy,1.9,5,,True,True
,Women Scarves & Scarf Accessories,9,"1pc Women Tree Pattern Fashion Scarf For Daily Life For Women Bandana,Hair Band,Head Band Ideal For Dressing Up Your Look",3.2,8,,True,True
,Not ranked,7,"1pc Women's Golden Square Buckle Multicolor Pu Belt, Versatile And Suitable For Daily Wear",2.6,,3700.0,True,False
,Not ranked,0,"Hot Sale Simple & Shiny Sun Moon Blue Gemstone Stacking Couple Rings, European And American Style",1.4,,10.0,False,False
,Not ranked,0,Vintage European And American Style Unpopular Multi-Coloured Natural Shell Handmade Woven Beaded Layered Bracelet For Women In Spring And Summer,3.2,,1300.0,False,False
,Not ranked,20,Evil Eye Decor Cuff Ring,1.36,,3300.0,True,False
,Not ranked,0,Rhinestone Star Decor Drop Earrings,1.7,,1200.0,False,False
,Not ranked,6,"Unisex Square Full Frame Uv Protection Beach Sunglasses, Fashionable Accessory For Daily Wear Shades Beach Accessories",3.1,,400.0,True,False
,Not ranked,6,1pair Leopard Tinted Lens Boho Classic Trendy Fashion Glasses UV Protection Vintage Sunglasses Beach Sun Glasses,3.3,,2400.0,True,False
,Not ranked,41,1pc Hip-hop Style Elegant Colorful Copper Inlaid Simple Multilayer Clip Earring For Men And Women Daily Wear,0.82,,2200.0,True,False
,Not ranked,0,4pcs/Set Simple Design Bangle Set,1.9,,200.0,False,False
,Not ranked,0,"10/20/30/40/50/60/70/80/90/100pcs Mixed Style Cartoon Zinc Alloy Brooch Set (Dolphin, Dog, Butterfly, Bee, Etc.) With Oil For Random Shipping",5.2,,300.0,False,False
,Not ranked,7,"1pc Foldable Solid Color Reversible Sun Hat For Men, Suitable For Daily Wear Casual",2.6,,1000.0,True,False
,Boho Women Belts & Belts Accessories,7,"Boho Women's Elastic Waist Belt With Metal Buckle And Leopard Print, Casual Sports Style, Fashionable Accessory For Daily Use And Special Occasions, Christmas, Weddings And Parties",8.3,8,,True,True
,Not ranked,0,Pomegranate Seed Necklace,2.0,,2500.0,False,False
,Not ranked,0,"4pcs Uncommon Design Retro & Fashion Resin Decorated Ring, Suitable For Women, Ideal For Taking Photos, Daily Wearing Or As A Gift",2.4,,2000.0,False,False
,Not ranked,0,"7pcs/set Men Star & Bird Decor Ring, For Jewelry Gift And Party",2.5,,600.0,False,False
,Not ranked,20,3pairs Rhinestone Decor Hoop Earrings,1.76,,5500.0,True,False
,Not ranked,27,1pc Boho Zinc Alloy Rhinestone & Bead Decor Hollow Out Oval Charm Necklace For Women For Daily Decoration,1.76,,1400.0,True,False
,Not ranked,7,1pc Big Claw Clip With Fun & Cute Curly Cat And Goldfish Bowl Pattern,3.9,,1600.0,True,False
,Not ranked,6,"1pc Double Side Y2K Beanie Spider Web Letter Jacquard Candy Color Hip Hop Knit Hat Warm Skull Cap Elastic Couple Beanies Ski Hats For Women Men Knitted Beanie Hats, Letter Embroidery Warm Winter Caps, Hip-Hop Punk Knit Hats, Unisex",1.6,,,True,False
,Not ranked,0,Men Triple Dial Quartz Watch,2.6,,200.0,False,False
,Not ranked,6,"Single-layer Short Faux Pearl White Wedding Bridal Veil, Simple Style",3.0,,400.0,True,False
,Not ranked,10,1pc Round Plate Peach Blossom Imprint Pendant Necklace Non-Fading,1.98,,2800.0,True,False
,Not ranked,0,1 Pc Vintage Punk Style Black Red Beads Bracelet With Cross & Feather Pendant For Women Men,1.9,,3000.0,False,False
,Not ranked,8,"1pc Leopard Print Retro Double Beam Sunglasses, Uv Protection",2.4,,200.0,True,False
,Not ranked,8,1pair Geometric Frame Sunglasses For Outdoor Elegant Sunglasses Beach Sun Glasses,3.5,,3400.0,True,False
,Not ranked,26,"1pc Women's Gold 18k Plated Flat Snake Chain Stainless Steel Bracelet, Party Gifts",0.96,,900.0,True,False
,Not ranked,0,"17pcs/Set Fashionable Simple Heart, Rhinestone, Butterfly, Fish Tail, Shell & Multi-Element Metal Anklet Set, Suitable For Layering, Women Beach Wear, Party, Dating, Gift, Everyday Outfit",5.3,,1700.0,False,False
,Women Glasses & Eyewear Accessories,7,1pc Classic & Vintage Small Frame Fashion Eyeglasses For Outdoor Travel Boho Shades Beach Accessories,4.0,3,,True,True
,Not ranked,0,Women's 3pcs Creative Fashionable Vintage Turquoise Sparkle Tassel Multi-layer Beaded Necklace Set,2.4,,10000.0,False,False
,Not ranked,0,1pc Simple Circle & Flat Opening Design Personalized Fashionable Luxurious Bracelet For Women,1.2,,5700.0,False,False
,Not ranked,0,3pcs Water-drop Gemstone Decor Jewelry Set,2.2,,100.0,False,False
,Not ranked,0,Vintage Boho Style Coin Tassel Pendant Chain Bracelet Minimalist Hand Chain Jewelry With Lobster Buckle,2.8,,1000.0,False,False
,Women Baseball Cap,6,"Street MLB New York Yankees Baseball Team Fashion NY 3D Embroidery Hard Top Adjustable Hat For Outdoor Sports & Sun Protection, Suitable For Men And Women Year-Round Outfit, Holiday Gift, Valentine Day Gift",5.8,9,,True,True
,Not ranked,37,1pc Antique Steampunk Bronze Hollow Gear Movement Quartz Pocket Watch Pendant Gift With Chain Pocket,2.46,,100.0,True,False
,Not ranked,0,"1pc Fashionable Rhinestone Inlaid Stainless Steel Bangle For Women, Simple Style & Versatile Jewelry Accessory",2.8,,8900.0,False,False
,Not ranked,20,Fashionable and Popular Men Minimalist Chain Bracelet Stainless Steel Punk Hip Pop Style for Jewelry Gift and for a Stylish Look,1.76,,600.0,True,False
,Not ranked,13,1pc Simple Leopard Print Bowknot Bag Charm/Keychain Pendant Bow Keychain,2.6,,40.0,True,False
,Not ranked,0,Minimalist Solid Bangle,2.2,,2500.0,False,False
,Textile DIY & Tools,6,"Shiny Rhinestone Five-Pointed Star Tassel Clothes Patch, Iron On Applique With Glue Backing, Diy Apparel Accessory",1.6,4,,True,True
,Not ranked,0,24pcs C-Shaped Faux Pearl Earring Set,2.9,,1900.0,False,False
,Not ranked,61,"1pair Cute Cartoon American Independence Day Five-Pointed Star & Western Cowboy Hat Dangle Earrings For Women, Best Friend, Girlfriend, Sister Gifts",0.59,,2200.0,True,False
,Not ranked,0,6/12pcs Sacks +7pcs Bridal Band For Bridesmaids-Linen Bag Breathable Bamboo Charcoal Bag Jewelry Dust-Proof Package Gift Hangover Recovery Kit' Hangover Relief Kit Burlap Bag & Emergency Packaging Bag For Wedding Bachelor/ Bachelorette Party Supplies(Bags And Bracelets Need To Be Purchased Separately),1.9,,200.0,False,False
,Not ranked,0,1pair Fashionable Black And White Checkerboard Earrings Suitable For Women's Daily Wear,2.2,,1800.0,False,False
,Not ranked,5,100pcs Simple Solid Hair Tie Casual,2.0,,200.0,True,False
,Not ranked,0,3pcs Flower & Butterfly Decor Ring,2.3,,700.0,False,False
,Vintage Sunglasses,20,Vintage Square Frame Eyeglasses Big Glasses Clear Glasses Accessories,2.48,6,,True,True
,Not ranked,0,1 Pair Elegant Cubic Zirconia Hoop Earrings For Women For Wedding Anniversary Engagement Party Jewelry Valentine's Day Gift,3.0,,700.0,False,False
,Not ranked,0,Minimalist Chain Necklace,2.0,,1200.0,False,False
,Boho Women Pants Chain,8,"Boho 3pcs Women's Body Chains, Elastic Beaded Waist Chain Set With Rice Beads For Summer Beach",2.4,5,,True,True
,Gift Wrapping Boxes,71,"2pcs/Pack Reusable Smooth Surface Solid Color Gift Bags (Medium & Large Sizes) - Ideal For Gift Wrapping, Birthday And Party Favors",0.75,9,,True,True
,Not ranked,28,"1 Piece Rose Red Women's Fascinators, Feathers Tea Party Hat, Veil Headband With Hair Clip",4.8,,60.0,True,False
,Not ranked,20,1pc Women's Simple & Delicate Fashionable Open Bangle With Metal Decoration,1.52,,3900.0,True,False
,Not ranked,6,"1pc Scroll Print Scarf Women Bandana Fashion Head Scarf Bandana,Hair Band,Head Band Ideal For Dressing Up Your Look",3.1,,1900.0,True,False
,Not ranked,20,Double Flower Earrings 1pair,1.36,,2900.0,True,False
,Not ranked,0,One Clock Watch Fashionable Simple Niche Design Ring For Women Alloy Jewelry Daily Commute Wear,1.1,,1100.0,False,False
,Women Sunglasses,7,1Pair Women Rhinestone Decor Ombre Lens Fashion Glasses For Travel Accessories Sunglasses Beach Sun Glasses,3.9,6,,True,True
,Not ranked,0,Fashionable and Popular Men Geometric Pendant Necklace Stainless Steel for Jewelry Gift and for a Stylish Look,1.3,,40.0,False,False
,Fittings DIY & Tools,8,"41/80Pcs Letter Shoe Charms for Clogs, Alphabet Gibits Charms with 'I Heart' and Hashtag Symbols for Sandals Decorations, Letter Shoe Charms Pack for Boys Girls Women Men Gift Party Favors White/Pink",3.7,4,,True,True
,Not ranked,0,"12000pcs Various Styles Beginner Polymer Clay Beads Bracelet Making Kit With 120 Colors, Including Rondelle Polymer Clay Spacer Beads, Black Lava Beads, Various Pendants, And Elastic Cords, Ideal For Diy Craft Birthday Party Gifts",6.0,,700.0,False,False
,Pink Women Hair Accessories,7,"2pcs Official Authorised Authentic Products New Cartoon Cute Hair Clips, Perfect Gift For Family, Friends And Classmates!",2.5,6,,True,True
,Not ranked,0,"1/5/10/20pcs Plastic Gift Bags With Handle, Reusable Transparent PVC Gift Wrap Tote Bag For Retail Boutique Wedding Birthday Party Favor, Shopping Bag, Party Bag, Party Gift Bag, Craft Tote Bag, Party Favors",1.5,,100.0,False,False
,Not ranked,6,Elegant Hair Clips Women Wedding Bridal Hat Fascinator Ladies Dress Up Headband Lace Feather Mesh Flower Hairpin Decor,4.7,,300.0,True,False
,Men Brooches,0,"1pc Creative Red Carton Box Shaped Brooch With The Words 'Don'T Hate Me Because I'M A Little Cooler', Suitable For Men And Women To Wear In Daily Life",1.3,1,,False,True
,Men Beaded Necklaces,0,"1pc Retro Bohemian Style Necklace, Black & White & Coffee Color Beaded Coconut Shell Pendant Necklace, Ideal For Men, Daily Wear Jewelry",2.4,5,,False,True
,Not ranked,48,1pair Silver-color Simple Irregular Geometric Alloy Ear Hook Earrings Suitable For Women's Daily Wear,0.93,,1300.0,True,False
,Not ranked,11,1Pc Key Ring Tails Chain Keychain Keyring Gift Cute Simulation Fox Tail Keychain Pendant Key Chain Bags Charm Keys Holder Valentine's Day Holiday Gifts(Random Color) Therian Plush Keychain,6.3,,200.0,True,False
,Not ranked,7,1pc Leaf Decor Straw Hat Solid Color Bohemian For Outdoor And Traveling For Vacation Boho,6.3,,400.0,True,False
,Not ranked,0,"1pc Fashionable Niche Design Rice Shaped Beads & Sun, Stars, Moon Shaped Pendant Women Necklace",2.2,,1500.0,False,False
,Not ranked,6,1pc Owl Y2k Style Large Frame Blue Light Blocking Women's Eyeglasses Party Decoration Glasses For Ladies' Christmas Dance Party And Photography Clear Glasses Accessories,2.9,,1800.0,True,False
,Not ranked,0,Bachelorette Party Favor Hangover Kit Bags(4'' X 6'') Drawstring For Wedding Welcome Holiday Survival Recovery Bridesmaid Gifts,4.2,,300.0,False,False
,Not ranked,8,Tea Party Fascinator Kentucky Feather Hat Women's Fascinator Derby Straw Pillbox Hat For Cocktail Wedding,9.2,,10.0,True,False
,Not ranked,0,"6pcs/Set European And American Style Multi-Piece Ear Clip Set, Copper Material Women's Jewelry Simple Hoop Earrings For Women Four Seasons Casual Wear",1.8,,5500.0,False,False
,Not ranked,6,DAZY Flower Decor Hair Claw Elegant Perfect Gift For Friends For Daily Use,1.5,,200.0,True,False
,Not ranked,22,"2pcs New Bohemian Style Geometric 3d Paint Crafted Statement Earrings With Long Tassels & Multicolor Candy Colors For Party, Style",1.32,,900.0,True,False
,Not ranked,7,American Vintage Style Sporty Girl Flag & Letter Embroidery Distressed Washed-Out Baseball Cap With Pre-Curved Visor,4.1,,100.0,True,False
,Not ranked,0,1pc Rhinestone Star Decor Ring Copper Jewelry,1.5,,30.0,False,False
,Not ranked,0,Wide Cuff Bangle,1.8,,700.0,False,False
,Not ranked,0,1 Women's Pearl Necklace With Elegant Beach Style Natural Shell And Lucky Starfish Pendant,1.8,,1400.0,False,False
,Gift Wrap Tags,20,"Happiness Collections Gold Thank You Tags — Perfect For: Wedding Favors, Baby Shower, Bridal Shower, Birthday Or Special Event, 50 Pcs",1.84,9,,True,True
,Not ranked,20,"1pc A Half Face Ring, Retro Sculpture And Fashion Ring, Suitable For Commemorative Gifts, Holidays Gifts For Friends",1.2,,2100.0,True,False
,Not ranked,13,"Chain Print Bandana Stylish Vintage Turban For Casual Weekend Wear & Decoration Bandana,Hair Band,Head Band Ideal For Dressing Up Your Look",1.4,,100.0,True,False
,Not ranked,8,"1pc Metallic Sunglasses For Men & Women, Classic Vintage Pilot Style Eyeglasses With Clear Lenses Elegant Shades Beach Accessories",2.2,,3900.0,True,False
,Not ranked,0,"24 Pcs, 5.9""X 7.9""X 2.8"" Clear Plastic Gift Bag With Handle, Reusable Clear PVC Gift Wrap Tote Bag For Halloween Christmas Retail Boutique Wedding Birthday Party Gifts, Shopping Bag, Party Bag, Party Gift Bag, Craft Tote, Party Favor",3.0,,600.0,False,False
,Not ranked,0,"1pc Bohemian Style Stainless Steel Bracelet For Women Skirt Accessory, Adjustable Wave Titanium Steel Bangle For Men Couple Jewelry",2.6,,700.0,False,False
,Not ranked,0,"1pc Vintage 18k Gold-Plated Stainless Steel Ring Decorated With Cubic Zirconia, Suitable For Women's Daily Wear",2.0,,3000.0,False,False
,Not ranked,0,"Genuine Leather Chain-Style Apple Watch Band Compatible With Apple Watch Series 8/7/6/5/4/SE, Stainless Steel Watch Band Not Included",6.8,,700.0,False,False
,Not ranked,7,135CM Casual Geometric Buckle Plus Size Belt With Hole Punch for Jeans Pants,4.0,,100.0,True,False
,Not ranked,4,"1pc Men Watch Men's Elegant Quartz Watch With Silver Sus304 Stainless Steel Case, Leather Strap, Roman Numerals, Calendar & Simple Style, White Dial, Casual Waterproof Square Shape Watch For Daily Work Wear Or Business Gift Father",8.6,,400.0,True,False
,Not ranked,8,"Unisex Street Style Punk Belt, Suitable For Matching Jeans, Casual Shorts.",4.8,,1800.0,True,False
,Not ranked,0,"Apple Watch Band 1pc Compatible With Apple Watch Ultra 2 1 Se S9 8 7 6 5 4 3 2 1 Series Men And Women Universal Replacement 38mm40mm41mm42mm44mm45mm49mm, Two Circles Around The Wrist, Fashionable And Creative Design Brown Leather Apple Watch Strap",4.4,,20.0,False,False
,Not ranked,8,1pc Brass Realistic Bullet Model Ear Spoon Keychain Portable Ear Cleaning Tool Keyring,1.2,,800.0,True,False
,Not ranked,0,Leopard Watchband Compatible With Apple Watch,1.9,,100.0,False,False
,Not ranked,0,Vintage Gothic Cross Necklace Y2K Women Necklace Ins Silver Stainless Steel Chain Necklace,1.6,,600.0,False,False
,Bridal Gloves,7,Faux Pearl Decor Bridal Arm Sleeves,2.5,6,,True,True
,Not ranked,0,One Pair Of Colorful Natural Feather Long Earrings For Women,2.0,,600.0,False,False
,Men Sunglasses,22,1pair Men Geometric Frame Fashion Glasses Black Shades Casual,1.96,8,,True,True
,Not ranked,34,1pc Metal Y2K Style Wrap Silver Fashion Sunglasses,2.45,,400.0,True,False
,Women Long Necklaces,0,1pc European And American Fashion Simple Style Creative Geometric Hollow Out Large Teardrop/Heart/Heart Couple Double Layer Round Shape Pendant Handmade Metal Wire Drawing Effect Adjustable Long Necklace Suitable For Women Daily Wear,2.7,9,,False,True
,Not ranked,7,Metal Frame Fashion Glasses Shades Beach Accessories,3.8,,300.0,True,False
,Not ranked,12,"6pcs/Set High-End Candy-Colored Oil Drip Ring For Women, Fashionable, Minimalist, Ins Style, Gift",1.5,,500.0,True,False
,Not ranked,44,"1pc New Fashionable Women's Watch With Gold Bracelet, Vintage & Luxury Ins Style, Elegant & Versatile Quartz Watch",7.4,,2300.0,True,False
,Not ranked,18,"1pc Women's Outdoor Fashionable Bandana Hat, Suitable For Cycling And Other Outdoor Activities",1.32,,200.0,True,False
,Boho Hair Ties,7,"Boho 20pcs Women Bohemian Style Elastic Hair Ties & Bracelets, Multifunctional Soft Hair Ties, Various Styles Ponytail Holder",2.6,3,,True,True
,Black Women Belts,9,"1pc Women's Decorated Casual Jeans, Fashionable And Versatile, Suitable For Daily Wear With A Belt",3.36,1,,True,True
,Women Evening Bags,12,"CEZIRA Mini Luxury Shiny Acrylic Clutch Women Fashion Novelty Conch Shaped Evening Bags For Party Long Chain Shoulder Cross Body Handbags Purse , Pefect Best Funny Novelty & Gag Gifts",18.9,1,,True,True
,Women Watches,0,Rectangle Pointer Quartz Watch,3.1,5,,False,True
,Not ranked,6,"1pc Cape Cloak, Wizard Devil Costume Dress Up Party Prop, Cosplay Costume, Elf Cape",5.8,,100.0,True,False
,Not ranked,10,1pc/2pcs Cute Chicken Plush Car Keychain Pendant Couple Accessories Bag Pendant Plush Pendant Doll Birthday Gift Decorative Small Gift Therian Plush Keychain,2.7,,100.0,True,False
,Not ranked,18,1pc Unisex Simple Fashionable Breathable Sun Protection Bucket Hat Black With Multicolor Band,2.87,,500.0,True,False
,Not ranked,0,Simple Rhinestone Decor Quartz Watch,2.8,,10.0,False,False
,Not ranked,0,"(Main Stone Vein Random) Vintage & Luxurious Women's Fashionable Turquoise Ring Square Main Stone Reveals Generous And Decent Personality, Perfect For Engagement, Wedding, Party Jewelry",1.7,,1800.0,False,False
,Not ranked,8,1pc Women White Faux Pearl Decor Belt For Dress Decoration Elegant,2.3,,60.0,True,False
,Not ranked,0,"European & American Style S925 Pure Square Zirconia Flower Inlaid Diamond Collarbone Necklace, Chic & Elegant, Suitable For Daily Wear And Various Occasions, Valentine's Day & Mother's Day Jewelry Gift",6.1,,100.0,False,False
,Not ranked,0,1pc Silver-colored Skull Head Punk Rock Style Men's Bracelet,2.3,,400.0,False,False
,Not ranked,39,"1pair Double-Sided Printed Wooden Leaf & Colorful Book Pattern Dangle Earrings, Vintage Cute Style, Creative Gift For Women",0.91,,900.0,True,False
,Not ranked,0,7pcs Rhinestone Star & Snake Decor Ring,1.9,,6700.0,False,False
,Not ranked,7,"Y2K Hollow Out Sunglasses, Retro UV Resistant Sunglasses, Personalized Street Photos, Sunglasses For Women Shades Beach Accessories",1.3,,80.0,True,False
,Not ranked,0,15pcs Butterfly & Water-drop Decor Ring,2.2,,1500.0,False,False
,Not ranked,73,"1pc Elastic Waist Belt Adjustable No Buckle Belt For Jeans Pants Invisible Stretch Belts For Women & Men,Slimming Waistband - Buckle-Free Comfort, Adjustable & Elastic, Perfect For Jeans And Pants - Enhance Your Silhouette,Vintage Elastic Belt – No-Buckle, Invisible Fit For Men & Women, Comfort Stretch, Universal Size",0.49,,40.0,True,False
,Not ranked,5,4pcs Faux Pearl Decor Chain Bracelet,1.9,,4100.0,True,False
,Not ranked,20,Cubic Zirconia Decor Ring,2.32,,2900.0,True,False
,Not ranked,0,22pcs Butterfly C-Shaped Faux Pearl Earrings Set,3.1,,4200.0,False,False
,Not ranked,0,Gemstone Decor Ring,2.2,,400.0,False,False
,Not ranked,20,Simple Solid Hoop Earrings,0.96,,2600.0,True,False
,Not ranked,0,"1pair Personalized High-End Exquisite Copper Inlaid Stud Earrings For Women, Random Color",1.8,,4500.0,False,False
,Not ranked,0,1pc Rhinestone Star Stud Earring,1.9,,100.0,False,False
,Not ranked,12,1pc Gold Plated & Rhinestone Decor Alphabet Keychain For Daily Wear Unisex Keyrings,2.2,,700.0,True,False
,Not ranked,0,"15pcs Animal Pattern Party Face Cover, Cartoon Party Face Covering Decoration For Birthday Party",3.9,,400.0,False,False
,Not ranked,0,1pc High-End Exquisite Short Choker Necklace With Shiny Rhinestones,5.9,,1000.0,False,False
,Not ranked,0,"1pair Beach Vacation Style Faux Pearl Shell Conch Decor Dangle Earrings For Teenage Girls, Pink, Summer",1.5,,600.0,False,False
,Not ranked,55,Minimalist Chain Necklace,0.77,,1000.0,True,False
,Not ranked,0,Luxurious Hip Hop Punk Mircon Crystal Stone Hand Charm Moon Star Animal Bee Pendant Enamel Sheield Chunky Chain Necklace Adjustable Women,10.3,,300.0,False,False
,Not ranked,20,"1pc Geometric Print Bandana Stylish Elegant Neckerchief Ideal For Going Out & Dressing Up Your Look Bandana,Hair Band,Head Band Ideal For Dressing Up Your Look",2.72,,600.0,True,False
,Not ranked,0,Customized Women Arabic Name Necklace Stainless Steel Letter Engraved Pendant Personalized Islamic Necklace Jewelry Gift,4.3,,1000.0,False,False
,Not ranked,0,1 Pair Enameled Flower Petals Floral Statement Earring For Women,3.3,,700.0,False,False
,Not ranked,37,20pairs/Set Rhinestone Decor Earrings 20pairs Faux Pearl Cubic Zirconia Earrings Stud Earrings Women's Accessories Fashion 2023,1.32,,2000.0,True,False
,Not ranked,25,White Imitation Baroque Pearl Necklace For Men Sexy Trendy Choker Beaded Chain Collar Accessories Gift,1.73,,200.0,True,False
,Not ranked,10,Jinnew 1pc Cute Stuffed Angry Cat Plush Cartoon Keychain Backpack Ornament Doll Pendant For Valentine's Day Gift Therian,3.7,,600.0,True,False
,Bag Accessories,11,Bag Pendant Bag Accessories Faux Pearl Keychain Cute Faux Pearl Beaded Bracelet Keychain Vintage Charm For Women And Girls' Purse Bag Backpack Car Charm Ribbon Pearl Pendant Valentine's Day Bow Keychain School Supplies Teacher Gifts Back To School Teacher Accessories,3.1,10,,True,True
,Not ranked,8,"1pc Elegant Golden Metal Hair Tie, Women's Luxury Style Ponytail Holder, Simple Chic Hairband Accessory,Petite Glossy Double Arch Pony,Dome Pony Cuff,Ponytail Elastic Band,Women And Girls Hair Accessories",3.7,,1900.0,True,False
,Not ranked,26,2Pcs Kawaii Hairpin Cartoon Student Hair Clip Children's Hair Accessories Toys Girls Gift,1.55,,2900.0,True,False
,Not ranked,11,4pcs/Set Natural Stone Pendant Necklace And Magnetic Heart Matching Couple Bracelets Set - Romantic Valentine's Day Gift For Her Him,4.37,,400.0,True,False
,Square Women Glasses Sets,8,"5pcs/3pcs/1pc Women Multicolor Square-Frame Glasses Trendy Elegant Simple Personality Fashion Eyewear For Daily, Commute, Vacation & Sun Protection",2.2,10,,True,True
,Boho Headbands,20,Boho New Fashion Women Headband Fresh Spring Brightly Colored Hairband Big Bowknot Headwear Casual Turban Hair Accessories,1.92,1,,True,True
,Not ranked,0,Cubic Zirconia Decor Ring,1.7,,5300.0,False,False
,Not ranked,8,Villains Keychains Ursula Wicked Anime Cartoon Car Keyring Bag Hanging Jewelry Christmas Gifts,2.3,,100.0,True,False
,Not ranked,0,21pcs/set Rhinestone Butterfly Decor Ring,2.3,,7100.0,False,False
,Not ranked,0,900pcs 5 Colors Jewelry Making Starter Kit Earrings Necklace Findings DIY Beads Plier Tools Set Jewelry Repair Tool Set Jewelry Accessories Suitable For Adults And Beginners,3.6,,1400.0,False,False
,Not ranked,8,Soccer Charm Keychain Casual,1.2,,100.0,True,False
,Not ranked,0,1set Shell & Star DIY Jewelry Accessory,9.2,,,False,False
,Not ranked,10,1pc Women Tape Decor Boho Straw Hat Fedora Hat For Outdoor And Daily Life Casual,7.66,,2300.0,True,False
,Not ranked,7,10pcs Flame & Snake Charm Hair Ring Street,2.6,,800.0,True,False
,Not ranked,0,"1pc 18k Gold Plated European Fashion Stainless Steel Cable Wire Cuff Bangle With Faux Pearl Ends, Adjustable Open-Ended Design, Suitable For Family, Friends, S As A Charismatic Present",4.2,,3400.0,False,False
,Not ranked,0,1pc Cubic Zirconia Heart & Wings Decor Earring,2.0,,200.0,False,False
,Not ranked,20,2pcs LadiesGorgeous Fashion Shiny Rhinestone Inlaid Sexy Waist Chain Casual Vacation Best Friends Body Jewelry Set Gift,1.84,,2600.0,True,False
,Boho Hair Bands,20,1pc French Rustic Style Solid Knit Hair Band Boho,1.6,7,,True,True
,Not ranked,0,1 Pair Original Summer Fresh Color Handmade Glass Ball & Acrylic Asymmetrical Long Dangle Earrings Suitable For Women Daily Wear,2.0,,1500.0,False,False
,Not ranked,49,"1pc Men Golden/Silver Anchor, Helm, Maple Leaf, Tree, Eagle, Zebra, Pegasus, Musical Note, Airplane, Five-Pointed Star Design Simple And Stylish Business Style Mini Lapel Pin/ Brooch Shirt Collar Accessory For Shirt, Suit Jacket, Hat, Bag",0.87,,100.0,True,False
,Women Belts Sets,6,3pcs Metal Buckle Belt,3.1,1,,True,True
,Not ranked,8,Elegant Fashionable Black Ladies' Waist Belt With Buckle Closure,2.3,,6200.0,True,False
,Not ranked,7,1pc Independence Day Baseball Hat Fashion PARTY IN THE USA Letter Print Adult Truck Driver Hat Baseball Hat Fishing Hat Funny Gift Hat For Men And Women,2.6,,400.0,True,False
,Not ranked,0,"5pcs Y2k Retro Gothic Punk Rock Style Necklace Set Featuring Star, Diamond, Heart & Butterfly Pendants. Stainless Steel Chain Necklace With Heart Lock Pendant. Bohemian Style, Hip Hop & Trendy.",2.7,,2500.0,False,False
,Accessories Storage,12,"Fashionable And Simple PU Leather Glasses Case, Sunglasses Case, Snap Closure Glasses Case, Portable And Durable Glasses Case, Multifunctional Glasses Case, Suitable For Men And Women,",1.5,4,,True,True
,Not ranked,9,"1pc Men's Black & White Plaid Print Fisherman Hat, Fashionable Bucket Hat, Suitable For Spring/Autumn Travel, Beach Parties Casual",3.2,,500.0,True,False
,Not ranked,0,"3pcs 14k Gold-plated Waterproof Stainless Steel Women's Necklace Set With Multi-layer Necklaces: Classic Rolo Chain, Delicate Figaro Chain And Stylish Bar Chain. A Perfect Gift For Women",3.0,,4500.0,False,False
,Not ranked,7,1pc Square Shape Retro Fashion Sunglasses For Women Shades Beach Accessories,2.5,,1100.0,True,False
,Not ranked,0,Color Block Cuff Ring,2.3,,5500.0,False,False
,Not ranked,10,"1pc Ladies' Solid Color Satin-Like Simulated Silk 90x90cm Square Scarf, Suitable For Travel, Vacation, Photography Casual Bandana,Hair Band,Head Band Ideal For Dressing Up Your Look",2.6,,300.0,True,False
,Not ranked,6,Floral Embroidered Lace Hair Band Elegant,1.6,,200.0,True,False
,Not ranked,7,"1pc Paisley Print Bandana Vintage Bohemian Cowboy Cowgirl Hip Hop Head Wrap Bandana,Hair Band,Head Band Ideal For Dressing Up Your Look",2.6,,2700.0,True,False
,Not ranked,0,One Piece Bridesmaid Gifts For Bridal Party Gifts Bridesmaids Proposal Necklaces Bracelets Cubic Zirconia Pendant Necklace,2.3,,,False,False
,Not ranked,0,1pc Cubic Zirconia Decor Bamboo Joint Cuff Ring Copper Jewelry,2.9,,200.0,False,False
,Not ranked,0,1pc Men's Gold-tone Casual Fashion Electronic Watch,3.4,,300.0,False,False
,Not ranked,34,1/2pcs Guipure Lace Motif Sew On Angel Wing Neckline Lace Trim Applique Embroidery Angel Wing Lace Patch For Dress Craft Object,2.36,,300.0,True,False
,Not ranked,6,Party Butterfly & Bead Decor Glasses Chain,1.5,,800.0,True,False
,Not ranked,8,Men Letter Embroidered Baseball Cap Street,3.4,,1100.0,True,False
,Not ranked,0,1pack 20g Gift Box Filler Paper Shreds,1.6,,1000.0,False,False
,Women Waist Chain,0,Ladies 2pcs Gorgeous Fashion Shiny Rhinestone Inlaid Sexy Waist Chain Casual Vacation Best Friends Body Jewelry Set Gift,2.3,4,,False,True
,Not ranked,0,"1pc Venus Half Face Ring, Exaggerated Creative Personality Opening Ring, Suitable For Stylish Daily Wear For Men And Women",1.2,,5500.0,False,False
,Not ranked,0,"4pcs/set Copper, Minimalist Labret Lip Ring For Women And Men, Punk Piercing, A Fashionable Body Jewelry Gift For Any Occasion",1.3,,200.0,False,False
,Not ranked,0,1pc Men Round Pointer Quartz Watch & 3pcs Bracelet,3.8,,,False,False
,Not ranked,40,Men Solid Baseball Cap Casual,2.1,,20.0,True,False
,Not ranked,0,1pc Fashion Stainless Steel Oval Decor Cuff Ring For Women For Daily Decoration,1.6,,2200.0,False,False
,Not ranked,8,Cartoon Monkey Keychain,1.2,,200.0,True,False
,Not ranked,23,"Colorful Jute Twine Durable Packing Materials Natural Twine Jute Rope/String 25 Meters For Gift Pakcing & Arts, Crafts & Gardening & Decoration",1.46,,70.0,True,False
,Not ranked,0,"16pcs/set Vintage Minimalist Joint Finger Ring Set In Gold Color, Suitable For Various Occasions",1.8,,5100.0,False,False
,Not ranked,6,Vintage 1pair Metal Frame Sunglasses With Case For Daily Life Sunglasses Beach Sun Glasses,2.9,,4100.0,True,False
,Not ranked,8,1pc Trendy Men's Polarized Sun Glasses Lightweight UV Resistant Driving Fishing Square Glasses For Men Shades Accessories,3.5,,200.0,True,False
,Not ranked,35,"1pc Beach Style Woven Rattan Belt, Stretchy & Adjustable Elastic Wide Waist Belt For Women's Clothing",2.13,,200.0,True,False
,Not ranked,0,"(With Card) 1pc Personalized Bridesmaid Necklace As Bridesmaid Proposal Gift Or Bridesmaid Set, Bridesmaid Jewelry",2.0,,1500.0,False,False
,Not ranked,0,"1pc Thickened Transparent PVC Gift Bag, Wedding Gift Handbag, Shopping Bag, Hand-Held Gift Bag, Suitable For Shopping, Wedding, Birthday Party, Souvenir, Etc.",1.8,,5900.0,False,False
,Not ranked,0,1pc European And American Fashion Simple Style Creative Geometric Hollow Out Large Teardrop/Heart/Heart Couple Double Layer Round Shape Pendant Handmade Metal Wire Drawing Effect Adjustable Long Necklace Suitable For Women Daily Wear,2.7,,3500.0,False,False
,Not ranked,7,"Y2K Hollow Out Sunglasses, Retro UV Resistant Sunglasses, Personalized Street Photos, Sunglasses For Women Shades Beach Accessories",1.3,,90.0,True,False
,Not ranked,7,1pc Women Solid Wide Brim Boho Straw Hat For Outdoor,5.5,,1900.0,True,False
,Not ranked,40,"1pc Women's Plus Size Four Loop Buttoned Solid Color Waist Belt, Suitable For Daily Wear",2.22,,200.0,True,False
,Women Fashion Glasses,20,1pair Women Square Frame Fashion Glasses Black Shades For Daily Life Shades Beach Accessories,3.2,10,,True,True
,Not ranked,0,1pc Minimalist Waterproof 14K Gold Plated Stainless Steel Snake Chain Necklace Hollow Heart Design Mother's Day Gift Necklaces Women Party Chunky Jewelry,2.5,,1500.0,False,False
,Not ranked,0,1pc Thickened Transparent Pvc Gift Bag Wedding Favor Candy Box Handbag,2.3,,3000.0,False,False
,Not ranked,8,1pc Flaws And All Music Keychain/W2e Band Fan Y2k Beaded Keychain Casual,2.4,,700.0,True,False
,Not ranked,0,"1pc Venus Half-Face Sculpted Ring, Fashionable Exaggerated & Minimalist Style Ring For Men And Women, Suitable As Index Finger Ring",1.6,,3100.0,False,False
,Women Fashion Glasses,7,1pc Oval Personality Metal Small Round Trendy Fashion Glasses Shades Beach Accessories,3.9,8,,True,True
,Not ranked,7,2pcs Bow Decor Hair Clip,1.3,,,True,False
,Not ranked,0,Rhinestone Decor Geometric & Water Drop Earrings,2.4,,3900.0,False,False
,Boho Women Pants Chain,8,"1pc Ladies' Bohemian & Western Style Carved Flower & Geometric Pattern Vintage Waist Chain, Casual And Fashionable, Gold Color Boho",4.7,1,,True,True
,Women Waist Chain,5,1pc Fashionable Simple Heart Shaped Rhinestone Alloy Waist Chain For Dress Decoration Women,3.5,8,,True,True
,Not ranked,6,1pc Square Irregular Metallic Double Beam Pilot Sunglasses Frame Fashion Sunshade Outdoor Goggles,4.9,,500.0,True,False
,Not ranked,10,"1pc Bridal Veil With Beaded Edge For Wedding Party, Simple Style For Civil Marriage Registration & Photography Prop Accessory",3.42,,100.0,True,False
,Not ranked,0,2pcs/set Minimalist Chain Necklace,2.0,,1200.0,False,False
,Women Long Necklaces,1,"1pc Gold-Color Y-Shape Necklace With Artificial Pearls For Party, Annual Meeting, Vacation Decorative Accessory",1.98,2,,True,True
,Not ranked,9,"1pc Custom Music Code Keychain, Custom Engraved Music Keychain, Personalised Music Keychain, Custom Keychain With Music Code, Custom Stainless Steel Keychain, Mother's Day Gift, Father's Day Gift, Anniversary Gift, Valentine Gift, Birthday Gift, Wedding Gift, Best Friend Gift, Gift For Mom/Dad, Gift For Girlfriend/Boyfriend",2.0,,300.0,True,False
,Not ranked,7,Boho Bead Decor Flower Embroidered Long Fingerless Gloves,2.5,,70.0,True,False
,Not ranked,5,1pc Floral Print Scarf Hair Tie For Daily Casual Outing Wear Boho,1.8,,200.0,True,False
,Not ranked,0,10pcs DIY Keychain Accessory,1.8,,,False,False
,Not ranked,0,1 Pair Stainless Steel C-Shaped Shell Stud Earrings For Women Ocean Summer Beach Jewelry Vacation Gift,2.2,,800.0,False,False
,Not ranked,20,Retro Turquoise Plated Three-color Men's And Women's Rings European And American Wedding Commemorative Jewelry,1.44,,2600.0,True,False
,Not ranked,0,"1pc Black Zinc Alloy Casual Compass Round Dial Pocket Watch, For Daily Life",3.6,,60.0,False,False
,Not ranked,0,1pair Irregular Geometric Seastar Shaped Pendant Earrings In European And American Nautical Style,1.4,,3300.0,False,False
,Not ranked,0,1PC Business Banquet Fashion Gothic Punk Style Purple Cubic Zirconia Bold Vintage Ring For Men's Dating Party Wedding Engagement Jewelry Accessories Decoration Valentine's Day Gift,2.2,,300.0,False,False
,Not ranked,40,Crown Hot Stamping Scarf Boho,12.0,,,True,False
,Not ranked,7,Cat Cosplay Set- Cat Ear Headband & Tail- Handmade Furry Animal Ear Hairband & Long Tail Costume Accessories,12.9,,100.0,True,False
,Not ranked,7,Vintage Bohemian Western Style Totem Carving Geometric Patchwork Metal Alloy Dangle Earrings (1pair),1.4,,2800.0,True,False
,Not ranked,39,"1pc Unisex Breathable Headscarf, Summer Sweat-Absorbing Pirate Hat Sports Riding Running Cap, Suitable For Outdoor Cycling, Ideal Gift",1.59,,200.0,True,False
,Not ranked,0,"1pc Unisex Beige Apple Watch Band Apple Watch Strap Band Apple Watch Band Apple Watch Strap Strap Leather Band, Compatible With Apple Wtach Band 45mm 49mm 38mm 40mm 41mm 42mm 44mm Sports Series Ultra Se 8 7 6 5 4 3 2 1, Replacement Strap Accessory",2.9,,700.0,False,False
,Not ranked,0,1pc Fashionable & Glamorous Rhinestone Embedded Metal Watchband Compatible With 38/40/41/42/44/45/49mm Apple Watch Ultra/SE/8/7/6/5/4/3/2/1 For Women,5.6,,700.0,False,False
,Not ranked,7,"Vintage Baseball Cap For Women Men, Autumn Stylish Ins Alphabet Embroidered Baseball Cap, Suitable For Daily Use In Summer Street",4.1,,1400.0,True,False
,Not ranked,20,1pc Fashion Zinc Alloy Sling Body Chain For Women For Summer Beach Party,1.2,,4900.0,True,False
,Not ranked,6,1pc Black Mesh Embroidered Water-Soluble Lace Ruffle Applique Patch,1.5,,70.0,True,False
,Not ranked,7,"1Pc Unisex Embroidered Wings Baseball Cap - Breathable, Lightweight, Adjustable Fit - Casual And Sporty Snapback For All Seasons",4.2,,200.0,True,False
,Women's Scarves,5,Elegant 1pc Women Solid Sparkling Shimmering Silk Chiffon Daily Headscarf Beach Shawl Sunscreen Scarf Hijabs,3.8,2,,True,True
,Not ranked,37,Gothic Style Retro Black Moon & Big Moon Shaped Earrings For Y2k Women,0.76,,2400.0,True,False
,Not ranked,0,"4pcs Women's Bracelets, Luxury Gold-Plated Jewelry For Weddings And Parties, Bridal Gift",11.1,,3200.0,False,False
,Not ranked,0,"1pc Fresh Candy-Colored Resin Marble Pattern Bracelet, Fashionable And Elegant, Versatile And Vintage, Romantic And Three-Dimensional Irregular Square Bohemian Style, Orange & Rose Red & Multicolor Acrylic Bangle, Ideal For Gift, Casual, Vacation, Daily Dating Wear.",3.0,,1600.0,False,False
,Not ranked,5,"1pc Sweet Acrylic Seashell Hair Clip, Suitable For Daily Wear, Vacation, Party, Gift",1.8,,2200.0,True,False
,Not ranked,0,Turquoise Decor Open Hoop Earrings,1.9,,900.0,False,False
,Not ranked,11,"4pcs Women's Square Buckle Simple And Versatile Waist Belt Set For Daily Attire, Suitable For Dress And Jeans",6.53,,2700.0,True,False
,Not ranked,0,1pc Cartoon Cute And Elegant Sanrio Hello Kitty Metal Bracelet,3.6,,300.0,False,False
,Not ranked,0,Summer Vibes Kolye Square Evileye Beaded Charm Fashion Jewelry Creative Bohemian Colourful Polymer Clay Necklace For Women Collier Perles Ajustable,4.2,,100.0,False,False
,Not ranked,0,Gemstone Decor Ring,1.4,,200.0,False,False
,Not ranked,0,"2pcs/Set Imitation Zirconia Cross Pendant And Malachite Chain Pendant Necklace For Men & Women, Fashion Hip-Hop Punk Vintage Necklace Suitable For Daily Wear Or Party, 4 Styles Can Be Selected",4.5,,1000.0,False,False
,Not ranked,34,"Ruige Men's Quartz Watch Waterproof With Night Light & Stainless Steel Strap, Delicately Decorated With Rhinestones",8.51,,100.0,True,False
,Not ranked,0,"6pcs 'but Did You Die Hangover Kit' Hangover Kit Burlap Bags, Emergency Pouches For Bachelorette Party Favors",2.9,,2600.0,False,False
,Women Layered Necklaces,6,3pcs/Set Fashionable Simple Minimalist Layered Chain Necklace,1.79,8,,True,True
,Not ranked,20,"1 Set Of Stainless Steel Circle Stud Earrings, Includes Both Gold And Silver, Suitable For Men And Women's Daily Wear, Fashionable And Simple",1.44,,5900.0,True,False
,Not ranked,8,"New Checked Decor Cross-Border Professional Neck Scarf For Spring And Autumn Fashionable Chic Small Silk Scarf Neck Wrap Bandana,Hair Band,Head Band Ideal For Dressing Up Your Look",2.3,,500.0,True,False
,Not ranked,0,"9pcs/set Creative Hollow Out Chain & Heart Shaped Ring, Minimalist Gemstone-embellished Ring Set",1.8,,4400.0,False,False
,Not ranked,47,Ombre Ruched Tube Animal Costume Set With Headband,8.48,,,True,False
,Black Women Belts & Belts Accessories,20,1pc Women Letter Buckle Casual Belt For Daily Life,4.4,9,,True,True
,Not ranked,6,1 New American Independence Day Hair Clip With Ribbon Bow Hair Accessory For Adult Party Decoration Suitable For Wearing On Independence Day,1.5,,800.0,True,False
,Headwear & Hats,8,"1pc Cooking Mouse King Headband, Adorable Plush Mouse Wash Face Hair Accessory For Girls, High Top Knot Cute Headband. (Pattern And Color Random)",3.7,8,,True,True
,Not ranked,8,"Tiger Head Patch Embroidered Armband With Hook Loop Fastener, Suitable For Backpack, Clothing And Equipment Magic Sticker Armband Embroidered Patch Flower With A Velour Surface Tactical Patch.",2.2,,100.0,True,False
,Not ranked,20,1pc Wide Brim Straw Hat Boho,7.84,,1400.0,True,False
,Fine Single Ring,0,"S925 Pure Silver Ring With Heart Design And Cubic Zirconia Inlaid, Women's Jewelry Ring Wedding Engagement Bridal Jewelry",3.5,10,,False,True
,Not ranked,0,1pc Sun Charm Coin Pendant Necklace,1.4,,1400.0,False,False
,Not ranked,0,1 Pc BIRD Bamboo Wood Watches Men Top Luxury Personality Wristwatch For Him Valentine'S Day Gifts Clock Simple Father,9.0,,60.0,False,False
,Not ranked,7,"22pcs Cross Patches, Iron On/Sew On Cross Applique Patch, DIY Iron Patches For Jeans Hats Shirts Jackets Backpacks Clothing Accessories",4.2,,600.0,True,False
,Women Nose Ring,20,"9pcs European & American Style Non-pierced U-shaped Nose/septum/ear Clip With Micro-inlaid , Adjustable Jewelry Suitable For Women's Daily Wear",3.6,9,,True,True
,Women Long Necklaces,0,"1pc Golden/Silver Tone Circle Glass Beaded Y-Shape Long Necklace For Party, Annual Meeting, Vacation Decorations",2.0,5,,False,True
,Not ranked,0,Double-Layer Circle & Letter Pattern Pendant Necklace,2.0,,1100.0,False,False
,Fittings DIY & Tools,9,Sanrio 50pcs Officially Licensed Vinyl Sticker Waterproof UV Scratch Resistant Great For Mom Dad Grand Mother Father Teacher Sister Brother Boy Girl Friend Funny Valentine'S Day Gifts Badtz-Maru Pompompurin Little Twin Stars Mimmy Hangyodon Tuxedo Sam Rilakkuma,3.2,8,,True,True
,Not ranked,50,12pcs Cartoon Graphic Random Gift Bag,1.15,,30.0,True,False
,Not ranked,0,1pc Men's Trendy Roman Numeral Starry Sky Hip-hop Style Luxury Rhinestone Quartz Wristwatch For Daily Decoration,4.9,,200.0,False,False
,Not ranked,0,Fashionable Pearl Double-Layer Pendant Long Necklace Sweater Chain Accessory,4.9,,1100.0,False,False
,Not ranked,29,1pc/2pcs/4pcs Multipurpose Round Portable Jewelry Earring Ring Accessory Velvet Storage Box,4.16,,50.0,True,False
,Boho Women Sunglasses,6,Tortoiseshell Frame Fashion Glasses Boho For Women's Gift For Summer Sunglasses Beach Sun Glasses,2.9,7,,True,True
,Not ranked,0,"European And American Style Colorful Rhinestone Waterdrop Shaped Hoop Earrings For Men And Women, Handmade Beaded Stud Earrings",1.9,,1100.0,False,False
,Not ranked,0,Flower Decor Stud Earrings,1.3,,5100.0,False,False
,Not ranked,6,"1pc Rainbow Floral Print Scarf, Fashionable Women's Spring/Summer Long Scarf, Imitation Silk Headscarf, Sunscreen Beach Shawl, Flowers Long Shawl",4.7,,60.0,True,False
,Men Single Ring,0,1pc Fashionable Personality European And American Design Black 8-ball Ring Suitable For Men's Daily Wear,1.2,9,,False,True
,Not ranked,0,Original New Queen Lover Magician Moon Necklace Tarnish Free Stainless Steel Jewelry 18K Gold Plated Decoration,4.5,,,False,False
,Not ranked,0,10pcs/Pack Mix Style Fashion Simulation 3D Alcohol Bottle Resin Charms Pendant For Women Jewelry DIY Making Craft,2.8,,1000.0,False,False
,Not ranked,7,"1-Pack Black Wonderful Natural Breathable Invisible Wig Cap, Can Be Worn While Dancing To Prevent Falling, Suitable For Role Playing, Dances And Festivals, High-Quality Mesh Wig Cap, Suitable For Making Wigs, Crochet Wig Caps, Elastic Hair Nets, High-Definition Lace Wig Caps, Suitable For Wig DIY, Unisex Hair Accessories, Suitable For Any Face Shape, Funny Parties, Performances And Gatherings, Can Keep Warm In Winter, Can Protect Against The Sun In Summer, Can Also Be Put On The Hands, Cos Role",1.4,,20.0,True,False
,Not ranked,34,1pc Men's Watch Luxury Brand Dual Time Zone Quartz Wristwatch For Casual/Sports Men With Leather Strap,7.4,,,True,False
,Not ranked,0,"1pc Fashionable Men's Stainless Steel Business Quartz Wrist Watch, Festival Gift",3.3,,400.0,False,False
,Women Hat set,8,4pcs/2pcs Set Women/Men Y2K Fashion Knitted Beanie Hat Set For Climbing And Traveling,3.5,2,,True,True
,Not ranked,12,"1pc Metal Keychain Cute Shell Key Pendant Ins Bag Pendant Creative Small Gift Bag Accessories Gift, Gift, Accessories, Decor For Teen Girls Women College Students,Rookies & White-Collar Workers Car Accessaries Women Key Chain Charms",1.5,,700.0,True,False
,Not ranked,0,22pcs Diamond Inlaid Fashion Ring Y2k Punk Cross Butterfly Heart Multi-Element Ring Set Suitable For Women's Daily Wear,2.6,,6100.0,False,False
,Not ranked,0,European And American Style Personality Silver Pin Cross-Border New Water Drop Earrings With High-End Diamond-Studded Flashing Water Droplets Exaggerated Earring Accessories,6.5,,900.0,False,False
,Not ranked,0,1pc Fashionable Cross Virgin Mary Pendant Tassel Necklace Suitable For Girls Daily Wear,1.3,,900.0,False,False
,Not ranked,6,Street Chain Decor Corset Belt,2.9,,100.0,True,False
,Not ranked,9,1pc Oval Frame Classic Fashion Plastic Black Sunglasses For Men Outdoor Daily Life Travel UV Protection Accessories Casual Shades Accessories,2.1,,300.0,True,False
,Not ranked,20,8pairs/set Tassel & Flower Decor Earrings,2.88,,8200.0,True,False
,Not ranked,6,1pair Square Personality Classic Uv Protection Fashion Sunglasses Boho Sunglasses Beach Sun Glasses,3.2,,1100.0,True,False
,Not ranked,0,"6pcs/Set Fashionable Minimalist Metallic C-Shaped Basic Stud Earrings In Gold And Silver Colors For Women, Suitable For Vacation, Party, Date, Daily Wear, As A Gift",2.0,,7100.0,False,False
,Wedding Bouquets,7,"1pc Wedding Bridal Bouquet, Artificial Silk Rose Flower Bridesmaid Photo Prop, Perfect For Bride Proposing, Anniversary And Graduation Ceremony",6.2,4,,True,True
,Not ranked,7,"3pcs Sun And Moon Embroidered Rider Patch DIY Applique For Ironing And Sewing On Clothes, Jeans, Bags, Shoes, Hats, Etc.",2.6,,10.0,True,False
,Not ranked,20,"1pc Pearl Headband & Veil Wedding Bridal Hair Accessories, Party Decoration Elegant",6.08,,1900.0,True,False
,Not ranked,0,7pcs Cubic Zirconia Decor Earring,4.6,,2300.0,False,False
,Not ranked,0,1pc Liquid Metal Silver Wavy Wide Cuff Bracelet,1.7,,1600.0,False,False
,Hair Bands,7,"1pc Handmade Floral Embroidery Design Headwrap Headband With Scalloped Edge, Perfect For Daily And Vacation Use",1.67,7,,True,True
,Not ranked,0,1pc Metallic Hollow Out Irregular Geometric Multiple Element Heart Shaped Pendant Collar Necklace For Women Fashion Casual Street Party Jewelry,1.3,,4900.0,False,False
,Not ranked,12,"In 2024, The New Fashion Classic Joker Solid Color Gold Fold Design Clutch Dinner Bag Is Suitable For Parties.",8.4,,400.0,True,False
,Not ranked,6,"14 PCS Kawaii Headbands Cartoon Kitten Hair Pins, Non-Slip Metal Snap Pins, Cute Headbands For Women Teens Girls Bow",3.1,,1400.0,True,False
,Not ranked,8,1pc Super Fairy Butterfly Orchid Flower Hair Clip Side Alligator Hair Clip Hairpin Suitable For Vacation Travel Wear And Decoration,1.2,,1400.0,True,False
,Not ranked,18,"1pc French Retro Mini Dial Women's Watch In Gold, Elegant & Exquisite, Water Resistant Quartz Watch For Daily Wear, Dinner Party & Other Occasions",9.8,,500.0,True,False
,Not ranked,0,1pc Summer Beach Gold Bracelet Female Metal Simple Double Linear Bracelet Party Holiday Jewelry,1.1,,3000.0,False,False
,Fine Stud Earrings,0,2pcs 925 Sterling Silver 2.0mm Round Cubic Zirconia Open C Design Hoop Earrings,2.5,10,,False,True
,Casual Women Belts & Belts Accessories,9,4pcs/set Simple Women's Belt Set,3.1,10,,True,True
,Not ranked,0,"1pc Pre-Owned Ladies' Niche Luxury Fashionable Ins Style Elegant Watch Bracelet Suitable For Daily Wear, Party And Other Occasions",8.8,,1400.0,False,False
,Not ranked,0,"1pc Red Heart Shaped 3D Pendant Black Cord Necklace For Women, Simple & Fashionable Valentine's Day Gift",2.3,,1900.0,False,False
,Fine Chain Bracelets,0,1pc 925 Sterling Silver Simple And Personalized Fashionable Cubic Zirconia Ring Bracelet,6.4,7,,False,True
,Women Eyeglasses,7,"2pcs Transparent Plain Glasses Female With Big Frame, Blue Light Blocking Glasses, Light Weight",2.5,7,,True,True
,Not ranked,43,1pc Black Leisure Men's Outdoor Travel Autumn Winter Warm Forward Hat,1.77,,100.0,True,False
,Not ranked,0,Men's Casual Sports Quartz Wristwatch With Date Display,7.7,,100.0,False,False
,Not ranked,0,Cubic Zirconia Decor Ring,5.0,,,False,False
,Not ranked,0,"Simple And Gun Black Plated Ring From Europe And America [0.0.3], 1pc",1.8,,400.0,False,False
,Not ranked,50,"1pair Acrylic Bling Bling Earrings With Long Usa Letter Pendant In Red, White And Blue, For American Independence Day",0.85,,2000.0,True,False
,Not ranked,8,"1PC Ladies Tropical Leaf Print Square Scarf Elegant Neckerchief Bandana Women Satin Head Scarf Hair Accessories Bandana,Hair Band,Head Band Ideal For Dressing Up Your Look",2.3,,1500.0,True,False
,Not ranked,17,"Unisex 20pcs Stainless Steel Ring Set - Simple Mix&Match, Surprise Style For Everyone",2.49,,60.0,True,False
,Not ranked,0,Rhinestone Heart Drop Earrings,2.2,,600.0,False,False
,Vintage Sunglasses,20,1pair Women Vintage Square Cat Eye Frame Black Shades Fashion Glasses For Daily Life Cute Shades Beach Accessories,1.92,3,,True,True
,Not ranked,31,"1pc Vintage Tail Ring Couple Ring Set, For Men And Women, Adjustable Design",0.96,,100.0,True,False
,Not ranked,0,"20g/Pack Mixed Ocean Themed Zinc Alloy Pendant Set With Starfish, Seashells, Fish, And Dolphins For DIY Earrings, Bracelets And Necklaces",2.6,,,False,False
,Not ranked,0,"1pc Men's Stainless Steel 18k Gold Plated Algeria Chain Necklace, Featuring Dragon Head Clasp, Hip Hop Style, Suitable For Gifting On Valentine's Day, Friendship Day, , Mother's Day, Etc.",4.3,,1100.0,False,False
,Not ranked,83,"1pc Of 1.69oz Simulated Cream Glue DIY Handmade Customized Material, Cheap Set Of Vintage Stationery Case, Small Hair Clip Resin, Cream Glue",0.35,,200.0,True,False
,Not ranked,0,"6pcs Simple Copper Material Geometric Metallic Earrings Suitable For Women's Daily Wear, Wedding Gifts",1.9,,10000.0,False,False
,Not ranked,0,A Delicate And Elegant Heart-Shaped Pendant Design 18K Gold Plated Stainless Steel Necklace Is Suitable For Women To Wear At Parties Or As A Gift For Mothers.,2.0,,1800.0,False,False
,Not ranked,44,"1pair Women Square Frame Casual Fashion Glasses, For Daily Life Shades Beach Accessories",1.68,,1300.0,True,False
,Not ranked,7,Elegant Boho Rhinestone Decor Elastic Belt for Coats and Dresses,5.4,,100.0,True,False
,Not ranked,30,Punk Gothic Style Cross Pendant Necklace Suitable For Daily Wear,0.84,,800.0,True,False
,Not ranked,0,1Pc Colored Retro Baroque Premium Gold Plated Crystal Water Diamond Ring French Irregular Geometry Metal Gold Ring Daily Fashion Gift,3.3,,400.0,False,False
,Not ranked,7,"1pc White Mesh Puff Sleeves Decorative Bridal Sleeve, 2pcs With Elastic Cuffs",11.2,,70.0,True,False
,Not ranked,11,Mini Rhinestone & Faux Pearl Decor Top Ring Evening Bag,16.0,,,True,False
,Women Quartz Watches,0,Rectangle Pointer Quartz Watch,3.1,6,,False,True
,Not ranked,0,"5pcs-Gift Boxes And Lids, Large White 10.6X8X3.2 Inch Gift Boxes, Bridesmaid Suggestion Boxes And Ribbons, Cowhide Cartons For Weddings, Wedding Anniversaries, Packaging, Gifts, Birthdays, Baths, Christmas Thanksgiving, Parties And Mother's Day.",2.4,,300.0,False,False
,Not ranked,8,"1pc Printed TITO'S HANDMADE Colorblock Trucker Hat, Adjustable Sunscreen Leisure Cap For Spring/Autumn Travel Beach Vacation, Suitable For Men",3.3,,10.0,True,False
,Not ranked,0,"10/20 Pcs Mini Cowboy Hat Plastic Mini Western Hat Cute Doll Hat PartyHats For Pretend Play Dollhouse Decoration Gnome Plates, Mini Cap Accessories",2.0,,400.0,False,False
,Not ranked,0,5pcs Retro Multi-Layer Heart Shaped Relief Figure & Cross Pendant Necklace,2.8,,2100.0,False,False
,Not ranked,7,"1pc Unisex Y2k Style Baseball Cap With America Atheltic Dept Embroidery, Outdoor Sun Protection Hat For Sports, Daily Commuting Street",3.8,,2200.0,True,False
,Women Arm Chain,0,1 Pc Starfish Design Summer Vocation Beach Style Upper Arm Cuff Body Jewelry,2.8,7,,False,True
,Not ranked,7,1pc Women Black Fashionable Solid Skinny Belt For Daily Life,2.8,,1000.0,True,False
,Not ranked,0,"1pc Fashionable Minimalist Style Multi-Element Metal Geometric Bangle, Women's Thick Gold & Silver Durable Open Cuff Bracelet, Daily Wear Decorative Charm Jewelry Gift",3.0,,1100.0,False,False
,Women X Decor Body Chain,0,Minimalist Body Chain,1.4,1,,False,True
,Not ranked,6,"Trendy And Retro Flat Glasses Women's Ins Style Blue Light Blocking Eyeglasses, Elegant And Versatile Clear Glasses Accessories",4.4,,3400.0,True,False
,Not ranked,20,Cubic Zirconia Leaf Charm Necklace,1.36,,900.0,True,False
,Women Eyeglasses,4,1pc Unisex Square Shape Gold & Black Stud Anti-Blue Light Glasses Clear Glasses Accessories,2.3,10,,True,True
,Not ranked,7,"New Vintage Bohemian Design Cat Eye Sunglasses For Women And Men, Fashionable Retro Punk And Light Business Style With PC+Metal Decor",5.1,,300.0,True,False
,Not ranked,0,3pcs Faux Pearl & Rhinestone Decor Cuff Ring,1.9,,5100.0,False,False
,Not ranked,5,1pc Punk Style Coin Pendant Multi-layer Necklace,2.0,,6900.0,True,False
,Not ranked,0,"European And American Ins Style Faux Gemstone Ring For Women, High-end Ocean Wave Geometric Setting Rhinestone Ring For Index Finger, Open Snake Ring Set For Women (8pcs)",1.5,,10000.0,False,False
,Not ranked,0,"1pc Roman Numerals Vintage Pocket Watch Shaped Pendant Necklace For Men & Women, Flip Cover Watch Design",3.1,,70.0,False,False
,Not ranked,5,"Chinese Style Silver-Plated White Fan For Wing Chun Dance, Weddings, Hanfu And Cheongsam Accessories",1.9,,40.0,True,False
,Not ranked,0,Chain Tassel Jhumka Drop Earrings,2.4,,500.0,False,False
,Not ranked,9,Men Hollow Out Round Frame Fashion Glasses Vintage Shades Accessories,4.1,,500.0,True,False
,Not ranked,0,5pcs Faux Pearl Decor Ring,1.8,,200.0,False,False
,Not ranked,15,ROMWE Kawaii Heart Decor Thigh Garter,2.04,,500.0,True,False
,Not ranked,27,1pair Y2K Women Flat Top Fashion Glasses For Summer Women's Sunglasses Street Shades Beach Accessories,3.14,,3700.0,True,False
,Not ranked,19,"12pcs Mini Cowboy Boot Shot Glasses, Plastic Western Cowboy Beer Mugs, Cool Party Cups, Reusable Cowboy Cowgirl Party Decorations Supplies For Birthday, Theme Party",2.03,,300.0,True,False
,Not ranked,0,5 Pairs 316L Surgical Stainless Steel Small Hoop Earrings Set For Women Girls Men 14K Gold Huggie Hoop Earrings Tiny Cartilage Earrings 6mm 7mm 8mm 9mm 10mm Silver Hoop Earrings Multiple Piercing Jewelry Gift,3.0,,1300.0,False,False
,Not ranked,0,"2pcs-Set 14mm Wide Metal Detachable Stainless Steel Apple Watch Band With Dustproof Scratch-Resistant Soft TPU Apple Watch Case (With Screen Protector), Compatible With Apple Watch Ultra 2 1 SE S9/8/7/6/5/4/3/2/1 Series, Full Protection And A Perfect Gift For Family And Friends, Intelligent Apple Watch Accessory. Apple Watch Band Sizes: 38mm/40mm/41mm/42mm/44mm/45mm/49mm.",6.7,,90.0,False,False
,Not ranked,0,Men Watch 1pc Men's Black Nylon Strap Casual Industrial Style Round Dial Calendar Pointer Quartz Watch And 3pcs Bracelets Set Watch For Men Father's Day Gifts,3.2,,900.0,False,False
,Women Layered Necklaces,0,"1pc Delicate & Simple Faux Pearl Drop Pendant Multi-Layer Necklace, Suitable For Daily Wear For Women",2.3,6,,False,True
,Not ranked,0,"S925 Sterling Silver Ring With Oval-Shaped Cubic Zirconia, Jewelry For Ladies Wedding Engagement Bridal Jewelry",3.7,,200.0,False,False
,Not ranked,5,"Korean Fashionable Simple Decorative Belt For Women, No Hole, Versatile Accessory For Jeans, Students' Clothing",2.1,,1800.0,True,False
,Not ranked,6,"1pc Silly Goose Club Keychain For Car, Hotel, Luggage, Gift, Souvenir Casual",1.6,,2900.0,True,False
,Not ranked,7,1pc Faux Pearl Detail Bow Decor Elegant Bridal Veil For Wedding,2.7,,900.0,True,False
,Not ranked,8,1pc Unisex Wide Brim Summer Sun Hat For Outdoor Travel And Beach,7.3,,40.0,True,False
,Not ranked,20,"2.5*5mm Horse Eye Cubic Zirconia Tennis Bracelet, Unisex, Simple Style",1.84,,2400.0,True,False
,Not ranked,0,Water-drop Gemstone Decor Bracelet,1.9,,6800.0,False,False
,Not ranked,6,"Bridal Umbrella With Lace Hem And Wedding Dress Decoration, Available In Two Sizes",7.2,,100.0,True,False
,Not ranked,20,1pc Green Artificial Leaf Bridal Flower Crown Headband For Wedding Party Decoration Boho,2.72,,200.0,True,False
,Women Single Ring,1,"1pc Unisex Western Cowboy Style Turquoise Enamel Craft Irregular Shape Ring, Vintage",1.88,10,,True,True
,Not ranked,0,"3pcs Chain Watch Diamond-Studded Fashionable Unisex Necklace Bracelet Jewelry Set, Hip Hop Street Style Neutral Accessories For Daily Outfit",10.8,,,False,False
,Not ranked,0,"1pc Universal New Arrival European And American Style Exaggerated Big Brand Floral Necklace With Diamond, Women Mixed Accessories Bohemian Necklace",7.9,,500.0,False,False
,Watch Accessories & Tools,0,A Metal V-Shaped Connected Chain Watch Strap Compatible With Apple Watch Is A Stainless Steel Strap Suitable For The 38/40/41/42/44/45/49mm Ultra/Se/8/7/6/5/4/3/2/1 Series,4.7,6,,False,True
,Men Digital Watches,0,"1pc Multi-Functional 1.44-Inch Touch Screen Black Silicone Strap Smart Electronic Watch For Male Students, Equipped With Various Sports Modes, Camera And Control Functions, Suitable For Gifting And Sports Scenarios.",6.0,9,,False,True
,Women Bangles,20,6pcs/set Leaf Decor Arm Cuff,4.88,9,,True,True
,Not ranked,0,Random Mixed Italian Modular DIY Charm Bracelet Stainless Steel Elastic Bangle For Jewelry Making (Random Mixed Box),7.5,,200.0,False,False
,Smartwatch Band,0,Stainless Steel Watchband & Case Set Compatible With Apple Watch,5.4,10,,False,True
,Not ranked,0,"1 Pair Of Fashionable, Sweet Flower Ear Studs, Korean Style, Simple And Elegant, With Diamond-Studded Four-Leaf Clover Earrings For Ladies To Wear On Daily And Casual Occasions.",1.6,,300.0,False,False
,Not ranked,7,Tea Party Fascinator Kentucky Hat Women's Fascinator Derby Straw Pillbox Hat For Cocktail Wedding,16.4,,40.0,True,False
,Fine Single Ring,0,1PC 1ct Sparkle Oval Engagement Ring Wedding Band For Women S925 Sterling Silver Promise Ring Eternity Ring Fine Jewelry Gift,8.7,2,,False,True
,Not ranked,0,New Trendy Jewelry Summer Creative Design Green Natural Stone Beaded Enamelled Charms Necklace Cute Heart Gold Color Boho Star Dije Collars Pendant,5.1,,,False,False
,Not ranked,6,5pcs Checkered Pattern Hair Tie Elegant,1.6,,4400.0,True,False
,Women Quartz Watches,0,"Elegant Digital Display Women's Quartz Watch, Old Fashioned Casual Style Wristwatch For Ladies And Seniors",3.1,2,,False,True
,Not ranked,0,SANDA Top Brand Luxury Outdoor Sport Watches 50M Waterproof Men's Watch Dual Display Quartz Wristwatch for Male Digital Multifunction Stop-watch Alarm Clock Calendar Street Wear Cool Electronic Fashion For Gifts Birthday Christmas Casual,11.8,,400.0,False,False
,Not ranked,0,"1pc Transparent PVC Daisy Bag, Candy Box, Wedding Gift Bag, Bridesmaid Handbag",1.8,,100.0,False,False
,Not ranked,7,New Fashion Street Style Sunglasses Metal Frame Sun Glasses Trendy Shades Elegant Shades Beach Accessories,2.5,,4600.0,True,False
,Men Bangles,0,Punk PU Leather Cuff Bracelet - Goth Wristband with Metal Studded - 80s Punk Rock Accessories for Men Women,2.8,1,,False,True
,Not ranked,0,"1pc Vintage Style Colorful Stone & Freshwater Pearl Handmade Beaded Necklace, Sweet And Fashionable For Holiday",4.3,,,False,False
,Not ranked,7,1pc Solid Bridal Veil With Hair Comb Minimalist Non Slip Mesh Veil Elegant Headwear Decorative Hair Accessory Women's Short 2 Tier Lace Wedding Bridal Veil With Comb,5.0,,90.0,True,False
,Women Fedora Hat,7,"1PC Women's Solid Color Shiny Bling Wedding Hat. Unique Luxurious Crystal Pendant Design Paired With Artificial Pearl Letter'BRIDE'Novel Interesting Punk-Style KJ-Inspired Wide-Brimmed Bridal Veil Hat. Classy Aesthetic.Suitable For Role-Playing, Theme Parties, Engagement Parties, Makeup Parties, Festivals, Western Weddings, And Wearing,2024 Wedding Essentials,Classy Look",14.0,6,,True,True
,Not ranked,0,DAZY Heart Decor Necklace,1.3,,100.0,False,False
,Not ranked,22,1pc Fashionable Stainless Steel Bead Decor Cross Pendant Necklace For Women For Daily Decoration,2.26,,1600.0,True,False
,Not ranked,7,10pcs/Set Cloth Floral & Solid Color Scrunchies Hair Ties For Daily Wear Boho,2.5,,400.0,True,False
,Not ranked,6,Roman Numerals Detail Bangle,3.4,,500.0,True,False
,Not ranked,12,"Glamorous, Elegant, Exquisite, Quiet Luxury Sequin, Stylish, Luxury, Shiny Mini Glitter Decor Clip Top Chain Box Bag, Perfect Bride Purse For Wedding, Prom & Party Events Evening Bag, Dinner Bag For Party Girl, Woman",11.2,,20.0,True,False
,Not ranked,0,Rose Decor Choker,1.5,,300.0,False,False
,Not ranked,12,Cartoon Bagged Potato Chips Enamel Pin Custom ALL THAT AND A BAG OF CHIPS Brooch Lapel Backpack Badge Jewelry Gifts Accessories,1.5,,50.0,True,False
,Not ranked,0,Fashionable And Luxurious Rhinestone Studded Men's Square Steel Band Roman Numeral Scale Quartz Wristwatch,5.4,,500.0,False,False
,Not ranked,8,"1pc/6pcs Cartoon Pvc Daisy & Bee Theme Party Keychain Decoration For Children's Birthday Party And Baby Shower, Men's Gift",1.2,,100.0,True,False
,Not ranked,0,"1pc Rhinestone Geometric Pendant Layered Necklace, Stainless Steel Jewelry",1.6,,1300.0,False,False
,Not ranked,0,Minimalist Layered Arm Cuff,1.8,,900.0,False,False
,Fine Pendant Necklaces,0,1pc Exquisite Cubic Zirconia Decor Star & Cultured Faux Pearl Sterling Silver Pendant Necklace For Women For Daily Decoration Holiday,6.4,2,,False,True
,Not ranked,23,"15pcs/Set Vintage Beauty Portrait Design Coins, Cross, Floral & Hand Of Patterned Rings",1.46,,400.0,True,False
,Not ranked,0,2pcs Simple Watchband Set Compatible With Apple Watch,2.8,,30.0,False,False
,Not ranked,0,"European And American Hip-Hop Stainless Steel Unisex Cross Pendant Necklace, Cross-Border Collarbone Chain Jewelry",1.7,,3000.0,False,False
,Not ranked,0,1 Piece Fashionable Men's Classic Vintage Chain Quartz Pocket Watch,3.2,,60.0,False,False
,Not ranked,9,Street 1pc Women's Silver Chain Colorful Elegant Cubic Zirconia Jewelry,3.0,,400.0,True,False
,Fine Hoop Earrings,0,"1 Pair 18K Gold Plated Thick Chunky Huggie Hoop Earrings In S925 Sterling Silver For Women Men Girls, Small Cartilage Hoop, Tiny Helix Hoop, Minimalist Tragus Hoop, Piercing Jewelry Gift For Her, 5mm 6mm 7mm 8mm 9mm Holiday",6.0,5,,False,True
,Not ranked,0,"1pc Simple Design Capital Letter Square Pendant Necklace Made Of Gold Plated Stainless Steel, Suitable For Women To Wear In Daily Life. Perfect Birthday Gift!",1.9,,900.0,False,False
,Women Waist Chain,3,1PC Minimalist Beach Bikini Body Chain Bellybutton Chain Adjustable Charm Fashion Jewelry Women's Sexy Waist Chain,1.75,3,,True,True
,Not ranked,0,"1pc Ladies' Fashionable Stainless Steel Chain Necklace With Shell Flower Pendant, Golden",3.0,,2300.0,False,False
,Not ranked,6,"1pc Unisex Cute Resin Plush 3D Cat Keychain, Lovely Delicate Plush Stuffed Animal Couple Bag Keyring Pendant Party Favors",1.7,,1800.0,True,False
,Not ranked,0,1pc Marble Print Dial Quartz Watch & 4pcs Bracelet,4.3,,100.0,False,False
,Not ranked,51,"Cork Potion Bottle And Wizard Dark Cork Potion Bottle Round Spherical Glass Bottle With Medieval Knight Leather Belt For Cosplay Accessories DIY Crafts, 250 Ml(Without Water)",3.12,,600.0,True,False
,Not ranked,0,Cubic Zirconia Oval Decor Ring,2.2,,1700.0,False,False
,Not ranked,0,Boho Trendy Short Pink Love Heart Pendant Charm Necklace Hand-Made Exquisite Evil Eye Moon-Shape Pendant Choker Women Charm Jewelry Gifts Multicolor Wholesale,4.5,,500.0,False,False
,Not ranked,3,"1pc Golden Women's Simple Horseshoe Shaped Watch Case, Colorful Dial, Metallic Alloy Watchband, Fashionable Quartz Watch For Daily Wear",3.4,,500.0,True,False
,Not ranked,0,"1pair Pre-Owned Heart Shaped Pearl Stud Earrings & Irregular Shape Heart Earrings, Fashionable Accessory For Girls",2.0,,20.0,False,False
,Not ranked,20,3pcs/Set Vintage Bohemian Turquoise Horseshoe Shape Bib Necklace & Stud Earrings For Women Western Jewelry,4.96,,1400.0,True,False
,Not ranked,20,"Cute 1pc Women's Bowknot Lace Sweet Lolita Headband Hair Accessory For Daily Wear, Cosplay And Going Out",2.07,,200.0,True,False
,Fine Pendant Necklaces,0,1pc Exquisite Cubic Zirconia Decor Cross Sterling Silver Pendant Necklace For Women For Gift,6.3,3,,False,True
,Not ranked,0,1pc Simple Stainless Steel Circle Pendant Necklace For Festival,1.7,,600.0,False,False
,Not ranked,4,1pc Small Frame Personality Metal Versatile Y2k Fashion Glasses Shades Beach Accessories,2.2,,1700.0,True,False
,Not ranked,20,Heart Shaped Stud Earrings,1.04,,60.0,True,False
,Not ranked,24,"1pc French Vintage Style Gold Dial Quartz Copper Watchband Women's Wristwatch, Elegant, Fashionable, Exquisite And Compact, Ideal For Daily Wear, Dinner Party And Other Occasions To Decorate Your Wrist",8.7,,400.0,True,False
,Not ranked,0,100pcs/Lot 6*9mm Round Colorful Pony Spacer Bead Acrylic Dirty Braid Big Hole Beads For DIY Jewelry Making Bracelet Necklace HandCraft Supplies,1.6,,1900.0,False,False
,Not ranked,8,7pcs Daisy & Strawberry Pattern Scrunchie Casual,2.2,,200.0,True,False
,Not ranked,0,"1pc Bohemian Yellow Pearl Handcrafted Bracelet With A Bow And A Large Pearl Bracelet In The Middle, Gift For Her",1.8,,500.0,False,False
,Not ranked,0,1pc Simple Elegant Small Women's Watches Luxury Brand Gold Wrist Watches For Women Ladies Quartz Watches,3.4,,200.0,False,False
,Not ranked,7,"1pc Unisex Solid Unique Shiny Rhinestone Hollow Star Printed Cowboy Hat For Men & Women, Suitable For Party, Western Theme Event, Engagement, Role Playing, Graduation Ceremony, Costume Ball, Festival, Wedding, Birthday Celebration, Music Festival, And Adult Ceremony, Street Fashion, 2024 Wedding Essentials, Classy Aesthetic, Dinner Party Essentials",10.2,,100.0,True,False
,Hair Claws,8,"20pcs Cute Five-Pointed Star Braided Mini Hair Claw Clips,Colorful Mini Hair Clips(For Girls) Side Clips,Bangs,Small Broken Hair Clips, Hair Accessories",1.94,3,,True,True
,Not ranked,0,1pc Hawaiian Flower Pendant Necklace Marshallese Kiribati Guam Micronesia Chuuk Pohnpei Jewelry Weeding Products,3.6,,2300.0,False,False
,Not ranked,42,"1pc Retro Jesus Oval And Virgin Mary Round Keychain, Suitable For Men, Jesus Jewelry Accessory, Birthday Party Gift, Suitable For Friends And Lovers",0.87,,600.0,True,False
,Not ranked,0,MOTF PREMIUM BUCKLE BELT WITH SHOVEL EDGE ELEGANT,9.99,,700.0,False,False
,Women Fedora Hat,8,"1pc Woman's Cowboy Hat With Beaded Embellishments, Western Style Jazz Hat, Wedding Bridal Hat Party Cowboy Hat Cowgirl Hat",8.51,5,,True,True
,Not ranked,0,1pc Vintage Simple Alloy Single Layer Thin Chain Waist Chain,1.9,,1200.0,False,False
,Not ranked,7,"Independence DayRainbow Cowboy Hat,Fourth Of July,Hard-Top,American Flag Printing USA,American Western Cowboy Hat",10.4,,40.0,True,False
,Not ranked,0,"50/100pcs, Black Thank You Gift Bag, Reusable Portable Plastic Bag, Jewelry Bag, Clothing Bag, Cosmetic Packaging Bag, Shopping Bag, Retail Bag, Small Business Supplies, Shopping Bag, Party Bag, Party Gift Bag, Craft Tote Bag, Party Favors For Birthday, Holiday Packaging",3.8,,20.0,False,False
,Not ranked,7,"1pc Acetic Acid Pink Romantic & Dreamy Flower-Shaped Hair Claw Clip With Rhinestone Decor, Great For Spring And Summer",3.8,,900.0,True,False
,Fedora Hat,7,Unisex Brown Hollow Out Straw Sun Hat Cowboy Hat - Perfect For Outdoor Leisure And Beach Vacation,9.4,9,,True,True
,Not ranked,0,Rhinestone Heart Charm Necklace,1.8,,1000.0,False,False
,Not ranked,0,3pairs Butterfly Decor Stud Earrings Copper Jewelry,1.7,,200.0,False,False
,Not ranked,20,12pcs/set European And American Bohemian Style Multicolor Wax Rope Bracelet For Women,1.76,,4000.0,True,False
,Women Body Chains,20,Snake Design Arm Cuff,1.44,4,,True,True
,Not ranked,8,Square Buckle Chain Belt,3.3,,,True,False
,Not ranked,8,"Elegant 1pc Women Vintage Fashion Metal Hexagonal Sunglasses With High Definition UV-Blocking Lenses, Suitable For Various Occasions Sunglasses Beach Sun Glasses",3.5,,500.0,True,False
,Not ranked,6,Metal Frame Fashion Glasses Business Style Vintage Shades Beach Accessories,3.4,,1500.0,True,False
,Not ranked,9,135CM Round Buckle Plus Size Belt Elegant,3.1,,100.0,True,False
,Not ranked,0,"6pcs/2pcs Gunny bags, candy snack bags gift bags gift bags hangover Recovery Kit' Hangover Relief Kit Burlap Bag & Emergency Packaging Bag For Bachelor/ Bachelorette Party Supplies",1.7,,2300.0,False,False
,Not ranked,15,DAZY Fashionable Simple Hoop Earrings,1.19,,400.0,True,False
,Not ranked,20,Feather Braided Leather Bracelet With Vintage Bohemian Green Turquoise Stone And Magnetic Clasp,2.32,,3100.0,True,False
,Not ranked,20,1pc Golden Cowboy Boot Pendant Necklace,1.36,,5500.0,True,False
,Not ranked,20,Rhinestone Decor Ring,1.28,,100.0,True,False
,Not ranked,0,Star Decor Threader Earrings,1.9,,200.0,False,False
,Not ranked,6,Floral Print Kerchief Boho For Summer,1.7,,100.0,True,False
,Not ranked,0,"1pc Fashionable Minimalist Style Multi-Element Metal Geometric Cuff Bracelet For Women, Durable Gold & Silver Plated Open Cuff Bracelet, Everyday Charm Jewelry Gift",2.9,,1700.0,False,False
,Not ranked,0,"10 Pairs Small Gold Hoop Stud Earrings For Women, 18K Gold Plated Tiny Stainless Steel Earrings Sets For Multiple Piercing, Dainty Huggie Hoop Earrings For Cartilage Heilx Tragus",5.8,,3700.0,False,False
,Not ranked,6,Rhinestone Crown Design Headband Royal Tiaras,6.4,,100.0,True,False
,Not ranked,0,18K Gold Plated Fashionable Casual Versatile Commuter Vintage Colorful Bangle Jewelry Women Bracelet,4.1,,1100.0,False,False
,Not ranked,46,"Resin Flocked Cute 3D Cat Pendant, Suitable For DIY Handicrafts, Packaging Decoration, Earphones, Mobile Phone Chains, Keychains, Children's And Adult's Gifts",0.87,,400.0,True,False
,Not ranked,0,ROMWE Fairycore 1pc Fashionable Creative Geometric Spiral Pendant Necklace,1.9,,3100.0,False,False
,Not ranked,0,Set Of 12 Creative Baroque Jelly-Colored Rings With Relief Portraits For Women,1.9,,1800.0,False,False
,Not ranked,50,"5pcs Square Gift Boxes With Ribbon, Gift Packaging Box, Gift Box",2.3,,80.0,True,False
,Not ranked,25,Bead Decor Necklace,1.05,,1000.0,True,False
,Not ranked,0,Random Mix 2024 New Arrival Italian Stainless Steel Module Style Personality Bracelet Accessories For Men And Women,1.7,,200.0,False,False
,Not ranked,0,Geometric Charm Layered Necklace,1.5,,1300.0,False,False
,Not ranked,7,Solid Bucket Hat,5.5,,1100.0,True,False
,Fine Chain Bracelets,0,1 PC Genuine 925 Sterling Silver Double Layers Chain Bracelet Women Hand Chain Polished Finish Jewelry Gift For Birthday Anniversary Day Wedding Party Holiday,5.8,8,,False,True
,Women Scarves & Scarf Accessories,10,"1pc Simple Printed 70s Square Scarf, New Spring Fashion Bandana For Women, Can Be Used As Belt, Bag Decoration, Ribbon, Headband Or Headscarf Bandana,Hair Band,Head Band Ideal For Dressing Up Your Look",2.35,3,,True,True
,Not ranked,0,"1pc Adorable Multi-Layer Faux Pearl Choker With Silvery Heart Accent - Perfect Birthday Gift, Trendy Y2K Accessory For Daily Wear And Special Occasions",2.5,,300.0,False,False
,Not ranked,0,1pair Vintage Style Faux Pearl & Blue And White Porcelain Pendant Dangle Earrings Suitable For Women's Daily Wear,1.8,,5300.0,False,False
,Silver Women Pants Chain,8,1pc New Arrival Ellipse & Ring Design Metallic Waist Chain With Vintage & Retro Style Boho,3.7,1,,True,True
,Not ranked,7,"1/5pcs Wooden Round Coaster, 15*15cm Round Wooden Spacer, Wedding Table Center Decoration, Suitable For Wedding Dinner Candle Display, Diy Wood Chip Decoration, Hand-Painted Wood Chip Painting Material, Suitable For Natural Decoration, Candle Holder Or Children's DIY Art Board",4.0,,400.0,True,False
,Bridal Belts,7,"1pc Women's Elegant Vintage Faux Pearl Beaded Waist Chain, Bridal Dance Party Evening Dress Belt",7.8,2,,True,True
,Not ranked,8,"1pc Women's Adjustable Baseball Cap With Letter Embroidery, Fashion Unisex Baseball Cap",3.4,,800.0,True,False
,Not ranked,6,"7pcs Elegant And Fashionable Printed Plaid Wide Headband Set For Girls And Women, Suitable For Outdoor Wear, School Daily Wear, Party, Formal Dressing, Gift For Friends",3.4,,200.0,True,False
,Not ranked,47,Flower Decor Ring,0.96,,500.0,True,False
,Not ranked,6,DAZY Minimalist Solid Belt,2.9,,2900.0,True,False
,Not ranked,6,1pc Black Mesh Bubble Sleeve & 2pcs Elastic Bride Sleeve Covers,4.5,,200.0,True,False
,Not ranked,0,"1pc Brown PU Polyurethane Strap Fashion Round Dial Date Quartz Watch, For Daily Decoration Father",18.0,,400.0,False,False
,Not ranked,7,Street 1pc Metal Y2k Style Wrapped Silver Tinted Fashion Sunglasses Shades Beach Accessories,5.0,,1600.0,True,False
,Not ranked,0,"Random Simple And Versatile Heart, Letter, Leaf, Mermaid Tail, Couple Wine Glass, Family, Bee, Kitten, Milk Tea Cup, Umbrella, Windmill, Castle, Flower, Pumpkin Carriage, Ladybug, Butterfly, Dragonfly, Five Petal Flower, Hot Air Balloon, Puppy Paw Print, Windmill, Petal, U-Shaped, Lotus, Elephant, Starfish, Moon, Astronaut, Star & Moon, Star, Tree Of Life, Snowflake, Dinosaur, Gradient Flower, Rainbow, Luxury Yacht, Lollipop, Gift Box, Sunflower, Bestie Heart, Crown, Leaf, Heart To Heart, Cherry, Rose, Daily Versatile Beaded Diy Bracelet, Necklace, Pendant, Charm Jewelry Accessories",1.4,,1200.0,False,False
,Not ranked,6,Long Rhinestone Headpiece Hat 1920s Fringe Crystal Flying Wave Head Chain Gatsby Belly Dance Ladies Hair Accessories,4.4,,70.0,True,False
,Not ranked,0,500pcs Slogan Graphic Gift Sticker,2.3,,1000.0,False,False
,Not ranked,0,Pool Shape Bag Charm Creative Pool Keychain Bag Accessories Shoulder Bag Crossbody Bag Handle Bag Handbag Party Holiday Gift Birthday Valentine's Day Stylish Fashion Trendy For Teen Girls Women College Students Teacher Bag Present Car Accessaries Women Key Chain Charms Key Lanyard School Supplies Teacher Gifts Back To School Teacher Accessories,1.99,,1400.0,False,False
,Not ranked,0,"1pc Shell Pendant Necklace, Bohemian Beach Jewelry For Summer",1.7,,1200.0,False,False
,Not ranked,0,Men Wide Cuff Ring Antique Silver Copper Fashionable Popular Jewelry Gift Party,1.7,,40.0,False,False
,Not ranked,0,Letter & Heart Decor Hoop Earrings,2.3,,1500.0,False,False
,Not ranked,7,1pc Women Rectangle Frame Leopard Retro Casual Style Fashion Glasses For Outdoor Travel Daily Life UV Protection Accessories,2.7,,100.0,True,False
,Not ranked,0,1pc Slim T-Strap Metal Band Bracelet Compatible With Apple Watch Band 38/40/41/42/44/45/49mm Compatible With Series Ultra/Se/8/7/6/5/4/3/2/1,4.7,,2100.0,False,False
,Not ranked,0,Handmade Gold Color Beads Natural Freshwater Pearl Pendant Necklace Women Vintage Charm Choker Stylish Simple Jewelry Natural Stone Waterp Drop Beaded Boho Pink,5.1,,,False,False
,Silver Women Belts,6,"Boho Bohemian Vintage High-End Fashion Metal Waist Chain For Women, Perfect With Dresses And Shirts",4.9,9,,True,True
,Hair Ties,11,1pc Elegant Wind Solid Color Chiffon Hair Tie Cute,1.7,3,,True,True
,Not ranked,9,"1pc Large Acetate Claw Hair Clip In Red Color For Women, Elegant Hair Accessories For Hairstyling Casual",2.1,,700.0,True,False
,Not ranked,0,Men Round Pointer Quartz Watch Father,13.7,,100.0,False,False
,Not ranked,7,1pc Women's Bohemian Style Waist Belt With Vintage Metallic Chain Decoration Boho,4.0,,4200.0,True,False
,Not ranked,0,"1pc Ins Style Flower Printed Paper Gift Bag With Handle, In Stock, For Candy, Snacks, Clothing",1.9,,1100.0,False,False
,Not ranked,42,Elegant Simple Style Release Buckle Tape Belt For Jeans Pants,1.57,,100.0,True,False
,Not ranked,5,"1pc Pink Head & KT Rhinestone Heart Y2K Cartoon PU Leather Belt, Cool Clothing Accessory Gift",3.6,,900.0,True,False
,Not ranked,9,"1pc Unisex TANNED AND TIPAY Letter Printed Mesh Baseball Cap Sun Protection Fishing Hat Adjustable Hat Circumference, Fashionable And Versatile Dad Cap, Great For Outdoor Sports, Camping And Fishing",3.01,,500.0,True,False
,Not ranked,6,"New Arrival Vintage Palace Style Women's Waist Belt, Personality Double Buckle Elastic Waistband, Perfect Match With Dresses To Show Slim Waist",4.7,,1100.0,True,False
,Not ranked,10,"1pc Women's City Name California Letter Embroidery Washed & Distressed Baseball Cap, Suitable For Spring And Summer Sun Protection And Daily Wear",3.7,,800.0,True,False
,Not ranked,13,1000pcs Colorful Elastic Hair Tie,1.3,,,True,False
,Not ranked,0,"1pc European And American Fashion Hiphop Design Star Shaped Bracelet & Necklace Set, Inlaid With Rhinestones, Street Style Accessory",3.0,,1700.0,False,False
,Not ranked,9,"1pc Ladies' Black Oval Plastic Fashion Non-Prescription Anti-Bluelight Eyeglasses In American Style, Suitable For Daily Office And College Use Clear Glasses Accessories",2.1,,4000.0,True,False
,Not ranked,0,"2024 Summer Boho Circular Beaded Pendant Dangle Earrings For Women, Vintage Jewelry Accessory, Unisex",1.8,,500.0,False,False
,Not ranked,7,Party Rhinestone Decor Belt,7.7,,1800.0,True,False
,Not ranked,12,1pc Large Bow Pearl Keychain Pendant Creative Colorful Ribbon Fabric Knot Accessories Headphone Case Accessories The Best Gift For Girlfriends A Gift For Mothers A Teacher's Day Gift A Birthday Gift A Graduation Gift A Party Gift Cute Stuff Bow Keychain,2.9,,1100.0,True,False
,Not ranked,0,1pc Vintage Bohemian Style Turquoise Multi-Layer Triple Strand Necklace,2.3,,3300.0,False,False
,Not ranked,0,1pc Fashion Watch Design Ring For Women For Gift,1.9,,3200.0,False,False
,Not ranked,6,"Funny Creative Cool Green Turtle Shell, Halloween Birthday Cosplay Photo Prop, LARP Party Supply, Stage Performance Accessory",2.9,,10.0,True,False
,Not ranked,7,Rhinestone Decor Men's Belt Party,10.2,,1400.0,True,False
,Not ranked,23,Plain Silicone Watchband Compatible With Redmi Watch 1/Mi Watch Lite,1.46,,30.0,True,False
,Not ranked,7,"1pc Women's Leopard Print Patterned Scarf, Shawl, Head Wrap, Warm Fashion Accessory For Travel, Party Or Gift For Mother Bandana,Hair Band,Head Band Ideal For Dressing Up Your Look",2.8,,300.0,True,False
,Not ranked,5,"Frameless One-Piece Sunglasses With Star Shape, 2023 New Y2k Style, European And American Sports Eyewear Street Sunglasses Beach Sun Glasses",3.7,,700.0,True,False
,Not ranked,0,Turquoise Decor Necklace,1.9,,2900.0,False,False
,Not ranked,0,"10pcs/Set Exquisite Rose Pink Earrings Including Studs, Ear Cuffs, Stars & Moon Shaped, Suitable For Ladies' Dating, Party, Daily Commuting",3.0,,4100.0,False,False
,Not ranked,0,"Natural Pearl Flower Earrings For Women, Vintage & Antique Style, Unique Design, New Chinese Style Ear Studs With Elegant Quality, 2024 New Arrival",8.9,,400.0,False,False
,Not ranked,10,"Blue And White Porcelain Spiral Hair Ties,Pack Of 5,Elastic Coil Hair Ties For Women Girls,No Crease Telephone Wire Cord Hair Ties For Thick Hair & Thin Hair Casual",1.9,,3300.0,True,False
,Boho Women Pants Chain,20,"1pc New Arrival Oval & Circle Design Metal Waist Chain, Vintage Style Boho",2.96,3,,True,True
,Black Women Cosplay Costumes,23,"Sexy Lingerie Role-Playing Pure Temptation Uniform With Open Crotch And Zipper, Cosplay Tight Suit",10.29,1,,True,True
,Not ranked,8,"1pair Women's Long Drop Shape Earrings In Golden Color. Made Of Polished & Brushed Copper. Ideal For Banquet, Evening Dress Jewelry",2.4,,4200.0,True,False
,Not ranked,10,Minimalist Threader Earrings,1.8,,1000.0,True,False
,Wedding Umbrellas,8,1pc Wedding Party Favor Paper Parasol Wooden Handle Umbrella White Paper Umbrella Bridal Bady Shower Wedding Decor Accessories,2.3,8,,True,True
,Not ranked,6,"4 Pack Skin Tone Natural Breathable Invisible Wig Caps For Cosplay, Prom And Festival, High Quality Mesh Wig Caps For Wig Making, Crochet Wig Caps, Elastic Hair Net, HD Lace Wig Caps For Wig DIY, Unisex Hair Accessories, Suitable For Any Face Shape, Funny Parties, Performance Parties",1.5,,100.0,True,False
,Not ranked,0,"1pc Creative 18k Gold Plated Stainless Steel Multi-Layer Circle Design Single Ring, Suitable For Women's Daily Wear",4.5,,1200.0,False,False
,Fine Dangle Earrings,0,Pearl Silver Drop Earrings Holiday,6.0,8,,False,True
,Boho Women Belts,6,1pc Round Buckle Straw Belt Boho,2.9,10,,True,True
,Not ranked,0,"1pc Unique Design Exaggerated Faux Pearl & Thick Chain Necklace, Hip Hop Style Unisex Fashion Accessory",8.1,,1100.0,False,False
,Not ranked,0,"1pc Stainless Steel Praying Hand Necklace With Cross, Fashionable Men Accessory",1.5,,900.0,False,False
,Boho Women Belts,20,"Boho 1pc Women's Metallic Multi-Color Pu Belt With Bronze Buckle And Leopard Pattern Design, Fashionable And Popular Sports Gift For Girlfriend, Vintage Clothing Accessory, New Style Waistband For Dressing Up, Christmas, Weddings, Parties, And Daily Use",7.68,8,,True,True
,Men Belts & Belts Accessories,8,"1pc Leather Reversible Belts For Men - Double Style, Singular Elegance For Daily Use",11.0,4,,True,True
,Not ranked,23,"Sexy Maid Outfit, Lace Backless Apron Uniform Temptation Role Play Costume For Women, 5pcs Lingerie Set",7.19,,,True,False
,Kawaii Cute Keychains,10,1pc Anime Keychain Kawaii Creative Bow Love Phone Chain INS Sweet Girl Heart Bag Cartoon Decoration Pendant Gift,1.8,10,,True,True
,Not ranked,0,Flower Decor Circle Pendant Necklace,1.8,,700.0,False,False
,Not ranked,0,12 Pcs Silver Color Heart Stud Earring Chunky Metal Hoop Earrings Set For Women,2.5,,1700.0,False,False
,Not ranked,0,"4 Pieces Of Women's Gold Layered Necklace, Summer Bohemian Layered Stacked Pendant Necklace, Country Concert Necklace, Turquoise Coin Girl Long Necklace",2.8,,800.0,False,False
,Not ranked,0,"1pc Vintage Viking Totem Men's Fashionable Rune Symbol Comfort Fit Zinc Alloy Ring, Silver-Color, Gift For Him",1.4,,10.0,False,False
,Not ranked,0,Simple Rhombus Pointer Quartz Watch,2.7,,100.0,False,False
,Not ranked,20,1pc Fashionable Simple Retro Metal Texture Open Bracelet With European And American Style,1.52,,4100.0,True,False
,Not ranked,0,S925 Sterling Silver Necklace 26 Initial Letters A-Z Necklace Plated With 18K Necklace Pure Silver Plated With Platinum For Women Bestie Women Girls Gift,9.1,,600.0,False,False
,Not ranked,39,1pc Punk Style Pu Leather Choker Necklace With Metallic Heart Studs And Buckle For Women's Hip Hop Street Accessories,1.16,,1000.0,True,False
,Not ranked,0,4pcs Cubic Zirconia Detail Ring,5.1,,,False,False
,Not ranked,0,"1 Piece Stylish Minimalist Lavender Plant Decor Women's Ring For Casual, Party, Wedding, Ideal Gift",1.9,,2400.0,False,False
,Not ranked,19,Cubic Zirconia Star Decor Threader Earrings,1.46,,200.0,True,False
,Not ranked,0,Minimalist Threader Earrings,1.8,,1500.0,False,False
,Boho Women Belts & Belts Accessories,20,"Boho 1pc Women's Fashionable Simple Multi-Layer Chain Waist Chain In White, For Everyday Summer Outfits And Casual Outings With Long Skirts",3.92,9,,True,True
,Not ranked,0,"1pc Women Fashionable Minimalist 100cm Green Crystal Pendant Faux Pearl Beaded Long Necklace, Perfect For Summer Beach Fashion And Everyday Accessories",6.8,,200.0,False,False
,Not ranked,6,1pc Y2K Metal Chain Pearl Grab Clip Women's Back Of The Head Hair Clip Clips Clips Large Size Plate Hair Headwear,3.3,,2600.0,True,False
,Not ranked,40,3pcs Men Rhinestone Detail Nose Ring,1.5,,,True,False
,Not ranked,12,"1pc Heart Shaped Mama Wooden Keychain With Ccb Detail And Tassel Decoration, Creative Handbag Accessory, Gift For Mother's Day, Valentine's Day",1.5,,300.0,True,False
,Not ranked,34,"1pc New High-End Colorful Aquamarine Gemstone & Cubic Zirconia Inlaid Luxury Vintage Elegant Women's Watch, Elliptical Dial, 30M Water Resistant, Suitable For Daily Wear And Dressing Up Your Wrist For Parties, Holidays And Other Occasions",7.1,,20.0,True,False
,Not ranked,46,1pc Minimalist Ear Cuff,0.54,,20.0,True,False
,Not ranked,23,1pc Casual Geometric Design Ring Storage Box For Women For Jewelry Organization,1.86,,600.0,True,False
,Not ranked,0,"Fashionable & Colorful Cubic Zirconia Bracelet With Unique Design, Sweet, Fresh And Simple Style With Buckle Clasp",2.6,,1400.0,False,False
,Not ranked,7,"1pc Vintage Chinese Style Round Paper Umbrella, Wedding Decoration, White Parasol, Dance Prop, Party Supplies, Handmade DIY Umbrella Decoration, Art Painted Umbrella",2.5,,500.0,True,False
,Not ranked,0,"1Pc Apple Watch Band Apple Watch Strap Compatible With Apple Watch Band Se/8/7/6/5/4/3/2/1 Series 38mm/40mm/41mm/44mm/45mm, Unisex Soft & Ultra Thin Black Pu Apple Watch Strap With Creative Metal D-Shaped Buckle For Replacement, Gold Color Apple Watch Band",5.1,,2200.0,False,False
,Not ranked,0,Fashionable and Popular Men Structured Ring Stainless Steel for Jewelry Gift and for a Stylish Look,1.9,,50.0,False,False
,Not ranked,0,"Korean Style Floral Faux Pearl Chain Dangle Earrings, Elegant Sweet Girl Ear Accessories",1.4,,7500.0,False,False
,Bridal Headwear,6,"1pc Pearl & Rhinestone Comb Bridal Hair Accessory For Women, Handmade Elegant Boho Tiaras",4.8,4,,True,True
,Not ranked,6,Bow Decor Hair Clip,1.7,,2900.0,True,False
,Not ranked,0,Bead Decor Necklace,2.6,,500.0,False,False
,Not ranked,28,"1PC Unisex Cute Spiderman Keychain Backpack Pendant,Kids Boy Girls Kawaii Keyring,Car Key Bag Decor Pendant,Women Men Gifts",2.02,,2800.0,True,False
,Not ranked,0,"1pc Fashionable Exaggerated Golden Yellow Large Flowers, Suitable For Women To Match Clothing Or Decorative Open Rings For Gifts",1.9,,1700.0,False,False
,Not ranked,0,1pc Beaded Hand Chain Bracelet For Women Girl Ring Bracelet Hand Chain Stainless Steel Jewelry Gifts,2.1,,1100.0,False,False
,Fine Bracelets,0,1pc Luxury S925 Sterling Silver Zirconium Flower Bracelet Star Gold-Plated Bracelets For Women Daily Decoration Gift,8.5,10,,False,True
,Not ranked,0,Fashionable and Popular Men Round Charm Chain Bracelet Alloy for Jewelry Gift and for a Stylish Look,2.0,,,False,False
,Not ranked,0,"1pc Fantasy Novels Brooch Pin Cartoon Badge For Clothes, Bags, Suitable For Men & Women As Daily Wear Jewelry Accessories",2.0,,500.0,False,False
,Not ranked,0,"1pc Plastic Gift Bag, Modern Clear Gift Packaging Bag For Party",1.8,,600.0,False,False
,Not ranked,0,"5PCS Handmade Beaded Gold Bracelet Set, Personalized Fashionable Women Jewelry Gift",2.3,,7900.0,False,False
,Not ranked,0,"1pc Vintage Punk Style 18K Gold-Plated Stainless Steel Water Spin Bead Chain Cross Pendant Necklace, Suitable For Women's Daily Wear And Wedding Gift",5.6,,200.0,False,False
,Boho Women Pants Chain,7,Boho 1pc Women Oval Decor Chain Belt,4.2,9,,True,True
,Not ranked,35,1pc Unique Design Antique Court Style Ring With Natural Turquoise Lapis Lazuli Multi-Pendants And Tassels,3.9,,1500.0,True,False
,Not ranked,45,"1pc Women's Plastic Frame Red Cat Eye Sunglasses, Suitable For Daily Wear Sunglasses Beach Sun Glasses",2.15,,500.0,True,False
,Not ranked,0,3pairs Rhinestone Decor Hoop Earrings,1.7,,300.0,False,False
,Men Rings,0,1pc Fashionable And Personalized European And American Design Black Eight Ball Ring Suitable For Men's Daily Wear,1.5,2,,False,True
,Boho Women Belts,7,1pc Women's Bohemian Style Waist Belt With Vintage Metallic Chain Decoration Boho,4.0,9,,True,True
,Boho Women Sunglasses,6,1pc Ladies' Multicolor Leopard Print Simple Square Metal Hinge Casual Sunglasses Suitable For Daily Wearing Boho Sunglasses Beach Sun Glasses,2.9,5,,True,True
,Boho Women Hair Accessories,13,2pcs Women Artificial Flower Decor Hair Clip Boho,1.57,1,,True,True
,Not ranked,50,"1pair Unisex Metallic Round Fashion Sunglasses, Suitable For Daily Wear, Beach Sun Protection, Outdoor Travel Shades Beach Accessories",1.55,,1100.0,True,False
,Not ranked,7,"Boho 1pc Vintage Y2k Style Circular Hollow Out Waist Belt For Dress, Statement Accessory",9.4,,1000.0,True,False
,Not ranked,11,DAZY Assorted Hair Clips - Set Of 5,1.7,,200.0,True,False
,Not ranked,0,1pc Fashionable Stainless Steel Starfish Charm Necklace For Women For Daily Decoration,1.5,,3200.0,False,False
,Not ranked,0,Summer Pendant Necklace For Women Punk Evil Eye Beade 3D White Thick Rope Chain Choker Necklace Party Jewelry Gift Thick Rope Exaggerated Necklace Plump Heart Elephant Beatles Pendant For Women's 2024 New Jewelry Accessories Collar Pendant Free To Match,3.4,,3500.0,False,False
,Watch Case & Screen Protectors,0,1pc Apple Watch Case Transparent Sport 360 Degree Protection Waterproof And Anti Drop Case Compatible With Apple Watch Case Screen Protector 49mm45mm41mm44mm40mm42mm38mm Tpu Soft Bumper Case Apple Watch Series 9 Ultra 8 7 6 Se 5 4 3 Accessories,1.2,3,,False,True
,Not ranked,0,1pc Men Round Pointer Quartz Watch & 4pcs Bracelet,4.3,,,False,False
,Not ranked,60,1PC Women Leather Belts For Jeans Pants Black/Brown Waist Dress Belts With Gold Buckles Fit Sizes S To M,1.51,,200.0,True,False
,Not ranked,7,1pc Random Pom Pom Charm Keychain,1.4,,10.0,True,False
,Not ranked,6,"Snapback Printed Truck Driver Men's And Women's Hats, Retro Fit, Fun And Innovative Patterns, Suitable For Daily Wear In Spring And Summer",2.9,,700.0,True,False
,Women Bangles,0,4Pcs Gold Bangle Multi-Layer Bracelets For Women Stretchy Link Chain Bracelets Flexible Wide Wristband Bracelets Layered Snake Chain Bracelet For Women Girls,5.8,10,,False,True
,Not ranked,0,1pc 2 In 1 Screen Protection Film & Case & 1pc Watchband Compatible With Apple Watch,2.4,,,False,False
,Not ranked,0,1pc Fashionable Geometric Pendant Necklace For Women For Birthday Gift,2.8,,700.0,False,False
,Not ranked,0,Vintage Silvery Heart Locket Shaped Hollow Pendant Pocket Watch For Women Lovers Mother's Day Christmas Day,3.8,,200.0,False,False
,Bead Style Charms,0,"Charm Bead Pendant, Suitable For Original DI.Y Bracelets, Women's Birthday Engagement Fashion Jewelry Gifts Hot Selling Models",3.2,4,,False,True
,Not ranked,0,"1pc Ribbon Decor Clear Gift Bag, Large Portable Flower Wrapping Bag For Party",2.6,,900.0,False,False
,Boho Women Pants Chain,4,Sexy 1pc Women Faux Pearl Decor Waist Chain,2.3,8,,True,True
,Not ranked,0,INS Exquisite Fashion Natural Stone Quartz Crystal Pendants Chunky Gold Color Chain Men Women Fashion Hip Hop Necklace Street Party Prom Jewelry Cat Opal Evil Beaded Necklaces For Women Glass Pearl,6.4,,,False,False
,Not ranked,0,2pcs Retro Fashion Rainbow Crystal & Glitter Tassel Multi-Layer Belly Chain Waist Chain Women's Casual Beach Vacation Body Jewelry,2.2,,1000.0,False,False
,Women Belts,7,"1pc Women's Gold Round Shape Cutout Metal Waist Chain, Matching Dress Accessory Boho",2.5,9,,True,True
,Not ranked,0,"Uworld 1pc 18k Gold-Plated Stainless Steel Round Eternal Flower Ring With Orange Sunflower, Green, Pink & White Plum Blossom Dried Flowers, Suitable For Women's Daily Wear",2.9,,1000.0,False,False
,Women's Scarves,7,"1pc Women\ New Style Chiffon & Silver Thread Wrinkled Long Scarf, All-Season Hijab Headscarf Suitable For Daily Wear, Travel And Going Out",3.9,4,,True,True
,Customized Fashion Earrings,5,"Customized Personalized Heart Name Bamboo Joint Earrings, Mother's Day, Valentine's Day, Birthday, Anniversary, Graduation, Christmas, Premium Gift For Friends, Classmates, Family",10.2,6,,True,True
,Casual Women Belts,13,"1pc Women's Western Cowgirl Style Vintage Buckle & Embossed Print Belt In Antique Gold Color, For Daily Wear Boho",4.51,9,,True,True
,Not ranked,11,1pc Fashion Plush Fox Tail Keychain Plush Fox Tail Pendant Car Keychain Cute Fox Fur Tassel Pompom Key Chains Charm Bag Keyring Holder Gifts Accessories For Women Men Therian Tail Plush Keychain,4.8,,30.0,True,False
,Wedding & Event,20,Faux Pearl & Bow Decor Bridal Hair Clip,2.56,8,,True,True
,Women Toe Rings,0,3pcs/set Heart Decor Cuff Toe Ring,1.2,3,,False,True
,Not ranked,0,"1pc Silver/Golden Hollow Out Heart Clip Y-Shaped Necklace, Perfect For Parties, Music Festivals, And Valentine's Day",2.0,,2600.0,False,False
,Men Ring Sets,0,6pcs/Set Street Style Multi-Element Skull Design Charm Gothic Men's Rings,2.3,2,,False,True
,Not ranked,0,"1pc Creative Wild Wolf Vintage Bronze Pocket Watch, Fashion Pendant Animal Quartz Clock",4.4,,80.0,False,False
,Not ranked,39,Fashionable Western Style Leather Belt For Men And Women With Rhinestones And Cowboy Blinking Design Party,7.35,,800.0,True,False
,Not ranked,8,Tassel Charm Rope Belt Boho,1.2,,200.0,True,False
,Not ranked,0,"Multi-Layer Pearl Choker With Cross Pendant, Heavy-Duty Design, High-End Style, Versatile Collarbone Necklace",6.9,,300.0,False,False
,Not ranked,0,1pc Western Cowboy Vintage Style Turquoise Enamel Craft Oil Drop Pendant Necklace Unisex,2.5,,1200.0,False,False
,Not ranked,0,Faux Pearl Beaded Choker,1.5,,800.0,False,False
,Not ranked,0,"1pc Popular Women's Fashionable Exquisite Cute Pearl Shell Pendant Necklace For Summer Beach, Wedding, Engagement, Party, Gift",2.0,,100.0,False,False
,Casual Women Sunglasses,8,"Elegant A Pair Of Ladies Metal Frame Vintage Designer Elliptical-Style Sunglasses With Fashion Style And UV400 Protection, Suitable For Year-Round Wear As Accessories, Easy To Match With Any Clothing",3.4,8,,True,True
,Not ranked,0,1 PC 925 Sterling Silver 8x12mm Oval Ring Single Stone Bag With Classic Wedding Ring Women's Ring,17.7,,50.0,False,False
,Not ranked,0,"New Italian Modular Bracelet Set, Entry-Level Glossy Bracelet And Tools (Disassembly/Production), 9mm Modular Bracelet Module, Suitable For Making Various Handmade DIY Jewelry Gifts",1.1,,400.0,False,False
,Not ranked,0,Fashionable and Popular Men Heart Charm Necklace Alloy for Jewelry Gift and for a Stylish Look,1.1,,,False,False
,Not ranked,8,2pcs Medieval Black Costume Accessories Cosplay Belt,6.0,,80.0,True,False
,Not ranked,7,"1pc Color Block Scarf Breathable Scarf For Daily Life For Outdoor Bandana,Hair Band,Head Band Ideal For Dressing Up Your Look",3.9,,30.0,True,False
,Not ranked,8,"1pc Women's Fashionable Faux Gemstone Pendant Necklace, With Anti-Tangling Collarband, Suitable For Dating And Blouse Matching, Gift For Women, (Size Interface Allows Different Color Options)",2.2,,100.0,True,False
,Not ranked,0,Men Cubic Zirconia Decor Necklace,9.0,,,False,False
,Not ranked,8,"1pc Men's American Flag Printed Sport Sunglasses, Ideal For Cycling, Outdoor Sports, Parties, Travel, Driving, Fishing, Photo Props, Gift",4.6,,500.0,True,False
,Not ranked,0,"3pairs European And American Retro Western Style Alloy Texture Cowboy Hat, Horseshoe, Boot, Cactus Stud Earrings For Women, Daily Wear",1.7,,2900.0,False,False
,Not ranked,10,"6pcs Women's Elastic Leopard Print & Solid Color Flat Headband For Washing Face, Sports Casual",1.9,,1700.0,True,False
,Not ranked,20,"1pc Stainless Steel 18K Gold Plated Fashionable Minimalist Hip Hop Style Agate Ring, And Agate Cross Pendant Necklace, Fashion Party Gift",2.64,,2800.0,True,False
,Not ranked,6,1pc Flower Bowknot Long Veil Headband Spring Bride Flower Head Veil Forest Green Headpiece,3.3,,60.0,True,False
,Not ranked,11,CEZIRA Fashionable Transparent Acrylic Clutch For Women Luxury Gradient Color Magnet Closure Metal Long Chain Shoulder Cross Body Handbag Party Prom Vacation Dating Gift,23.9,,200.0,True,False
,Women Long Necklaces,0,"1pc Gold/Silver Color Sexy Y-Shape Body Chain Necklace For Party, Date And Valentine's Day Gift",2.0,3,,False,True
,Party Hats,14,"10PCS/30PCS/1 Set Of Mini Cowboy Hats, Plastic Mini Party Hats, Party Favors, Cowboy Hats, Suitable For Party Accessories, Doll Decorations, Game Cake Decorations, Wine Bottle Decorations, DIY Crafts",1.8,7,,True,True
,Not ranked,6,43pcs Hollow Out Hair Rings & Hair Band Boho,1.7,,4900.0,True,False
,Not ranked,0,"1pc Red Love Titanium Steel Necklace, Female Valentine's Day Gift, Elegant Small Red Heart Collar Chain, Heart Pendant, Female",1.9,,2800.0,False,False
,Not ranked,7,"1pc Unisex Black Vintage Belt With Needle Buckle, Can Be Worn With Jeans Or As A Fashionable And Versatile Accessory",2.8,,1600.0,True,False
,Not ranked,9,"1pc Solid Pleated Satin Scarf Women Bandana Fashion Head Scarf Bandana,Hair Band,Head Band Ideal For Dressing Up Your Look",2.9,,2900.0,True,False
,Not ranked,45,"1pc Ladies Sweet Pink & Beige Floral Mesh Lace Triangle Headscarf Headband, Vintage Rustic Style Hair Accessory For Summer And INS Girls Dress-Up",1.31,,100.0,True,False
,Not ranked,0,"1pc S925 Sterling Silver Simple And Personalized Fashionable Niche Design Ring Suitable For Women, Daily Wear And Valentine\ Day Gift",7.2,,60.0,False,False
,Not ranked,6,"Boho Western Style Buckle Belt For Women, Fashionable All-Match Decorative Leather Belt",3.0,,3100.0,True,False
,Not ranked,0,1pc Vintage Engraved Letter Ring for Women Western Style Jewelry,1.5,,5500.0,False,False
,Not ranked,8,Boho 1pc Women's Western Style Straw Hat Summer Panama Beach Sun Hat Vintage Cowgirl Jazz Cap,10.8,,600.0,True,False
,Not ranked,31,"Luxury European And American Style Beads Shoulder Bag With Inner Lining And Lock Buckle To Prevent Items From Falling Out, Chain Strap, And Large Capacity For Evening Party",13.26,,400.0,True,False
,Not ranked,11,"Cherry Pendant, New Arrival Big Cherry Shaped Crystal Pendant, Keychain Pendant Artificial Crystal Cherry Fashion Keychain Bag Pendant Women'S Bag Jewelry Creative And Exquisite Car Keychain Small Gift",6.5,,10.0,True,False
,Not ranked,9,"1 Piece Women's Shiny Western Straw Cowboy Hat, Foldable Wide-Brimmed Sun Hat For Holiday Party And Beach Vacation Boho, Outdoor Breathable Sun Hat, Hollowed Out Cowboy Hat, Hand-Woven Solid Color Breathable Wide-Brimmed Straw Hat, Suitable For Traveling Outdoor Excursion",3.17,,100.0,True,False
,Customized Watches & Watchbands,0,"Personalized Birthday Flower Customized Name Silicone Strap Suitable For Apple Watch Series 9 8 7 6 5 4 3 2 1 SE Ultra, Suitable For Apple Watch Series 38/40/41mm 42/44/45/49mm, Family Gift, Given To Mom On Mother's Day Exquisite Gift,Beautiful Memory Gifts For Dad On Father's Day",4.5,1,,False,True
,Not ranked,43,1 Piece Velvet Choker 1cm Wide Red Color For Wedding Daily Use,0.69,,1100.0,True,False
,Wedding Jackets & Wraps,7,"Bridal Lace Shawl Head Veil And Mantilla For Wedding, Black Latin-Style Head Veil",3.8,1,,True,True
,Not ranked,0,12pcs Rhinestone Decor Ring,2.8,,4100.0,False,False
,Not ranked,6,1pc Fashionable Metal Square Frame Screw Leg Sunglasses For Outdoor Sun Protection,4.6,,300.0,True,False
,Not ranked,7,"Street 1pc Unisex Stud Embellished Belt For Nightclub, Cool Punk Rock Style Belt For Women And Men With Heavy Metal Buckle",5.7,,300.0,True,False
,Not ranked,6,"1pc Women's Vintage Milady Style Square Belt With Buckle, Suitable For Daily Wear In Autumn And Winter",2.9,,400.0,True,False
,Not ranked,0,Cubic Zirconia Flower Decor Threaded Earrings,2.1,,100.0,False,False
,Not ranked,0,"1pc Round Charm Earrings, Stainless Steel Jewelry",2.7,,30.0,False,False
,Not ranked,6,"1pc Pink Lace Capelet With Bow Knot Women Shawl Cuff Gloves Sleeves For Decorate ,Sun Protection, Dress Up",7.3,,1400.0,True,False
,Bag Accessories,12,"1pc Cherry Pendant, New Arrival Big Cherry Shaped Crystal Pendant, Keychain Pendant,Glitter Cherry Charm Keychain With Clip For Bag, Sparkling Resin & Metal Accessory For Purses And Bags For Women",7.1,7,,True,True
,Not ranked,9,"Boho Silver Metal Waist Chain With Oval Cutout, Vintage Dress Accessories Belly Chain, Women's Body Jewelry",3.37,,6200.0,True,False
,Not ranked,0,"1pc Gold-Color Cubic Zirconia Italian Design Modular Bracelet Component, Detachable And Assemblable, Unisex Fashionable Spring Bracelet Component For Daily Wear",1.6,,300.0,False,False
,Not ranked,20,Street Y2K Boho Sun Decor Chain Belt For Dress,4.64,,600.0,True,False
,Costume Accessories,8,1pc Exaggerated Pyramid Shaped Orange Cosplay Gothic Music Festival Rock Star Concert Cyberpunk Heavy Metal Social Anxiety Protective Face Mask Style Intense Studs Non-mainstream Fashion Decorative Glasses + Eyeglass Cord,8.5,6,,True,True
,Not ranked,0,"3 Rolls Handmade Tassel Chiffon Silk Ribbon Cream Green Set For Wedding Invitation, Bride Bouquet, Gift Wrapping, Diy Craft",4.6,,1100.0,False,False
,Not ranked,8,Stethoscope Charm Keychain,1.2,,,True,False
,Not ranked,0,1 Pc Vintage 18k Gold Plated Stainless Steel Angel Pendant Necklace For Women Men Fashion Couple Jewelry Gift,5.0,,100.0,False,False
,Not ranked,0,13pcs Rhinestone Decor Ring,2.6,,4000.0,False,False
,Not ranked,10,"1pc Women's Western Cowboy Hat With Belt Decoration, Suitable For Daily Wear Boho Cowboy Hat Cowgirl Hat",8.23,,5600.0,True,False
,Women Arm Chain,0,1pc Fashionable Exaggerated Open End Metal Spiral Texture Bracelet For Women,2.2,5,,False,True
,Not ranked,0,Fashionable and Popular Men Feather & Chain Drop Earrings Stainless Steel for Jewelry Gift and for a Stylish Look,2.2,,50.0,False,False
,Not ranked,7,"1pc Unisex Embroidered MOM/DAD Washed Baseball Cap, Outdoor Adjustable Casual Hat",3.9,,20.0,True,False
,Not ranked,7,"1pc Men's Black Buckle Woven Belt, Simple Style, Suitable For Daily Wear With Jeans Casual",2.7,,900.0,True,False
,Not ranked,0,Heart Charm Choker,2.4,,6500.0,False,False
,Not ranked,7,"Western Style Cowboy Hat For Women, Large Brim Outdoor Sun Hat, Hollow Out Handwoven Straw Hat, Men's Mountaineering & Touring Sun Protection Hat, Trendy",7.7,,100.0,True,False
,Not ranked,53,"1pc Fashionable Classic Automatic Buckle Black Belt For Men Casual/Business With Simple Square Design, Gift For Boyfriend/Elder, Suitable For Daily Wear",2.49,,40.0,True,False
,Silver Women Pants Chain,8,1pc Textured Geometric Vintage Chain Belt Boho,3.6,2,,True,True
,Not ranked,0,A Japanese and Korean style fresh sweet heart heart fashion simple women's stainless steel necklace collarbone chain suitable for daily wear,1.6,,300.0,False,False
,Not ranked,6,1pc Bohemian Style Artificial Flower Hair Clip,1.5,,1400.0,True,False
,Not ranked,10,Men Painting Print Tie Stylish Design Tie Ideal Choice For Gifts Casual,2.7,,100.0,True,False
,Women Waist Chains,6,"Boho European And American Fashion Metal Waist Chain With Daisy, Petal & Flower Design For Women's Dresses And Clothing, Belt Chain",2.9,9,,True,True
,Not ranked,0,Men Rhinestone Letter Pendant Chain Necklace,11.0,,,False,False
,Not ranked,6,Cartoon Ruby Ring Enamel Pin Custom Brooch Lapel Backpack Badge Jewelry Gifts Accessories,1.6,,10.0,True,False
,Not ranked,7,"1pc Women's Embroidered Cowboy Hat, Summer Outdoor Mountaineering Sun Hat, Western Cowboy Style Straw Hat, Sunscreen And All-Match Student Hat",11.5,,,True,False
,Not ranked,5,1 Pair Women Square Tortoise Shell Frame Blue Light Blocking Glasses College Style Cute Decorative Plain Glasses Fashion Accessories Clear Glasses Accessories,3.6,,600.0,True,False
,Not ranked,0,Bride Straw Bag Beach Boho Wedding Engagement Bachelorette Hen Party Bach Weekend Bridal Shower Honeymoon Trip Travel Decoration Gift Future Mrs Present,12.4,,,False,False
,Not ranked,7,Anime NANA Manga Osaki Keychain Ai Yazawa Osaki Serizawa Reira Figure Key Chain Ring Jewelry Fans Gifts Bag Pendant Keychains,1.3,,3100.0,True,False
,Not ranked,7,"1pc Floral & Scroll Print Bandana Women Square Scarf Elegant Bandana,Hair Band,Head Band Ideal For Dressing Up Your Look",5.1,,2400.0,True,False
,Not ranked,0,2pcs Men Dental Brace Jewelry,3.9,,,False,False
,Men Waist Accessories,7,Men Thorn Decor Layered Pant Chain,2.8,10,,True,True
,Not ranked,0,"1pc Gold-Plated Stone-Studded Nose Clip Without Piercing For Women, Daily Wear Nose Accessory",1.7,,1200.0,False,False
,Not ranked,7,"1Set Women Full Body Bondage Waist Suspenders With Sexy Pu Leather Leg Harness Garter Belts,Gothic Clothing Accessories",13.5,,100.0,True,False
,Customized Accessories,5,"1pc Custom Photo Keychain, Personalised Engraved Music Code Keychain, Personalised Music Code Keyring, Personalized Music Code Acrylic Keychain, Custom Music In Your Pocket Keychain, Birthday Gift, Anniversary Gift, Valentine's Day Gift, Father's Day Gift, Mother's Day Gift, Gift For Him/Her",1.9,2,,True,True
,Not ranked,7,Black/White Dragon Hat Anime Peripheral Animal Ear Plush Hat Warm & Cute Strap Ear Protection Trendy Hat,11.4,,100.0,True,False
,Not ranked,0,"Plush Ring Box For Wedding Ceremony, 3 Slots Hexagon Jewelry Ring Case Display Holder With Detachable Lid For Proposal Engagement Gift",4.6,,1100.0,False,False
,Not ranked,0,"1pc Women Bohemian Style Blue Turquoise Alloy Strap, Compatible With 38/40/41/42/44/45/49mm, Compatible With Apple Watch Ultra/SE/9/8/7/6/5/4/3/2/1",5.6,,400.0,False,False
,Not ranked,20,"1pc Cute Monkey Ear & Banana Shaped Hair Hoop For Women, Suitable For Daily, Party And Gathering",2.4,,900.0,True,False
,Not ranked,20,"Boho 1pc Ladies' Hollow Out Woven Straw Hat In Beige With Western Cowboy Style Design, Sunscreen, Breathable, And Windproof Rope For Beach Vacation And Daily Wear In Summer",7.2,,3600.0,True,False
,Not ranked,0,"TO MY SON"" Vintage Round Quartz Pocket Watch - Engraved Alloy Case, Electronic Pointer Display, Perfect Gift For Son With Stylish Chain",3.9,,20.0,False,False
,Not ranked,50,"1pc Metal Frame #90s Vintage Style Small Rectangle Sunglasses For Women With Heavy Weight, Fashionable Eyewear Suitable For Vacation Outdoor Sun Protection Use, Four Season Literary Style",1.75,,1000.0,True,False
,Not ranked,6,DAZY Letter Buckle Belt,2.9,,2200.0,True,False
,Not ranked,8,"Vintage Artsy Distressed Texture Printed Brown Belt With Antique Bronze Pressed Flowers Buckle, Versatile",3.3,,1000.0,True,False
,Women Body Chains,20,1pc Fashionable Minimalist Layered Waist Chain For Women For Daily Decoration,1.68,8,,True,True
,Not ranked,0,Kawaii Anime Hello Kittys Creative Bow Love Phone Chain INS Sweet Girl Heart Bag Cartoon Decoration Pendant Holiday Gift,1.6,,200.0,False,False
,Not ranked,6,Royal 1pc Gorgeous Rhinestone Bridal Crown Half Round Wedding Party Prom Crown Tiaras,10.1,,100.0,True,False
,Not ranked,8,1pc Unisex Turquoise Decor Straw Hat Cowboy Hat Hollow Printed Cowgirl Hat Spring Summer Travel Shade Beach Hat Casual Sun Hat,11.1,,200.0,True,False
,Not ranked,0,Solid Stainless Steel 3 In 1 Watchband Compatible With Apple Watch,5.3,,1400.0,False,False
,Not ranked,10,"American Western Retro Metal Bullhead Bolo Tie, Fashionable Western Cowboy Style Unisex Buckle Tie Adjustable Long Necklace Casual",2.7,,400.0,True,False
,Not ranked,12,"European And American Niche Fairy Vintage Braided Woven Conch Pearl HandbagTready Bride Bag, Perfect For Party,Wedding, Prom,Dinner/Banquet, Matching With Wedding Dress, Formal Dresses, Prom Dress, Birthday Dress, Party Dress",28.8,,600.0,True,False
,Not ranked,0,European And American Fashion Western Cowboy Yeehaw Letter Necklace,2.5,,3400.0,False,False
,Not ranked,0,7pcs Rhinestone Decor Ring,2.3,,3700.0,False,False
,Party Glasses,0,"American Flag Costume Cape, Vintage 80's American Glasses And Flag Headband Suitable For Fourth Of July Celebrations Independence Day Decor Supplies 4th Of July Decor Supplies",3.9,3,,False,True
,Not ranked,7,Renaissance Belt Medieval Viking Belt Potion Bottles Faux Leather Belt Pouch Skirt Hikes Mug Holder,18.7,,300.0,True,False
,Not ranked,9,1pc Women Square Buckle Belt & Punch Tool,2.1,,800.0,True,False
,Not ranked,0,"1pc Women Lovely Soft Clay Bohemian Apple Watch Band Apple Watch Strap Band Apple Watch Band Apple Watch Strap Strap Band, Compatible With Apple Watch Band Apple Watch Strap Band Apple Watch Band Apple Watch Strap Strap 38/40/41/42/44/45/49mm, Suitable For Ultra/Se/9/8/7/6/5/4/3/2/1, Smart Watch Accessories Apple Watch Band Apple Watch Strap Band Apple Watch Band Apple Watch Strap Strap Strap",3.7,,1100.0,False,False
,Not ranked,0,Fashionable and Popular Men Eagle Drop Earring Stainless Steel for Vacation and for a Stylish Look,1.0,,,False,False
,Bridal Veils,7,Flower Decor Bridal long Veil,11.3,3,,True,True
,Not ranked,0,Open Locket Heart Pendant Necklace,1.4,,1200.0,False,False
,Not ranked,20,"1pc Fashionable 45cm Fabric & Artificial Crystal Heart Pendant Necklace, Suitable For Women Daily Wear",1.52,,2600.0,True,False
,Not ranked,0,Top Fashion Eye Moon Star Fish Spider Poker Queen Charm Italian Links Fit 9mm Bracelet Making DIY Jewelry,2.1,,400.0,False,False
,Not ranked,5,"1pc Retro Luxury 925 Sterling Silver 14k Gold Plated Black Agate Star Shaped Open Ring, Suitable For Women Daily Wear Fine Jewelry",5.7,,100.0,True,False
,Not ranked,7,Heart Charm Hair Claw,18.5,,,True,False
,Not ranked,7,"Boho 1pc Gemstone Malan Flower Hat With Handmade Hollow Out Design, 9cm Wide Brim Sunshade Cowboy Hat",9.9,,1200.0,True,False
,Not ranked,20,"Uworld 1pc 18k Gold Plated Fashionable Personalized Sun-Shaped Handmade Natural Stone Necklace, Suitable For Women's Daily Wear",2.24,,2100.0,True,False
,Not ranked,6,Women's Cute And Creative Personalized Mouse-Shaped Hair Clip,3.2,,100.0,True,False
,Silver Women Pants Chain,5,1 PC Women Boho Moon Sun Hollow Adjustable Waist Chain Y2K Body Belts,3.5,3,,True,True
,Bridal Veils,20,1pc Ivory Flower Patterned Lace Cathedral Train Bridal Veil,22.72,10,,True,True
,Black Women Belts,20,Boho Western Style Buckle Belt For Women Fashionable All-Match Decorative Belt,2.48,3,,True,True
,Not ranked,0,2pcs Classic Cross Crystal Replaceable Exquisite Silver Color Earrings For Women Men Hiphop Party Jewelry Gifts,1.3,,900.0,False,False
,Not ranked,0,"1pc Unisex Vintage Western Cowboy Style Beer Festival Commemorative Pendant Necklace, Couple's Style",2.7,,400.0,False,False
,Not ranked,0,"10pcs/Set Alloy Vintage Wide Cuff Bangle Set For Women, Golden Shiny Bracelet & Hand Chain",2.7,,1200.0,False,False
,Not ranked,6,Metal Buckle Belt With Punch Tool,3.0,,1000.0,True,False
,Not ranked,0,Summer Boho Bohemian Bear Rainbow Crystal Pave Cubic Zirconia Short Necklace Exquisite Fashion Butterfly Hot Air Balloon Enamel Evil Eye Collar Bijoux Ladies Femme Girls Luckly Statement Minimalist PunkGift Heart Metal Lock Yin Yang Pendant Jewelry,17.1,,100.0,False,False
,Not ranked,8,Minimalist Solid Baseball Cap Casual,3.7,,100.0,True,False
,Women Fedora Hat,9,"1pc Unisex Solid Color Unique Metal 3D Flower Shape Black Leather Belt & Hat Band Decoration Gift Hat For Both Men And Women, Suitable For Western Theme Activities, Parties, Engagement Parties, Role-Playing, Graduations, Costume Parties, Holidays, Weddings, Birthdays, Music Festivals, Etc.",8.72,2,,True,True
,Headwear & Hats,17,"1pc Festival Party Costumed Hat, Felted Conical Hat With Distressed Technic And Chrysanthemum Shaped Embellishment",5.73,3,,True,True
,Not ranked,0,1 PC Kpop Goth Harajuku Aesthetic Bow Heart Pendant Pearl Necklace For Women Egirl Y2k 2000s EMO Vintage Punk Jewelry Accessories,2.2,,1100.0,False,False
,Not ranked,8,1pc Timeless Boho Oval Engraved Waist Chain - A Vintage Metal Belt Decoration & Body Jewelry Accent For Womens Fashion,3.7,,100.0,True,False
,Black Women Belts,7,1 Piece Of Unisex Studded Punk Style Handsome Street Casual Daily Wear Belt,5.2,8,,True,True
,Not ranked,20,"Glamorous, Elegant, Exquisite, Quiet Luxury Sequin, Stylish, Luxury, Shiny Metallic Hollow Out Beaded Single-Shoulder Evening Bag For Party Girl, Woman, Bride Perfect For Party, Wedding, Prom, Dinner/Banquet",15.68,,700.0,True,False
,Not ranked,11,"New Cute Faux Fox Tail Decoration Bag Pendant, Dual-Tone Plush Faux Fur Tail Pendant Suitable For Backpack & Wallet Decor, Creative Gift For Women On Festivals, Activities, Or Dates, Daily Charmful Backpack Accessory",3.2,,10.0,True,False
,Not ranked,0,"2pcs Plain Gift Bag & Box Set, Black Simple Gift Wrapping Box For Party No Fillers",3.4,,200.0,False,False
,Not ranked,0,2pairs Cat Eye Sunglasses Cute For Women's Gift For Summer,4.5,,,False,False
,Not ranked,0,Gothic Gold Silver Mary Sacred Heart Pendant Necklace Alloy Red Enamel Flame Sacred Heart Corazon Catholic Punk Jewelry,4.3,,300.0,False,False
,Not ranked,32,DAZY Plaid Print Letter Patch Decor Fringe Trim Scarf,4.56,,100.0,True,False
,Not ranked,0,"Western Cowboy Style Multi-Element Turquoise Ring, Vintage Retro Style Turquoise Cactus Cowboy Hat Plant Flower Ring Set",2.0,,90.0,False,False
,Not ranked,8,1pc Malan Handmade Woven Hollow Cowboy Hat Straw Hat For Men And Women Summer Sun Protection Hat Western Cowboy Straw Hat Cowgirl Hat Cowboy Hat,8.5,,600.0,True,False
,Costumes & Accessories,38,"1pc Y2K Punk Vibes: Easy To Stick Artificial Rhinestone Stickers, Perfect For Instant Party Makeover - Eye, Nose And Ear Accessories Suitable For Women And Girls",0.87,1,,True,True
,Not ranked,5,"1pc 2.3-Inch Cute Mini Sad Hamster Plush Toy Keychain Decoration, Gift For Partners, Couples And Best Friends",2.0,,10.0,True,False
,Not ranked,0,44mm 1.7inch Pins Broach DIY Buttons Snap-In Craft,1.6,,30.0,False,False
,Not ranked,0,10pcs/Set Women's Alloy Moon Skull Faux Pearl Ruby & Yellow Color Ring Set For Date,2.0,,3700.0,False,False
,Not ranked,20,1pc Women's Coffee Color Pu Leather Belt With Silver Buckle And Stitching Details Boho,2.64,,2000.0,True,False
,Women Belly Ring,0,Non-Piercing Butterfly Fake Belly Piercing Butterfly Clip On Umbilical Navel Fake Piercing Fake Clip,2.2,6,,False,True
,Not ranked,6,"One Size Women's Handmade Braided Sun Hat With Hollow-Out Flower Pattern, Bowknot & Adjustable Chin Strap, Wire-Edged Brim, Perfect For Sunscreen, Outdoor Activities And Fashionable Daily Wear. Boho",1.5,,5100.0,True,False
,Not ranked,7,"Silver/Gold Bohemian Hollow Out Style Waist Chain, Fashionable Adjustable Belt With Inlaid Metallic Plate For Women's Parties Bow",4.0,,50.0,True,False
,Not ranked,7,"A Unisex Multicolor Hand-Woven Straw Hat, Suitable For Summer Vacation, Sun Protection And Daily Wear.",10.0,,600.0,True,False
,Not ranked,7,1pc Unisex Studded Cross & Rhinestone Decor Glamorous Punk Rock Belt For Daily Decoration Party,11.8,,1400.0,True,False
,Not ranked,7,1pc 2 Yard 1.82 Meter Feather Chandelle Boa Colorful Pattern Natural Turkey Fluffy Feather Boa Vibrant Tea Party Carnival Birthday Party Wedding Decoration Photo Booth Costume Prop Dancing Dress Up DIY Craft,4.3,,20.0,True,False
,Not ranked,7,Street Geometric Pattern Square Buckle Belt,6.4,,800.0,True,False
,Not ranked,3,Men's Vintage Style Bronze Color Flip Cover Pocket Watch Quartz Watch (HB),3.0,,,True,False
,Pendants & Charms,0,1pc Japanese Anime Cute Kitty KeyChain Backpack Ornament Mobile Phones Pendant Bag Decoration Gifts For Best Friends,2.2,5,,False,True
,Not ranked,7,1pc Straw Cowboy Hat Women Men Western Cowboy Hats Wide Brim Hollow Breathable Unisex Sun Beach Hat,8.2,,300.0,True,False
,Not ranked,44,Fashionable and Popular Men Stainless Steel Ring for Jewelry Gift and for a Stylish Look,0.96,,1300.0,True,False
,Not ranked,0,"1pc Retro Personalized 18K Gold Plated Stainless Steel Sun, Star & Eye Decorated Bracelet Suitable For Women Daily And Wedding Wear, Gift",4.0,,700.0,False,False
,Not ranked,26,1pc Black Fashion New Style Original Design Double Residual Moon Cross Star Buckle Head Belt With Jeans Skirt Fashion Tie-In Belt Casual,2.75,,500.0,True,False
,Not ranked,6,Boho 1pc Ladies' Western Style Embossed Jeans Belt,3.1,,4100.0,True,False
,Not ranked,7,1pc White Lace Embroidery Flower Decor Bridal Veil For Wedding,4.0,,,True,False
,Not ranked,12,"1pc Bridal Pearl Veil With 3m Long Train And Hair Comb, Elegant European And American Style Wedding Dress Accessories",13.4,,200.0,True,False
,Not ranked,7,1pc Unisex Turquoise Decor Straw Hat Cowboy Hat Hollow Printed Cowgirl Hat Spring Summer Travel Shade Beach Hat Casual Sun Hat,10.3,,100.0,True,False
,Not ranked,10,"Jesus Saves Tshirt, Christian Shirt, Faith Shirt, Jesus Shirts, Bible Verses",27.99,,,True,False
,Not ranked,0,Glitter Decor Flap Chain Square Bag,10.9,,,False,False
,Not ranked,7,"1pc Women's Solid Color Breathable Soft Fringed Long Headscarf Modal Rayon Hijab, Plus Size 190*100cm",5.1,,10.0,True,False
,Not ranked,7,"Boho 1pc Vintage Hollow Out Straw Cowboy Hat With Wide Brim, Anti-UV Sun Protection, Classic Fashionable Travel Beach Holiday Western Hat For Men & Women, Summer Leisure All-Match Sun Hat",9.6,,400.0,True,False
,Not ranked,7,"1pc Elegant Embroidered Abaya Dress With Beautiful Cuffs For Casual Wear Or Gatherings, Summer Collection",22.1,,10.0,True,False
,Not ranked,0,1 Pair Retro Western Style Geometric Turquoise Enamel Craft Unisex Dangle Earrings For Women,2.7,,1400.0,False,False
